platform,model,impl,device,kernel,size,scenario,iter,lat_ns,e2e_ns
P3,opencl,intel-ocl,cpu,gemm,256,iso,0,1190900,1420200
P3,opencl,intel-ocl,cpu,gemm,256,iso,1,1121500,1423300
P3,opencl,intel-ocl,cpu,gemm,256,iso,2,1165800,1257900
P3,opencl,intel-ocl,cpu,gemm,256,iso,3,1162800,1194500
P3,opencl,intel-ocl,cpu,gemm,256,iso,4,1133400,1357100
P3,opencl,intel-ocl,cpu,gemm,256,iso,5,1311400,1257900
P3,opencl,intel-ocl,cpu,gemm,256,iso,6,1170200,1221500
P3,opencl,intel-ocl,cpu,gemm,256,iso,7,1133000,1230100
P3,opencl,intel-ocl,cpu,gemm,256,iso,8,1129700,1203300
P3,opencl,intel-ocl,cpu,gemm,256,iso,9,1372900,1645400
P3,opencl,intel-ocl,cpu,gemm,256,iso,10,1147400,1217300
P3,opencl,intel-ocl,cpu,gemm,256,iso,11,1195600,1240000
P3,opencl,intel-ocl,cpu,gemm,256,iso,12,1145600,1427500
P3,opencl,intel-ocl,cpu,gemm,256,iso,13,1152400,1372700
P3,opencl,intel-ocl,cpu,gemm,256,iso,14,1200900,1204500
P3,opencl,intel-ocl,cpu,gemm,256,iso,15,1140200,1187500
P3,opencl,intel-ocl,cpu,gemm,256,iso,16,1227200,1391700
P3,opencl,intel-ocl,cpu,gemm,256,iso,17,1256800,1334300
P3,opencl,intel-ocl,cpu,gemm,256,iso,18,1222500,1202800
P3,opencl,intel-ocl,cpu,gemm,256,iso,19,1173800,1274700
P3,opencl,intel-ocl,cpu,gemm,256,iso,20,1141300,1379900
P3,opencl,intel-ocl,cpu,gemm,256,iso,21,1218800,1316400
P3,opencl,intel-ocl,cpu,gemm,256,iso,22,1087700,1135100
P3,opencl,intel-ocl,cpu,gemm,256,iso,23,1096600,1139800
P3,opencl,intel-ocl,cpu,gemm,256,iso,24,1081300,1136400
P3,opencl,intel-ocl,cpu,gemm,256,iso,25,1230900,1258000
P3,opencl,intel-ocl,cpu,gemm,256,iso,26,1086600,1134300
P3,opencl,intel-ocl,cpu,gemm,256,iso,27,1079000,1135400
P3,opencl,intel-ocl,cpu,gemm,256,iso,28,1075200,1139000
P3,opencl,intel-ocl,cpu,gemm,256,iso,29,1084000,1303300
P3,opencl,intel-ocl,cpu,gemm,256,iso,30,1196500,1140700
P3,opencl,intel-ocl,cpu,gemm,256,iso,31,1076500,1138600
P3,opencl,intel-ocl,cpu,gemm,256,iso,32,1076000,1129800
P3,opencl,intel-ocl,cpu,gemm,256,iso,33,1080000,1137900
P3,opencl,intel-ocl,cpu,gemm,256,iso,34,1233800,1249100
P3,opencl,intel-ocl,cpu,gemm,256,iso,35,1082300,1135100
P3,opencl,intel-ocl,cpu,gemm,256,iso,36,1081100,1138800
P3,opencl,intel-ocl,cpu,gemm,256,iso,37,1083900,1130200
P3,opencl,intel-ocl,cpu,gemm,256,iso,38,1247000,1257500
P3,opencl,intel-ocl,cpu,gemm,256,iso,39,1078300,1139300
P3,opencl,intel-ocl,cpu,gemm,256,iso,40,1149700,1147000
P3,opencl,intel-ocl,cpu,gemm,256,iso,41,1083900,1139200
P3,opencl,intel-ocl,cpu,gemm,256,iso,42,1082400,1289800
P3,opencl,intel-ocl,cpu,gemm,256,iso,43,1188700,1144100
P3,opencl,intel-ocl,cpu,gemm,256,iso,44,1080500,1135700
P3,opencl,intel-ocl,cpu,gemm,256,iso,45,1078000,1135800
P3,opencl,intel-ocl,cpu,gemm,256,iso,46,1081300,1145200
P3,opencl,intel-ocl,cpu,gemm,256,iso,47,1238800,1263300
P3,opencl,intel-ocl,cpu,gemm,256,iso,48,1088600,1135500
P3,opencl,intel-ocl,cpu,gemm,256,iso,49,1084500,1138500
P3,opencl,intel-ocl,cpu,gemm,256,iso,50,1094200,1198900
P3,opencl,intel-ocl,cpu,gemm,256,iso,51,1224100,1304600
P3,opencl,intel-ocl,cpu,gemm,256,iso,52,1080500,1154400
P3,opencl,intel-ocl,cpu,gemm,256,iso,53,1079500,1132400
P3,opencl,intel-ocl,cpu,gemm,256,iso,54,1079200,1139200
P3,opencl,intel-ocl,cpu,gemm,256,iso,55,1083000,1289100
P3,opencl,intel-ocl,cpu,gemm,256,iso,56,1186900,1145900
P3,opencl,intel-ocl,cpu,gemm,256,iso,57,1074500,1136100
P3,opencl,intel-ocl,cpu,gemm,256,iso,58,1083400,1139300
P3,opencl,intel-ocl,cpu,gemm,256,iso,59,1075100,1128800
P3,opencl,intel-ocl,cpu,gemm,256,iso,60,1225500,1251200
P3,opencl,intel-ocl,cpu,gemm,256,iso,61,1081300,1134200
P3,opencl,intel-ocl,cpu,gemm,256,iso,62,1084300,1137800
P3,opencl,intel-ocl,cpu,gemm,256,iso,63,1088900,1135500
P3,opencl,intel-ocl,cpu,gemm,256,iso,64,1080200,1305100
P3,opencl,intel-ocl,cpu,gemm,256,iso,65,1204200,1152600
P3,opencl,intel-ocl,cpu,gemm,256,iso,66,1078900,1140500
P3,opencl,intel-ocl,cpu,gemm,256,iso,67,1092200,1140500
P3,opencl,intel-ocl,cpu,gemm,256,iso,68,1084500,1289600
P3,opencl,intel-ocl,cpu,gemm,256,iso,69,1083400,1296600
P3,opencl,intel-ocl,cpu,gemm,256,iso,70,1082000,1142300
P3,opencl,intel-ocl,cpu,gemm,256,iso,71,1080400,1141100
P3,opencl,intel-ocl,cpu,gemm,256,iso,72,1078700,1139800
P3,opencl,intel-ocl,cpu,gemm,256,iso,73,1235600,1265500
P3,opencl,intel-ocl,cpu,gemm,256,iso,74,1083500,1138000
P3,opencl,intel-ocl,cpu,gemm,256,iso,75,1076600,1133100
P3,opencl,intel-ocl,cpu,gemm,256,iso,76,1082300,1149400
P3,opencl,intel-ocl,cpu,gemm,256,iso,77,1079800,1299700
P3,opencl,intel-ocl,cpu,gemm,256,iso,78,1192000,1147200
P3,opencl,intel-ocl,cpu,gemm,256,iso,79,1082800,1134500
P3,opencl,intel-ocl,cpu,gemm,256,iso,80,1081500,1133700
P3,opencl,intel-ocl,cpu,gemm,256,iso,81,1082900,1134200
P3,opencl,intel-ocl,cpu,gemm,256,iso,82,1256300,1276400
P3,opencl,intel-ocl,cpu,gemm,256,iso,83,1082200,1140800
P3,opencl,intel-ocl,cpu,gemm,256,iso,84,1076900,1140200
P3,opencl,intel-ocl,cpu,gemm,256,iso,85,1075500,1149900
P3,opencl,intel-ocl,cpu,gemm,256,iso,86,1232400,1187600
P3,opencl,intel-ocl,cpu,gemm,256,iso,87,1199200,1142200
P3,opencl,intel-ocl,cpu,gemm,256,iso,88,1080500,1138100
P3,opencl,intel-ocl,cpu,gemm,256,iso,89,1083500,1141900
P3,opencl,intel-ocl,cpu,gemm,256,iso,90,1077900,1289600
P3,opencl,intel-ocl,cpu,gemm,256,iso,91,1196000,1138900
P3,opencl,intel-ocl,cpu,gemm,256,iso,92,1079400,1134200
P3,opencl,intel-ocl,cpu,gemm,256,iso,93,1080400,1135600
P3,opencl,intel-ocl,cpu,gemm,256,iso,94,1093900,1135200
P3,opencl,intel-ocl,cpu,gemm,256,iso,95,1238500,1262900
P3,opencl,intel-ocl,cpu,gemm,256,iso,96,1087100,1160900
P3,opencl,intel-ocl,cpu,gemm,256,iso,97,1082900,1137400
P3,opencl,intel-ocl,cpu,gemm,256,iso,98,1080300,1143000
P3,opencl,intel-ocl,cpu,gemm,256,iso,99,1086300,1294400
P3,opencl,intel-ocl,cpu,gemm,256,iso,100,1294200,1146100
P3,opencl,intel-ocl,cpu,gemm,256,iso,101,1079400,1138100
P3,opencl,intel-ocl,cpu,gemm,256,iso,102,1083100,1138700
P3,opencl,intel-ocl,cpu,gemm,256,iso,103,1083500,1325600
P3,opencl,intel-ocl,cpu,gemm,256,iso,104,1200600,1163000
P3,opencl,intel-ocl,cpu,gemm,256,iso,105,1077200,1154100
P3,opencl,intel-ocl,cpu,gemm,256,iso,106,1077100,1145200
P3,opencl,intel-ocl,cpu,gemm,256,iso,107,1080000,1140200
P3,opencl,intel-ocl,cpu,gemm,256,iso,108,1234900,1265300
P3,opencl,intel-ocl,cpu,gemm,256,iso,109,1088000,1137900
P3,opencl,intel-ocl,cpu,gemm,256,iso,110,1080100,1139700
P3,opencl,intel-ocl,cpu,gemm,256,iso,111,1078000,1151300
P3,opencl,intel-ocl,cpu,gemm,256,iso,112,1084300,1305800
P3,opencl,intel-ocl,cpu,gemm,256,iso,113,1196000,1145800
P3,opencl,intel-ocl,cpu,gemm,256,iso,114,1078200,1136100
P3,opencl,intel-ocl,cpu,gemm,256,iso,115,1081100,1139300
P3,opencl,intel-ocl,cpu,gemm,256,iso,116,1084000,1334800
P3,opencl,intel-ocl,cpu,gemm,256,iso,117,1093800,1249500
P3,opencl,intel-ocl,cpu,gemm,256,iso,118,1078600,1137300
P3,opencl,intel-ocl,cpu,gemm,256,iso,119,1077100,1135300
P3,opencl,intel-ocl,cpu,gemm,256,iso,120,1088200,1141100
P3,opencl,intel-ocl,cpu,gemm,256,iso,121,1230400,1301700
P3,opencl,intel-ocl,cpu,gemm,256,iso,122,1080000,1140000
P3,opencl,intel-ocl,cpu,gemm,256,iso,123,1081600,1142700
P3,opencl,intel-ocl,cpu,gemm,256,iso,124,1083400,1142600
P3,opencl,intel-ocl,cpu,gemm,256,iso,125,1085400,1292700
P3,opencl,intel-ocl,cpu,gemm,256,iso,126,1214900,1138700
P3,opencl,intel-ocl,cpu,gemm,256,iso,127,1087000,1134700
P3,opencl,intel-ocl,cpu,gemm,256,iso,128,1092700,1152100
P3,opencl,intel-ocl,cpu,gemm,256,iso,129,1079600,1149800
P3,opencl,intel-ocl,cpu,gemm,256,iso,130,1253800,1287500
P3,opencl,intel-ocl,cpu,gemm,256,iso,131,1079000,1139100
P3,opencl,intel-ocl,cpu,gemm,256,iso,132,1087400,1135900
P3,opencl,intel-ocl,cpu,gemm,256,iso,133,1084600,1141700
P3,opencl,intel-ocl,cpu,gemm,256,iso,134,1230600,1146800
P3,opencl,intel-ocl,cpu,gemm,256,iso,135,1199200,1145600
P3,opencl,intel-ocl,cpu,gemm,256,iso,136,1074100,1136900
P3,opencl,intel-ocl,cpu,gemm,256,iso,137,1087300,1137800
P3,opencl,intel-ocl,cpu,gemm,256,iso,138,1084200,1295800
P3,opencl,intel-ocl,cpu,gemm,256,iso,139,1198900,1143200
P3,opencl,intel-ocl,cpu,gemm,256,iso,140,1080400,1152100
P3,opencl,intel-ocl,cpu,gemm,256,iso,141,1082900,1147800
P3,opencl,intel-ocl,cpu,gemm,256,iso,142,1077300,1145100
P3,opencl,intel-ocl,cpu,gemm,256,iso,143,1245500,1265100
P3,opencl,intel-ocl,cpu,gemm,256,iso,144,1083500,1136600
P3,opencl,intel-ocl,cpu,gemm,256,iso,145,1080400,1134000
P3,opencl,intel-ocl,cpu,gemm,256,iso,146,1080600,1142900
P3,opencl,intel-ocl,cpu,gemm,256,iso,147,1077800,1295200
P3,opencl,intel-ocl,cpu,gemm,256,iso,148,1207800,1147800
P3,opencl,intel-ocl,cpu,gemm,256,iso,149,1080400,1132900
P3,opencl,intel-ocl,cpu,gemm,256,iso,150,1082800,1137900
P3,opencl,intel-ocl,cpu,gemm,256,iso,151,1082400,1297000
P3,opencl,intel-ocl,cpu,gemm,256,iso,152,1079600,1278500
P3,opencl,intel-ocl,cpu,gemm,256,iso,153,1079400,1140600
P3,opencl,intel-ocl,cpu,gemm,256,iso,154,1077200,1135400
P3,opencl,intel-ocl,cpu,gemm,256,iso,155,1080000,1161800
P3,opencl,intel-ocl,cpu,gemm,256,iso,156,1233000,1321300
P3,opencl,intel-ocl,cpu,gemm,256,iso,157,1084700,1135700
P3,opencl,intel-ocl,cpu,gemm,256,iso,158,1079400,1145000
P3,opencl,intel-ocl,cpu,gemm,256,iso,159,1083500,1136800
P3,opencl,intel-ocl,cpu,gemm,256,iso,160,1081900,1302700
P3,opencl,intel-ocl,cpu,gemm,256,iso,161,1188000,1151500
P3,opencl,intel-ocl,cpu,gemm,256,iso,162,1078100,1133700
P3,opencl,intel-ocl,cpu,gemm,256,iso,163,1085500,1138200
P3,opencl,intel-ocl,cpu,gemm,256,iso,164,1080500,1138200
P3,opencl,intel-ocl,cpu,gemm,256,iso,165,1225900,1256500
P3,opencl,intel-ocl,cpu,gemm,256,iso,166,1080800,1137600
P3,opencl,intel-ocl,cpu,gemm,256,iso,167,1079900,1140600
P3,opencl,intel-ocl,cpu,gemm,256,iso,168,1082700,1137300
P3,opencl,intel-ocl,cpu,gemm,256,iso,169,1228900,1256200
P3,opencl,intel-ocl,cpu,gemm,256,iso,170,1117000,1155000
P3,opencl,intel-ocl,cpu,gemm,256,iso,171,1083300,1140100
P3,opencl,intel-ocl,cpu,gemm,256,iso,172,1084600,1138700
P3,opencl,intel-ocl,cpu,gemm,256,iso,173,1082300,1292400
P3,opencl,intel-ocl,cpu,gemm,256,iso,174,1186200,1149500
P3,opencl,intel-ocl,cpu,gemm,256,iso,175,1122100,1202000
P3,opencl,intel-ocl,cpu,gemm,256,iso,176,1087700,1141700
P3,opencl,intel-ocl,cpu,gemm,256,iso,177,1082100,1142800
P3,opencl,intel-ocl,cpu,gemm,256,iso,178,1231800,1265300
P3,opencl,intel-ocl,cpu,gemm,256,iso,179,1081500,1136900
P3,opencl,intel-ocl,cpu,gemm,256,iso,180,1078600,1140000
P3,opencl,intel-ocl,cpu,gemm,256,iso,181,1086900,1147100
P3,opencl,intel-ocl,cpu,gemm,256,iso,182,1231800,1253100
P3,opencl,intel-ocl,cpu,gemm,256,iso,183,1083900,1137000
P3,opencl,intel-ocl,cpu,gemm,256,iso,184,1077500,1138600
P3,opencl,intel-ocl,cpu,gemm,256,iso,185,1095100,1131600
P3,opencl,intel-ocl,cpu,gemm,256,iso,186,1079500,1292600
P3,opencl,intel-ocl,cpu,gemm,256,iso,187,1193700,1153200
P3,opencl,intel-ocl,cpu,gemm,256,iso,188,1086800,1139500
P3,opencl,intel-ocl,cpu,gemm,256,iso,189,1085700,1135100
P3,opencl,intel-ocl,cpu,gemm,256,iso,190,1083000,1143300
P3,opencl,intel-ocl,cpu,gemm,256,iso,191,1223200,1285200
P3,opencl,intel-ocl,cpu,gemm,256,iso,192,1082800,1138400
P3,opencl,intel-ocl,cpu,gemm,256,iso,193,1081900,1135900
P3,opencl,intel-ocl,cpu,gemm,256,iso,194,1078400,1140700
P3,opencl,intel-ocl,cpu,gemm,256,iso,195,1082300,1295600
P3,opencl,intel-ocl,cpu,gemm,256,iso,196,1193500,1147700
P3,opencl,intel-ocl,cpu,gemm,256,iso,197,1078400,1132700
P3,opencl,intel-ocl,cpu,gemm,256,iso,198,1084000,1139000
P3,opencl,intel-ocl,cpu,gemm,256,iso,199,1077600,1300100
P3,opencl,intel-ocl,cpu,gemm,256,iso,200,1088800,1256400
P3,opencl,intel-ocl,cpu,gemm,256,iso,201,1082100,1140100
P3,opencl,intel-ocl,cpu,gemm,256,iso,202,1077100,1136300
P3,opencl,intel-ocl,cpu,gemm,256,iso,203,1083000,1139800
P3,opencl,intel-ocl,cpu,gemm,256,iso,204,1231000,1252300
P3,opencl,intel-ocl,cpu,gemm,256,iso,205,1093300,1138200
P3,opencl,intel-ocl,cpu,gemm,256,iso,206,1079500,1135400
P3,opencl,intel-ocl,cpu,gemm,256,iso,207,1080000,1136200
P3,opencl,intel-ocl,cpu,gemm,256,iso,208,1085000,1290600
P3,opencl,intel-ocl,cpu,gemm,256,iso,209,1186700,1141100
P3,opencl,intel-ocl,cpu,gemm,256,iso,210,1080400,1136900
P3,opencl,intel-ocl,cpu,gemm,256,iso,211,1090600,1140200
P3,opencl,intel-ocl,cpu,gemm,256,iso,212,1078000,1138700
P3,opencl,intel-ocl,cpu,gemm,256,iso,213,1241300,1146700
P3,opencl,intel-ocl,cpu,gemm,256,iso,214,1179300,1164500
P3,opencl,intel-ocl,cpu,gemm,256,iso,215,1099600,1136200
P3,opencl,intel-ocl,cpu,gemm,256,iso,216,1097600,1139500
P3,opencl,intel-ocl,cpu,gemm,256,iso,217,1081200,1284100
P3,opencl,intel-ocl,cpu,gemm,256,iso,218,1192300,1157900
P3,opencl,intel-ocl,cpu,gemm,256,iso,219,1079800,1132700
P3,opencl,intel-ocl,cpu,gemm,256,iso,220,1085200,1144100
P3,opencl,intel-ocl,cpu,gemm,256,iso,221,1086500,1290100
P3,opencl,intel-ocl,cpu,gemm,256,iso,222,1081400,1241100
P3,opencl,intel-ocl,cpu,gemm,256,iso,223,1084600,1136100
P3,opencl,intel-ocl,cpu,gemm,256,iso,224,1080100,1136700
P3,opencl,intel-ocl,cpu,gemm,256,iso,225,1078700,1144900
P3,opencl,intel-ocl,cpu,gemm,256,iso,226,1227800,1306700
P3,opencl,intel-ocl,cpu,gemm,256,iso,227,1080200,1141300
P3,opencl,intel-ocl,cpu,gemm,256,iso,228,1082500,1144300
P3,opencl,intel-ocl,cpu,gemm,256,iso,229,1097200,1142000
P3,opencl,intel-ocl,cpu,gemm,256,iso,230,1163600,1305400
P3,opencl,intel-ocl,cpu,gemm,256,iso,231,1191600,1146900
P3,opencl,intel-ocl,cpu,gemm,256,iso,232,1077700,1137200
P3,opencl,intel-ocl,cpu,gemm,256,iso,233,1078200,1139600
P3,opencl,intel-ocl,cpu,gemm,256,iso,234,1085900,1286900
P3,opencl,intel-ocl,cpu,gemm,256,iso,235,1083800,1259700
P3,opencl,intel-ocl,cpu,gemm,256,iso,236,1091300,1136100
P3,opencl,intel-ocl,cpu,gemm,256,iso,237,1080300,1137600
P3,opencl,intel-ocl,cpu,gemm,256,iso,238,1081400,1145000
P3,opencl,intel-ocl,cpu,gemm,256,iso,239,1233600,1278100
P3,opencl,intel-ocl,cpu,gemm,256,iso,240,1090700,1138500
P3,opencl,intel-ocl,cpu,gemm,256,iso,241,1081100,1138500
P3,opencl,intel-ocl,cpu,gemm,256,iso,242,1082200,1144400
P3,opencl,intel-ocl,cpu,gemm,256,iso,243,1081600,1322300
P3,opencl,intel-ocl,cpu,gemm,256,iso,244,1194300,1150300
P3,opencl,intel-ocl,cpu,gemm,256,iso,245,1074500,1141500
P3,opencl,intel-ocl,cpu,gemm,256,iso,246,1083600,1135500
P3,opencl,intel-ocl,cpu,gemm,256,iso,247,1083700,1133300
P3,opencl,intel-ocl,cpu,gemm,256,iso,248,1233200,1272800
P3,opencl,intel-ocl,cpu,gemm,256,iso,249,1080500,1140700
P3,opencl,intel-ocl,cpu,gemm,256,iso,250,1081500,1135900
P3,opencl,intel-ocl,cpu,gemm,256,iso,251,1075200,1138900
P3,opencl,intel-ocl,cpu,gemm,256,iso,252,1231800,1141300
P3,opencl,intel-ocl,cpu,gemm,256,iso,253,1196600,1145800
P3,opencl,intel-ocl,cpu,gemm,256,iso,254,1075600,1143700
P3,opencl,intel-ocl,cpu,gemm,256,iso,255,1085300,1139800
P3,opencl,intel-ocl,cpu,gemm,256,iso,256,1081600,1294700
P3,opencl,intel-ocl,cpu,gemm,256,iso,257,1218200,1146300
P3,opencl,intel-ocl,cpu,gemm,256,iso,258,1156400,1158200
P3,opencl,intel-ocl,cpu,gemm,256,iso,259,1075000,1143400
P3,opencl,intel-ocl,cpu,gemm,256,iso,260,1079300,1135100
P3,opencl,intel-ocl,cpu,gemm,256,iso,261,1266400,1260500
P3,opencl,intel-ocl,cpu,gemm,256,iso,262,1084200,1132900
P3,opencl,intel-ocl,cpu,gemm,256,iso,263,1081200,1135700
P3,opencl,intel-ocl,cpu,gemm,256,iso,264,1080800,1140400
P3,opencl,intel-ocl,cpu,gemm,256,iso,265,1081900,1310900
P3,opencl,intel-ocl,cpu,gemm,256,iso,266,1184900,1149000
P3,opencl,intel-ocl,cpu,gemm,256,iso,267,1079200,1134000
P3,opencl,intel-ocl,cpu,gemm,256,iso,268,1079500,1142500
P3,opencl,intel-ocl,cpu,gemm,256,iso,269,1085200,1290700
P3,opencl,intel-ocl,cpu,gemm,256,iso,270,1213900,1145300
P3,opencl,intel-ocl,cpu,gemm,256,iso,271,1075100,1142000
P3,opencl,intel-ocl,cpu,gemm,256,iso,272,1081000,1139700
P3,opencl,intel-ocl,cpu,gemm,256,iso,273,1097500,1135100
P3,opencl,intel-ocl,cpu,gemm,256,iso,274,1239200,1258600
P3,opencl,intel-ocl,cpu,gemm,256,iso,275,1080200,1140400
P3,opencl,intel-ocl,cpu,gemm,256,iso,276,1079300,1139600
P3,opencl,intel-ocl,cpu,gemm,256,iso,277,1091400,1152600
P3,opencl,intel-ocl,cpu,gemm,256,iso,278,1088400,1321100
P3,opencl,intel-ocl,cpu,gemm,256,iso,279,1203100,1164700
P3,opencl,intel-ocl,cpu,gemm,256,iso,280,1078600,1149800
P3,opencl,intel-ocl,cpu,gemm,256,iso,281,1078900,1175500
P3,opencl,intel-ocl,cpu,gemm,256,iso,282,1076100,1325400
P3,opencl,intel-ocl,cpu,gemm,256,iso,283,1081900,1287900
P3,opencl,intel-ocl,cpu,gemm,256,iso,284,1085900,1140900
P3,opencl,intel-ocl,cpu,gemm,256,iso,285,1085700,1151600
P3,opencl,intel-ocl,cpu,gemm,256,iso,286,1107200,1140800
P3,opencl,intel-ocl,cpu,gemm,256,iso,287,1234500,1297600
P3,opencl,intel-ocl,cpu,gemm,256,iso,288,1077500,1145100
P3,opencl,intel-ocl,cpu,gemm,256,iso,289,1082000,1141700
P3,opencl,intel-ocl,cpu,gemm,256,iso,290,1080800,1140300
P3,opencl,intel-ocl,cpu,gemm,256,iso,291,1080200,1312700
P3,opencl,intel-ocl,cpu,gemm,256,iso,292,1204300,1155700
P3,opencl,intel-ocl,cpu,gemm,256,iso,293,1077800,1146700
P3,opencl,intel-ocl,cpu,gemm,256,iso,294,1080900,1142800
P3,opencl,intel-ocl,cpu,gemm,256,iso,295,1145800,1293400
P3,opencl,intel-ocl,cpu,gemm,256,iso,296,1127200,1263500
P3,opencl,intel-ocl,cpu,gemm,256,iso,297,1081300,1140800
P3,opencl,intel-ocl,cpu,gemm,256,iso,298,1083200,1143700
P3,opencl,intel-ocl,cpu,gemm,256,iso,299,1083800,1137200
P3,opencl,intel-ocl,cpu,gemm,256,iso,300,1239600,1272900
P3,opencl,intel-ocl,cpu,gemm,256,iso,301,1089000,1147500
P3,opencl,intel-ocl,cpu,gemm,256,iso,302,1099800,1153000
P3,opencl,intel-ocl,cpu,gemm,256,iso,303,1083600,1140900
P3,opencl,intel-ocl,cpu,gemm,256,iso,304,1079800,1341300
P3,opencl,intel-ocl,cpu,gemm,256,iso,305,1211700,1161400
P3,opencl,intel-ocl,cpu,gemm,256,iso,306,1092600,1160000
P3,opencl,intel-ocl,cpu,gemm,256,iso,307,1077300,1147400
P3,opencl,intel-ocl,cpu,gemm,256,iso,308,1084200,1141900
P3,opencl,intel-ocl,cpu,gemm,256,iso,309,1245600,1293600
P3,opencl,intel-ocl,cpu,gemm,256,iso,310,1084800,1140900
P3,opencl,intel-ocl,cpu,gemm,256,iso,311,1076200,1151600
P3,opencl,intel-ocl,cpu,gemm,256,iso,312,1093200,1145800
P3,opencl,intel-ocl,cpu,gemm,256,iso,313,1236000,1147800
P3,opencl,intel-ocl,cpu,gemm,256,iso,314,1216100,1147700
P3,opencl,intel-ocl,cpu,gemm,256,iso,315,1083100,1143900
P3,opencl,intel-ocl,cpu,gemm,256,iso,316,1083400,1159400
P3,opencl,intel-ocl,cpu,gemm,256,iso,317,1084600,1332500
P3,opencl,intel-ocl,cpu,gemm,256,iso,318,1079400,1151300
P3,opencl,intel-ocl,cpu,gemm,256,iso,319,1242300,1151900
P3,opencl,intel-ocl,cpu,gemm,256,iso,320,1078000,1142300
P3,opencl,intel-ocl,cpu,gemm,256,iso,321,1084000,1143900
P3,opencl,intel-ocl,cpu,gemm,256,iso,322,1236200,1265300
P3,opencl,intel-ocl,cpu,gemm,256,iso,323,1081100,1148600
P3,opencl,intel-ocl,cpu,gemm,256,iso,324,1075900,1145100
P3,opencl,intel-ocl,cpu,gemm,256,iso,325,1087900,1140200
P3,opencl,intel-ocl,cpu,gemm,256,iso,326,1235500,1142900
P3,opencl,intel-ocl,cpu,gemm,256,iso,327,1195800,1145000
P3,opencl,intel-ocl,cpu,gemm,256,iso,328,1083600,1138500
P3,opencl,intel-ocl,cpu,gemm,256,iso,329,1086600,1136500
P3,opencl,intel-ocl,cpu,gemm,256,iso,330,1078900,1307100
P3,opencl,intel-ocl,cpu,gemm,256,iso,331,1264400,1147000
P3,opencl,intel-ocl,cpu,gemm,256,iso,332,1081900,1134700
P3,opencl,intel-ocl,cpu,gemm,256,iso,333,1085200,1142800
P3,opencl,intel-ocl,cpu,gemm,256,iso,334,1081800,1159600
P3,opencl,intel-ocl,cpu,gemm,256,iso,335,1246900,1287400
P3,opencl,intel-ocl,cpu,gemm,256,iso,336,1089200,1146000
P3,opencl,intel-ocl,cpu,gemm,256,iso,337,1090000,1150600
P3,opencl,intel-ocl,cpu,gemm,256,iso,338,1085900,1138100
P3,opencl,intel-ocl,cpu,gemm,256,iso,339,1244100,1149900
P3,opencl,intel-ocl,cpu,gemm,256,iso,340,1198900,1142800
P3,opencl,intel-ocl,cpu,gemm,256,iso,341,1078300,1140300
P3,opencl,intel-ocl,cpu,gemm,256,iso,342,1083300,1145200
P3,opencl,intel-ocl,cpu,gemm,256,iso,343,1085200,1327100
P3,opencl,intel-ocl,cpu,gemm,256,iso,344,1208000,1163300
P3,opencl,intel-ocl,cpu,gemm,256,iso,345,1091200,1152200
P3,opencl,intel-ocl,cpu,gemm,256,iso,346,1088200,1136200
P3,opencl,intel-ocl,cpu,gemm,256,iso,347,1081000,1147400
P3,opencl,intel-ocl,cpu,gemm,256,iso,348,1238100,1267200
P3,opencl,intel-ocl,cpu,gemm,256,iso,349,1086400,1133300
P3,opencl,intel-ocl,cpu,gemm,256,iso,350,1081500,1139500
P3,opencl,intel-ocl,cpu,gemm,256,iso,351,1084200,1129400
P3,opencl,intel-ocl,cpu,gemm,256,iso,352,1087400,1301800
P3,opencl,intel-ocl,cpu,gemm,256,iso,353,1201900,1146700
P3,opencl,intel-ocl,cpu,gemm,256,iso,354,1077600,1151000
P3,opencl,intel-ocl,cpu,gemm,256,iso,355,1082700,1142900
P3,opencl,intel-ocl,cpu,gemm,256,iso,356,1086800,1292000
P3,opencl,intel-ocl,cpu,gemm,256,iso,357,1203800,1154200
P3,opencl,intel-ocl,cpu,gemm,256,iso,358,1076800,1137700
P3,opencl,intel-ocl,cpu,gemm,256,iso,359,1076900,1140900
P3,opencl,intel-ocl,cpu,gemm,256,iso,360,1080900,1160800
P3,opencl,intel-ocl,cpu,gemm,256,iso,361,1229000,1265100
P3,opencl,intel-ocl,cpu,gemm,256,iso,362,1095500,1137100
P3,opencl,intel-ocl,cpu,gemm,256,iso,363,1086200,1141100
P3,opencl,intel-ocl,cpu,gemm,256,iso,364,1084900,1139900
P3,opencl,intel-ocl,cpu,gemm,256,iso,365,1086100,1347200
P3,opencl,intel-ocl,cpu,gemm,256,iso,366,1197700,1143200
P3,opencl,intel-ocl,cpu,gemm,256,iso,367,1078500,1141900
P3,opencl,intel-ocl,cpu,gemm,256,iso,368,1085700,1139300
P3,opencl,intel-ocl,cpu,gemm,256,iso,369,1087300,1291700
P3,opencl,intel-ocl,cpu,gemm,256,iso,370,1087300,1254900
P3,opencl,intel-ocl,cpu,gemm,256,iso,371,1080000,1136400
P3,opencl,intel-ocl,cpu,gemm,256,iso,372,1075600,1143500
P3,opencl,intel-ocl,cpu,gemm,256,iso,373,1085900,1139200
P3,opencl,intel-ocl,cpu,gemm,256,iso,374,1233400,1250900
P3,opencl,intel-ocl,cpu,gemm,256,iso,375,1106200,1139000
P3,opencl,intel-ocl,cpu,gemm,256,iso,376,1084100,1139100
P3,opencl,intel-ocl,cpu,gemm,256,iso,377,1082700,1147000
P3,opencl,intel-ocl,cpu,gemm,256,iso,378,1080400,1294900
P3,opencl,intel-ocl,cpu,gemm,256,iso,379,1218600,1136300
P3,opencl,intel-ocl,cpu,gemm,256,iso,380,1084400,1145300
P3,opencl,intel-ocl,cpu,gemm,256,iso,381,1086800,1138800
P3,opencl,intel-ocl,cpu,gemm,256,iso,382,1085100,1142000
P3,opencl,intel-ocl,cpu,gemm,256,iso,383,1230300,1265100
P3,opencl,intel-ocl,cpu,gemm,256,iso,384,1083600,1140300
P3,opencl,intel-ocl,cpu,gemm,256,iso,385,1085800,1135100
P3,opencl,intel-ocl,cpu,gemm,256,iso,386,1090800,1141200
P3,opencl,intel-ocl,cpu,gemm,256,iso,387,1229400,1255700
P3,opencl,intel-ocl,cpu,gemm,256,iso,388,1089100,1138800
P3,opencl,intel-ocl,cpu,gemm,256,iso,389,1083200,1137000
P3,opencl,intel-ocl,cpu,gemm,256,iso,390,1106100,1149500
P3,opencl,intel-ocl,cpu,gemm,256,iso,391,1083600,1293400
P3,opencl,intel-ocl,cpu,gemm,256,iso,392,1187600,1147700
P3,opencl,intel-ocl,cpu,gemm,256,iso,393,1077000,1141100
P3,opencl,intel-ocl,cpu,gemm,256,iso,394,1081100,1140200
P3,opencl,intel-ocl,cpu,gemm,256,iso,395,1082600,1140200
P3,opencl,intel-ocl,cpu,gemm,256,iso,396,1231100,1252900
P3,opencl,intel-ocl,cpu,gemm,256,iso,397,1090600,1162300
P3,opencl,intel-ocl,cpu,gemm,256,iso,398,1081700,1139200
P3,opencl,intel-ocl,cpu,gemm,256,iso,399,1080100,1142900
P3,opencl,intel-ocl,cpu,gemm,256,iso,400,1085800,1344900
P3,opencl,intel-ocl,cpu,gemm,256,iso,401,1182400,1142200
P3,opencl,intel-ocl,cpu,gemm,256,iso,402,1083100,1143000
P3,opencl,intel-ocl,cpu,gemm,256,iso,403,1083200,1146900
P3,opencl,intel-ocl,cpu,gemm,256,iso,404,1081300,1740600
P3,opencl,intel-ocl,cpu,gemm,256,iso,405,1213600,1164100
P3,opencl,intel-ocl,cpu,gemm,256,iso,406,1095000,1134400
P3,opencl,intel-ocl,cpu,gemm,256,iso,407,1082900,1139700
P3,opencl,intel-ocl,cpu,gemm,256,iso,408,1085600,1203500
P3,opencl,intel-ocl,cpu,gemm,256,iso,409,1107700,1255600
P3,opencl,intel-ocl,cpu,gemm,256,iso,410,1085100,1132500
P3,opencl,intel-ocl,cpu,gemm,256,iso,411,1081800,1139000
P3,opencl,intel-ocl,cpu,gemm,256,iso,412,1080800,1140200
P3,opencl,intel-ocl,cpu,gemm,256,iso,413,1086100,1156100
P3,opencl,intel-ocl,cpu,gemm,256,iso,414,1179700,1148400
P3,opencl,intel-ocl,cpu,gemm,256,iso,415,1079600,1139100
P3,opencl,intel-ocl,cpu,gemm,256,iso,416,1084000,1145800
P3,opencl,intel-ocl,cpu,gemm,256,iso,417,1082900,1290100
P3,opencl,intel-ocl,cpu,gemm,256,iso,418,1193400,1152700
P3,opencl,intel-ocl,cpu,gemm,256,iso,419,1097900,1131000
P3,opencl,intel-ocl,cpu,gemm,256,iso,420,1081200,1141100
P3,opencl,intel-ocl,cpu,gemm,256,iso,421,1080800,1147900
P3,opencl,intel-ocl,cpu,gemm,256,iso,422,1231300,1259800
P3,opencl,intel-ocl,cpu,gemm,256,iso,423,1085900,1140300
P3,opencl,intel-ocl,cpu,gemm,256,iso,424,1080100,1143100
P3,opencl,intel-ocl,cpu,gemm,256,iso,425,1086400,1141300
P3,opencl,intel-ocl,cpu,gemm,256,iso,426,1083900,1302200
P3,opencl,intel-ocl,cpu,gemm,256,iso,427,1192500,1151000
P3,opencl,intel-ocl,cpu,gemm,256,iso,428,1080700,1142000
P3,opencl,intel-ocl,cpu,gemm,256,iso,429,1083400,1152500
P3,opencl,intel-ocl,cpu,gemm,256,iso,430,1090900,1145500
P3,opencl,intel-ocl,cpu,gemm,256,iso,431,1243200,1284600
P3,opencl,intel-ocl,cpu,gemm,256,iso,432,1083900,1135900
P3,opencl,intel-ocl,cpu,gemm,256,iso,433,1092300,1138200
P3,opencl,intel-ocl,cpu,gemm,256,iso,434,1105900,1140300
P3,opencl,intel-ocl,cpu,gemm,256,iso,435,1228700,1313400
P3,opencl,intel-ocl,cpu,gemm,256,iso,436,1088300,1135200
P3,opencl,intel-ocl,cpu,gemm,256,iso,437,1086600,1145900
P3,opencl,intel-ocl,cpu,gemm,256,iso,438,1087300,1138800
P3,opencl,intel-ocl,cpu,gemm,256,iso,439,1087100,1295600
P3,opencl,intel-ocl,cpu,gemm,256,iso,440,1193600,1149500
P3,opencl,intel-ocl,cpu,gemm,256,iso,441,1081100,1154300
P3,opencl,intel-ocl,cpu,gemm,256,iso,442,1082500,1145800
P3,opencl,intel-ocl,cpu,gemm,256,iso,443,1082000,1138300
P3,opencl,intel-ocl,cpu,gemm,256,iso,444,1225900,1268500
P3,opencl,intel-ocl,cpu,gemm,256,iso,445,1083700,1137400
P3,opencl,intel-ocl,cpu,gemm,256,iso,446,1083200,1205700
P3,opencl,intel-ocl,cpu,gemm,256,iso,447,1076400,1144100
P3,opencl,intel-ocl,cpu,gemm,256,iso,448,1233900,1166200
P3,opencl,intel-ocl,cpu,gemm,256,iso,449,1198300,1149500
P3,opencl,intel-ocl,cpu,gemm,256,iso,450,1078200,1215200
P3,opencl,intel-ocl,cpu,gemm,256,iso,451,1099100,1136900
P3,opencl,intel-ocl,cpu,gemm,256,iso,452,1087400,1292700
P3,opencl,intel-ocl,cpu,gemm,256,iso,453,1088600,1256900
P3,opencl,intel-ocl,cpu,gemm,256,iso,454,1076000,1137800
P3,opencl,intel-ocl,cpu,gemm,256,iso,455,1081500,1144900
P3,opencl,intel-ocl,cpu,gemm,256,iso,456,1082800,1143000
P3,opencl,intel-ocl,cpu,gemm,256,iso,457,1241000,1256500
P3,opencl,intel-ocl,cpu,gemm,256,iso,458,1081900,1131200
P3,opencl,intel-ocl,cpu,gemm,256,iso,459,1080500,1137000
P3,opencl,intel-ocl,cpu,gemm,256,iso,460,1081700,1142200
P3,opencl,intel-ocl,cpu,gemm,256,iso,461,1084700,1294400
P3,opencl,intel-ocl,cpu,gemm,256,iso,462,1198300,1145100
P3,opencl,intel-ocl,cpu,gemm,256,iso,463,1078100,1158500
P3,opencl,intel-ocl,cpu,gemm,256,iso,464,1086900,1140300
P3,opencl,intel-ocl,cpu,gemm,256,iso,465,1087300,1290500
P3,opencl,intel-ocl,cpu,gemm,256,iso,466,1085600,1267300
P3,opencl,intel-ocl,cpu,gemm,256,iso,467,1084200,1142000
P3,opencl,intel-ocl,cpu,gemm,256,iso,468,1082300,1150200
P3,opencl,intel-ocl,cpu,gemm,256,iso,469,1086100,1143000
P3,opencl,intel-ocl,cpu,gemm,256,iso,470,1227800,1199900
P3,opencl,intel-ocl,cpu,gemm,256,iso,471,1187800,1143100
P3,opencl,intel-ocl,cpu,gemm,256,iso,472,1082100,1135400
P3,opencl,intel-ocl,cpu,gemm,256,iso,473,1086900,1145500
P3,opencl,intel-ocl,cpu,gemm,256,iso,474,1104900,1317900
P3,opencl,intel-ocl,cpu,gemm,256,iso,475,1186100,1150400
P3,opencl,intel-ocl,cpu,gemm,256,iso,476,1162400,1148100
P3,opencl,intel-ocl,cpu,gemm,256,iso,477,1076700,1134000
P3,opencl,intel-ocl,cpu,gemm,256,iso,478,1099500,1290300
P3,opencl,intel-ocl,cpu,gemm,256,iso,479,1087500,1262700
P3,opencl,intel-ocl,cpu,gemm,256,iso,480,1083700,1137300
P3,opencl,intel-ocl,cpu,gemm,256,iso,481,1081100,1145400
P3,opencl,intel-ocl,cpu,gemm,256,iso,482,1081400,1140300
P3,opencl,intel-ocl,cpu,gemm,256,iso,483,1232000,1258500
P3,opencl,intel-ocl,cpu,gemm,256,iso,484,1086300,1135200
P3,opencl,intel-ocl,cpu,gemm,256,iso,485,1076700,1136700
P3,opencl,intel-ocl,cpu,gemm,256,iso,486,1078600,1142400
P3,opencl,intel-ocl,cpu,gemm,256,iso,487,1083900,1306600
P3,opencl,intel-ocl,cpu,gemm,256,iso,488,1182000,1149400
P3,opencl,intel-ocl,cpu,gemm,256,iso,489,1075900,1140100
P3,opencl,intel-ocl,cpu,gemm,256,iso,490,1086800,1150800
P3,opencl,intel-ocl,cpu,gemm,256,iso,491,1083900,1162200
P3,opencl,intel-ocl,cpu,gemm,256,iso,492,1289300,1286600
P3,opencl,intel-ocl,cpu,gemm,256,iso,493,1079100,1148300
P3,opencl,intel-ocl,cpu,gemm,256,iso,494,1080300,1140600
P3,opencl,intel-ocl,cpu,gemm,256,iso,495,1090500,1141500
P3,opencl,intel-ocl,cpu,gemm,256,iso,496,1235300,1147000
P3,opencl,intel-ocl,cpu,gemm,256,iso,497,1187900,1140100
P3,opencl,intel-ocl,cpu,gemm,256,iso,498,1077500,1135400
P3,opencl,intel-ocl,cpu,gemm,256,iso,499,1081300,1142400
P3,opencl,intel-ocl,cpu,gemm,256,iso,500,1078700,1289400
P3,opencl,intel-ocl,cpu,gemm,256,iso,501,1190800,1143400
P3,opencl,intel-ocl,cpu,gemm,256,iso,502,1080200,1143800
P3,opencl,intel-ocl,cpu,gemm,256,iso,503,1083800,1130400
P3,opencl,intel-ocl,cpu,gemm,256,iso,504,1082300,1138300
P3,opencl,intel-ocl,cpu,gemm,256,iso,505,1270200,1247200
P3,opencl,intel-ocl,cpu,gemm,256,iso,506,1081100,1138400
P3,opencl,intel-ocl,cpu,gemm,256,iso,507,1078900,1159200
P3,opencl,intel-ocl,cpu,gemm,256,iso,508,1078000,1139600
P3,opencl,intel-ocl,cpu,gemm,256,iso,509,1080100,1289800
P3,opencl,intel-ocl,cpu,gemm,256,iso,510,1189600,1142400
P3,opencl,intel-ocl,cpu,gemm,256,iso,511,1081100,1133400
P3,opencl,intel-ocl,cpu,gemm,256,iso,512,1083200,1146300
P3,opencl,intel-ocl,cpu,gemm,256,iso,513,1080700,1294600
P3,opencl,intel-ocl,cpu,gemm,256,iso,514,1196100,1152600
P3,opencl,intel-ocl,cpu,gemm,256,iso,515,1081700,1140700
P3,opencl,intel-ocl,cpu,gemm,256,iso,516,1094800,1133900
P3,opencl,intel-ocl,cpu,gemm,256,iso,517,1081200,1142100
P3,opencl,intel-ocl,cpu,gemm,256,iso,518,1229300,1275100
P3,opencl,intel-ocl,cpu,gemm,256,iso,519,1081400,1138000
P3,opencl,intel-ocl,cpu,gemm,256,iso,520,1083300,1135100
P3,opencl,intel-ocl,cpu,gemm,256,iso,521,1084000,1145900
P3,opencl,intel-ocl,cpu,gemm,256,iso,522,1104400,1306200
P3,opencl,intel-ocl,cpu,gemm,256,iso,523,1194700,1143800
P3,opencl,intel-ocl,cpu,gemm,256,iso,524,1080400,1144300
P3,opencl,intel-ocl,cpu,gemm,256,iso,525,1081200,1135100
P3,opencl,intel-ocl,cpu,gemm,256,iso,526,1079300,1137400
P3,opencl,intel-ocl,cpu,gemm,256,iso,527,1232900,1262700
P3,opencl,intel-ocl,cpu,gemm,256,iso,528,1086000,1142900
P3,opencl,intel-ocl,cpu,gemm,256,iso,529,1082300,1140700
P3,opencl,intel-ocl,cpu,gemm,256,iso,530,1082100,1157500
P3,opencl,intel-ocl,cpu,gemm,256,iso,531,1235400,1261500
P3,opencl,intel-ocl,cpu,gemm,256,iso,532,1075900,1134800
P3,opencl,intel-ocl,cpu,gemm,256,iso,533,1076600,1138300
P3,opencl,intel-ocl,cpu,gemm,256,iso,534,1085000,1141600
P3,opencl,intel-ocl,cpu,gemm,256,iso,535,1084400,1294500
P3,opencl,intel-ocl,cpu,gemm,256,iso,536,1262900,1161000
P3,opencl,intel-ocl,cpu,gemm,256,iso,537,1081700,1137900
P3,opencl,intel-ocl,cpu,gemm,256,iso,538,1074900,1142500
P3,opencl,intel-ocl,cpu,gemm,256,iso,539,1084600,1140200
P3,opencl,intel-ocl,cpu,gemm,256,iso,540,1282000,1268600
P3,opencl,intel-ocl,cpu,gemm,256,iso,541,1086500,1140000
P3,opencl,intel-ocl,cpu,gemm,256,iso,542,1077400,1141900
P3,opencl,intel-ocl,cpu,gemm,256,iso,543,1073100,1139600
P3,opencl,intel-ocl,cpu,gemm,256,iso,544,1228700,1145400
P3,opencl,intel-ocl,cpu,gemm,256,iso,545,1184000,1248500
P3,opencl,intel-ocl,cpu,gemm,256,iso,546,1082800,1136200
P3,opencl,intel-ocl,cpu,gemm,256,iso,547,1081000,1147700
P3,opencl,intel-ocl,cpu,gemm,256,iso,548,1081300,1294500
P3,opencl,intel-ocl,cpu,gemm,256,iso,549,1191000,1149500
P3,opencl,intel-ocl,cpu,gemm,256,iso,550,1079500,1144600
P3,opencl,intel-ocl,cpu,gemm,256,iso,551,1127000,1154000
P3,opencl,intel-ocl,cpu,gemm,256,iso,552,1084100,1141100
P3,opencl,intel-ocl,cpu,gemm,256,iso,553,1237000,1274200
P3,opencl,intel-ocl,cpu,gemm,256,iso,554,1086100,1148200
P3,opencl,intel-ocl,cpu,gemm,256,iso,555,1082600,1142000
P3,opencl,intel-ocl,cpu,gemm,256,iso,556,1086700,1138200
P3,opencl,intel-ocl,cpu,gemm,256,iso,557,1085700,1301100
P3,opencl,intel-ocl,cpu,gemm,256,iso,558,1205700,1147600
P3,opencl,intel-ocl,cpu,gemm,256,iso,559,1082300,1143000
P3,opencl,intel-ocl,cpu,gemm,256,iso,560,1088500,1139900
P3,opencl,intel-ocl,cpu,gemm,256,iso,561,1084500,1298400
P3,opencl,intel-ocl,cpu,gemm,256,iso,562,1192100,1154100
P3,opencl,intel-ocl,cpu,gemm,256,iso,563,1087500,1135900
P3,opencl,intel-ocl,cpu,gemm,256,iso,564,1088000,1137400
P3,opencl,intel-ocl,cpu,gemm,256,iso,565,1091800,1159000
P3,opencl,intel-ocl,cpu,gemm,256,iso,566,1239900,1257200
P3,opencl,intel-ocl,cpu,gemm,256,iso,567,1088800,1142100
P3,opencl,intel-ocl,cpu,gemm,256,iso,568,1087500,1148700
P3,opencl,intel-ocl,cpu,gemm,256,iso,569,1085100,1140500
P3,opencl,intel-ocl,cpu,gemm,256,iso,570,1085800,1305000
P3,opencl,intel-ocl,cpu,gemm,256,iso,571,1200800,1147600
P3,opencl,intel-ocl,cpu,gemm,256,iso,572,1083500,1144300
P3,opencl,intel-ocl,cpu,gemm,256,iso,573,1082300,1152500
P3,opencl,intel-ocl,cpu,gemm,256,iso,574,1083500,1290600
P3,opencl,intel-ocl,cpu,gemm,256,iso,575,1229700,1149100
P3,opencl,intel-ocl,cpu,gemm,256,iso,576,1076000,1142400
P3,opencl,intel-ocl,cpu,gemm,256,iso,577,1076800,1272100
P3,opencl,intel-ocl,cpu,gemm,256,iso,578,1084500,1147200
P3,opencl,intel-ocl,cpu,gemm,256,iso,579,1237100,1262000
P3,opencl,intel-ocl,cpu,gemm,256,iso,580,1100000,1134100
P3,opencl,intel-ocl,cpu,gemm,256,iso,581,1081800,1135400
P3,opencl,intel-ocl,cpu,gemm,256,iso,582,1080400,1136400
P3,opencl,intel-ocl,cpu,gemm,256,iso,583,1074300,1300900
P3,opencl,intel-ocl,cpu,gemm,256,iso,584,1197500,1149800
P3,opencl,intel-ocl,cpu,gemm,256,iso,585,1167200,1154600
P3,opencl,intel-ocl,cpu,gemm,256,iso,586,1084700,1144500
P3,opencl,intel-ocl,cpu,gemm,256,iso,587,1081500,1300300
P3,opencl,intel-ocl,cpu,gemm,256,iso,588,1081900,1262000
P3,opencl,intel-ocl,cpu,gemm,256,iso,589,1078200,1136600
P3,opencl,intel-ocl,cpu,gemm,256,iso,590,1084100,1143900
P3,opencl,intel-ocl,cpu,gemm,256,iso,591,1086700,1141700
P3,opencl,intel-ocl,cpu,gemm,256,iso,592,1234200,1249600
P3,opencl,intel-ocl,cpu,gemm,256,iso,593,1092900,1146800
P3,opencl,intel-ocl,cpu,gemm,256,iso,594,1078400,1155200
P3,opencl,intel-ocl,cpu,gemm,256,iso,595,1085000,1134100
P3,opencl,intel-ocl,cpu,gemm,256,iso,596,1079200,1299700
P3,opencl,intel-ocl,cpu,gemm,256,iso,597,1194500,1149500
P3,opencl,intel-ocl,cpu,gemm,256,iso,598,1085100,1136300
P3,opencl,intel-ocl,cpu,gemm,256,iso,599,1083500,1143500
P3,opencl,intel-ocl,cpu,gemm,256,iso,600,1078200,1137000
P3,opencl,intel-ocl,cpu,gemm,256,iso,601,1231600,1271500
P3,opencl,intel-ocl,cpu,gemm,256,iso,602,1081000,1132600
P3,opencl,intel-ocl,cpu,gemm,256,iso,603,1088700,1136300
P3,opencl,intel-ocl,cpu,gemm,256,iso,604,1112200,1149000
P3,opencl,intel-ocl,cpu,gemm,256,iso,605,1232200,1252300
P3,opencl,intel-ocl,cpu,gemm,256,iso,606,1086900,1138700
P3,opencl,intel-ocl,cpu,gemm,256,iso,607,1084000,1136900
P3,opencl,intel-ocl,cpu,gemm,256,iso,608,1078100,1140300
P3,opencl,intel-ocl,cpu,gemm,256,iso,609,1097700,1302500
P3,opencl,intel-ocl,cpu,gemm,256,iso,610,1235600,1148700
P3,opencl,intel-ocl,cpu,gemm,256,iso,611,1079000,1135200
P3,opencl,intel-ocl,cpu,gemm,256,iso,612,1083900,1138300
P3,opencl,intel-ocl,cpu,gemm,256,iso,613,1087100,1138900
P3,opencl,intel-ocl,cpu,gemm,256,iso,614,1243900,1258700
P3,opencl,intel-ocl,cpu,gemm,256,iso,615,1086100,1137600
P3,opencl,intel-ocl,cpu,gemm,256,iso,616,1083100,1143000
P3,opencl,intel-ocl,cpu,gemm,256,iso,617,1084300,1141800
P3,opencl,intel-ocl,cpu,gemm,256,iso,618,1081000,1286900
P3,opencl,intel-ocl,cpu,gemm,256,iso,619,1185100,1149300
P3,opencl,intel-ocl,cpu,gemm,256,iso,620,1085300,1147700
P3,opencl,intel-ocl,cpu,gemm,256,iso,621,1085500,1140600
P3,opencl,intel-ocl,cpu,gemm,256,iso,622,1086000,1288500
P3,opencl,intel-ocl,cpu,gemm,256,iso,623,1188500,1145100
P3,opencl,intel-ocl,cpu,gemm,256,iso,624,1098500,1140300
P3,opencl,intel-ocl,cpu,gemm,256,iso,625,1082800,1140800
P3,opencl,intel-ocl,cpu,gemm,256,iso,626,1087900,1137200
P3,opencl,intel-ocl,cpu,gemm,256,iso,627,1228900,1249900
P3,opencl,intel-ocl,cpu,gemm,256,iso,628,1087700,1139700
P3,opencl,intel-ocl,cpu,gemm,256,iso,629,1082800,1137900
P3,opencl,intel-ocl,cpu,gemm,256,iso,630,1084000,1137000
P3,opencl,intel-ocl,cpu,gemm,256,iso,631,1086800,1300400
P3,opencl,intel-ocl,cpu,gemm,256,iso,632,1181100,1144100
P3,opencl,intel-ocl,cpu,gemm,256,iso,633,1078500,1146800
P3,opencl,intel-ocl,cpu,gemm,256,iso,634,1085200,1139500
P3,opencl,intel-ocl,cpu,gemm,256,iso,635,1082200,1137800
P3,opencl,intel-ocl,cpu,gemm,256,iso,636,1229900,1259900
P3,opencl,intel-ocl,cpu,gemm,256,iso,637,1076400,1139400
P3,opencl,intel-ocl,cpu,gemm,256,iso,638,1083500,1162200
P3,opencl,intel-ocl,cpu,gemm,256,iso,639,1091700,1140900
P3,opencl,intel-ocl,cpu,gemm,256,iso,640,1230500,1254600
P3,opencl,intel-ocl,cpu,gemm,256,iso,641,1082800,1130500
P3,opencl,intel-ocl,cpu,gemm,256,iso,642,1091900,1139600
P3,opencl,intel-ocl,cpu,gemm,256,iso,643,1086600,1144200
P3,opencl,intel-ocl,cpu,gemm,256,iso,644,1083600,1290200
P3,opencl,intel-ocl,cpu,gemm,256,iso,645,1216700,1149600
P3,opencl,intel-ocl,cpu,gemm,256,iso,646,1079400,1139200
P3,opencl,intel-ocl,cpu,gemm,256,iso,647,1085800,1141300
P3,opencl,intel-ocl,cpu,gemm,256,iso,648,1087100,1136800
P3,opencl,intel-ocl,cpu,gemm,256,iso,649,1238100,1253500
P3,opencl,intel-ocl,cpu,gemm,256,iso,650,1094300,1144200
P3,opencl,intel-ocl,cpu,gemm,256,iso,651,1084600,1140600
P3,opencl,intel-ocl,cpu,gemm,256,iso,652,1088100,1146600
P3,opencl,intel-ocl,cpu,gemm,256,iso,653,1096400,1289000
P3,opencl,intel-ocl,cpu,gemm,256,iso,654,1200500,1143600
P3,opencl,intel-ocl,cpu,gemm,256,iso,655,1081300,1143200
P3,opencl,intel-ocl,cpu,gemm,256,iso,656,1078700,1145500
P3,opencl,intel-ocl,cpu,gemm,256,iso,657,1083200,1292600
P3,opencl,intel-ocl,cpu,gemm,256,iso,658,1200900,1145000
P3,opencl,intel-ocl,cpu,gemm,256,iso,659,1080500,1137600
P3,opencl,intel-ocl,cpu,gemm,256,iso,660,1088700,1137500
P3,opencl,intel-ocl,cpu,gemm,256,iso,661,1081600,1139400
P3,opencl,intel-ocl,cpu,gemm,256,iso,662,1227100,1254000
P3,opencl,intel-ocl,cpu,gemm,256,iso,663,1086900,1140300
P3,opencl,intel-ocl,cpu,gemm,256,iso,664,1134100,1179500
P3,opencl,intel-ocl,cpu,gemm,256,iso,665,1088900,1136800
P3,opencl,intel-ocl,cpu,gemm,256,iso,666,1087500,1307800
P3,opencl,intel-ocl,cpu,gemm,256,iso,667,1205000,1158100
P3,opencl,intel-ocl,cpu,gemm,256,iso,668,1075100,1139200
P3,opencl,intel-ocl,cpu,gemm,256,iso,669,1084900,1142000
P3,opencl,intel-ocl,cpu,gemm,256,iso,670,1082100,1293900
P3,opencl,intel-ocl,cpu,gemm,256,iso,671,1089100,1262200
P3,opencl,intel-ocl,cpu,gemm,256,iso,672,1082600,1139000
P3,opencl,intel-ocl,cpu,gemm,256,iso,673,1085400,1136400
P3,opencl,intel-ocl,cpu,gemm,256,iso,674,1080700,1139200
P3,opencl,intel-ocl,cpu,gemm,256,iso,675,1228700,1254700
P3,opencl,intel-ocl,cpu,gemm,256,iso,676,1082200,1144600
P3,opencl,intel-ocl,cpu,gemm,256,iso,677,1082400,1149400
P3,opencl,intel-ocl,cpu,gemm,256,iso,678,1087900,1145200
P3,opencl,intel-ocl,cpu,gemm,256,iso,679,1085500,1337800
P3,opencl,intel-ocl,cpu,gemm,256,iso,680,1183400,1142800
P3,opencl,intel-ocl,cpu,gemm,256,iso,681,1077300,1143900
P3,opencl,intel-ocl,cpu,gemm,256,iso,682,1081100,1150200
P3,opencl,intel-ocl,cpu,gemm,256,iso,683,1080800,1141500
P3,opencl,intel-ocl,cpu,gemm,256,iso,684,1229300,1261900
P3,opencl,intel-ocl,cpu,gemm,256,iso,685,1080200,1145100
P3,opencl,intel-ocl,cpu,gemm,256,iso,686,1089000,1139200
P3,opencl,intel-ocl,cpu,gemm,256,iso,687,1082100,1142100
P3,opencl,intel-ocl,cpu,gemm,256,iso,688,1230400,1250600
P3,opencl,intel-ocl,cpu,gemm,256,iso,689,1083900,1134600
P3,opencl,intel-ocl,cpu,gemm,256,iso,690,1084900,1138000
P3,opencl,intel-ocl,cpu,gemm,256,iso,691,1089500,1146100
P3,opencl,intel-ocl,cpu,gemm,256,iso,692,1086000,1292500
P3,opencl,intel-ocl,cpu,gemm,256,iso,693,1186000,1139900
P3,opencl,intel-ocl,cpu,gemm,256,iso,694,1073300,1218100
P3,opencl,intel-ocl,cpu,gemm,256,iso,695,1081600,1140200
P3,opencl,intel-ocl,cpu,gemm,256,iso,696,1084300,1140000
P3,opencl,intel-ocl,cpu,gemm,256,iso,697,1241900,1247200
P3,opencl,intel-ocl,cpu,gemm,256,iso,698,1079600,1134000
P3,opencl,intel-ocl,cpu,gemm,256,iso,699,1088200,1143900
P3,opencl,intel-ocl,cpu,gemm,256,iso,700,1083000,1142200
P3,opencl,intel-ocl,cpu,gemm,256,iso,701,1082200,1305100
P3,opencl,intel-ocl,cpu,gemm,256,iso,702,1195800,1141600
P3,opencl,intel-ocl,cpu,gemm,256,iso,703,1083500,1138500
P3,opencl,intel-ocl,cpu,gemm,256,iso,704,1088800,1146600
P3,opencl,intel-ocl,cpu,gemm,256,iso,705,1079500,1290600
P3,opencl,intel-ocl,cpu,gemm,256,iso,706,1086100,1248700
P3,opencl,intel-ocl,cpu,gemm,256,iso,707,1075100,1144800
P3,opencl,intel-ocl,cpu,gemm,256,iso,708,1080800,1135200
P3,opencl,intel-ocl,cpu,gemm,256,iso,709,1085500,1136300
P3,opencl,intel-ocl,cpu,gemm,256,iso,710,1228500,1254300
P3,opencl,intel-ocl,cpu,gemm,256,iso,711,1091900,1143600
P3,opencl,intel-ocl,cpu,gemm,256,iso,712,1084300,1142300
P3,opencl,intel-ocl,cpu,gemm,256,iso,713,1084600,1136900
P3,opencl,intel-ocl,cpu,gemm,256,iso,714,1080300,1349900
P3,opencl,intel-ocl,cpu,gemm,256,iso,715,1185600,1142500
P3,opencl,intel-ocl,cpu,gemm,256,iso,716,1083300,1137300
P3,opencl,intel-ocl,cpu,gemm,256,iso,717,1088000,1147700
P3,opencl,intel-ocl,cpu,gemm,256,iso,718,1091900,1133700
P3,opencl,intel-ocl,cpu,gemm,256,iso,719,1237100,1259000
P3,opencl,intel-ocl,cpu,gemm,256,iso,720,1085800,1143300
P3,opencl,intel-ocl,cpu,gemm,256,iso,721,1083500,1138700
P3,opencl,intel-ocl,cpu,gemm,256,iso,722,1080100,1135700
P3,opencl,intel-ocl,cpu,gemm,256,iso,723,1230000,1251300
P3,opencl,intel-ocl,cpu,gemm,256,iso,724,1086600,1132500
P3,opencl,intel-ocl,cpu,gemm,256,iso,725,1085700,1136200
P3,opencl,intel-ocl,cpu,gemm,256,iso,726,1084300,1153600
P3,opencl,intel-ocl,cpu,gemm,256,iso,727,1081900,1290500
P3,opencl,intel-ocl,cpu,gemm,256,iso,728,1181300,1143500
P3,opencl,intel-ocl,cpu,gemm,256,iso,729,1080600,1140800
P3,opencl,intel-ocl,cpu,gemm,256,iso,730,1083400,1141400
P3,opencl,intel-ocl,cpu,gemm,256,iso,731,1084900,1137400
P3,opencl,intel-ocl,cpu,gemm,256,iso,732,1238300,1265100
P3,opencl,intel-ocl,cpu,gemm,256,iso,733,1084100,1145200
P3,opencl,intel-ocl,cpu,gemm,256,iso,734,1084300,1139000
P3,opencl,intel-ocl,cpu,gemm,256,iso,735,1076500,1138800
P3,opencl,intel-ocl,cpu,gemm,256,iso,736,1085300,1300400
P3,opencl,intel-ocl,cpu,gemm,256,iso,737,1086200,1253500
P3,opencl,intel-ocl,cpu,gemm,256,iso,738,1081800,1138600
P3,opencl,intel-ocl,cpu,gemm,256,iso,739,1079500,1145400
P3,opencl,intel-ocl,cpu,gemm,256,iso,740,1083900,1291200
P3,opencl,intel-ocl,cpu,gemm,256,iso,741,1083000,1272600
P3,opencl,intel-ocl,cpu,gemm,256,iso,742,1079800,1143400
P3,opencl,intel-ocl,cpu,gemm,256,iso,743,1085800,1138800
P3,opencl,intel-ocl,cpu,gemm,256,iso,744,1090100,1137100
P3,opencl,intel-ocl,cpu,gemm,256,iso,745,1227100,1250200
P3,opencl,intel-ocl,cpu,gemm,256,iso,746,1080200,1136900
P3,opencl,intel-ocl,cpu,gemm,256,iso,747,1082700,1141200
P3,opencl,intel-ocl,cpu,gemm,256,iso,748,1132900,1316000
P3,opencl,intel-ocl,cpu,gemm,256,iso,749,1090300,1338300
P3,opencl,intel-ocl,cpu,gemm,256,iso,750,1191900,1154200
P3,opencl,intel-ocl,cpu,gemm,256,iso,751,1093800,1143600
P3,opencl,intel-ocl,cpu,gemm,256,iso,752,1075800,1141800
P3,opencl,intel-ocl,cpu,gemm,256,iso,753,1084100,1288200
P3,opencl,intel-ocl,cpu,gemm,256,iso,754,1089500,1144100
P3,opencl,intel-ocl,cpu,gemm,256,iso,755,1225700,1148200
P3,opencl,intel-ocl,cpu,gemm,256,iso,756,1105900,1146100
P3,opencl,intel-ocl,cpu,gemm,256,iso,757,1080600,1139000
P3,opencl,intel-ocl,cpu,gemm,256,iso,758,1237400,1154500
P3,opencl,intel-ocl,cpu,gemm,256,iso,759,1084500,1136500
P3,opencl,intel-ocl,cpu,gemm,256,iso,760,1080000,1133900
P3,opencl,intel-ocl,cpu,gemm,256,iso,761,1081800,1135500
P3,opencl,intel-ocl,cpu,gemm,256,iso,762,1082900,1286900
P3,opencl,intel-ocl,cpu,gemm,256,iso,763,1202500,1149800
P3,opencl,intel-ocl,cpu,gemm,256,iso,764,1082700,1141400
P3,opencl,intel-ocl,cpu,gemm,256,iso,765,1074900,1145300
P3,opencl,intel-ocl,cpu,gemm,256,iso,766,1083000,1141200
P3,opencl,intel-ocl,cpu,gemm,256,iso,767,1247400,1267000
P3,opencl,intel-ocl,cpu,gemm,256,iso,768,1086200,1142000
P3,opencl,intel-ocl,cpu,gemm,256,iso,769,1081300,1134600
P3,opencl,intel-ocl,cpu,gemm,256,iso,770,1086600,1151100
P3,opencl,intel-ocl,cpu,gemm,256,iso,771,1228900,1155700
P3,opencl,intel-ocl,cpu,gemm,256,iso,772,1083600,1143900
P3,opencl,intel-ocl,cpu,gemm,256,iso,773,1075800,1141700
P3,opencl,intel-ocl,cpu,gemm,256,iso,774,1086400,1139100
P3,opencl,intel-ocl,cpu,gemm,256,iso,775,1084400,1278000
P3,opencl,intel-ocl,cpu,gemm,256,iso,776,1088500,1150600
P3,opencl,intel-ocl,cpu,gemm,256,iso,777,1081900,1142200
P3,opencl,intel-ocl,cpu,gemm,256,iso,778,1086100,1138200
P3,opencl,intel-ocl,cpu,gemm,256,iso,779,1080700,1138000
P3,opencl,intel-ocl,cpu,gemm,256,iso,780,1216400,1266400
P3,opencl,intel-ocl,cpu,gemm,256,iso,781,1087000,1135900
P3,opencl,intel-ocl,cpu,gemm,256,iso,782,1083800,1146200
P3,opencl,intel-ocl,cpu,gemm,256,iso,783,1086000,1142200
P3,opencl,intel-ocl,cpu,gemm,256,iso,784,1084500,1303000
P3,opencl,intel-ocl,cpu,gemm,256,iso,785,1077500,1163100
P3,opencl,intel-ocl,cpu,gemm,256,iso,786,1078600,1136800
P3,opencl,intel-ocl,cpu,gemm,256,iso,787,1084100,1137200
P3,opencl,intel-ocl,cpu,gemm,256,iso,788,1084600,1139200
P3,opencl,intel-ocl,cpu,gemm,256,iso,789,1227600,1148200
P3,opencl,intel-ocl,cpu,gemm,256,iso,790,1078200,1142000
P3,opencl,intel-ocl,cpu,gemm,256,iso,791,1081900,1142900
P3,opencl,intel-ocl,cpu,gemm,256,iso,792,1081500,1137300
P3,opencl,intel-ocl,cpu,gemm,256,iso,793,1081100,1280400
P3,opencl,intel-ocl,cpu,gemm,256,iso,794,1205100,1142000
P3,opencl,intel-ocl,cpu,gemm,256,iso,795,1078900,1140000
P3,opencl,intel-ocl,cpu,gemm,256,iso,796,1083600,1150100
P3,opencl,intel-ocl,cpu,gemm,256,iso,797,1083600,1290900
P3,opencl,intel-ocl,cpu,gemm,256,iso,798,1085000,1139800
P3,opencl,intel-ocl,cpu,gemm,256,iso,799,1076500,1142600
P3,opencl,intel-ocl,cpu,gemm,256,iso,800,1093800,1138200
P3,opencl,intel-ocl,cpu,gemm,256,iso,801,1081300,1140700
P3,opencl,intel-ocl,cpu,gemm,256,iso,802,1219200,1151600
P3,opencl,intel-ocl,cpu,gemm,256,iso,803,1079100,1131400
P3,opencl,intel-ocl,cpu,gemm,256,iso,804,1079400,1141500
P3,opencl,intel-ocl,cpu,gemm,256,iso,805,1086000,1139900
P3,opencl,intel-ocl,cpu,gemm,256,iso,806,1085700,1279900
P3,opencl,intel-ocl,cpu,gemm,256,iso,807,1193500,1145400
P3,opencl,intel-ocl,cpu,gemm,256,iso,808,1079800,1137300
P3,opencl,intel-ocl,cpu,gemm,256,iso,809,1080700,1140900
P3,opencl,intel-ocl,cpu,gemm,256,iso,810,1077600,1138100
P3,opencl,intel-ocl,cpu,gemm,256,iso,811,1239700,1136500
P3,opencl,intel-ocl,cpu,gemm,256,iso,812,1084100,1136600
P3,opencl,intel-ocl,cpu,gemm,256,iso,813,1087600,1140600
P3,opencl,intel-ocl,cpu,gemm,256,iso,814,1083700,1149100
P3,opencl,intel-ocl,cpu,gemm,256,iso,815,1076200,1280900
P3,opencl,intel-ocl,cpu,gemm,256,iso,816,1086200,1144500
P3,opencl,intel-ocl,cpu,gemm,256,iso,817,1079800,1133600
P3,opencl,intel-ocl,cpu,gemm,256,iso,818,1086500,1140400
P3,opencl,intel-ocl,cpu,gemm,256,iso,819,1086000,1139300
P3,opencl,intel-ocl,cpu,gemm,256,iso,820,1226500,1137000
P3,opencl,intel-ocl,cpu,gemm,256,iso,821,1079800,1140600
P3,opencl,intel-ocl,cpu,gemm,256,iso,822,1073700,1136100
P3,opencl,intel-ocl,cpu,gemm,256,iso,823,1082900,1147800
P3,opencl,intel-ocl,cpu,gemm,256,iso,824,1217000,1251800
P3,opencl,intel-ocl,cpu,gemm,256,iso,825,1082100,1134300
P3,opencl,intel-ocl,cpu,gemm,256,iso,826,1088100,1131400
P3,opencl,intel-ocl,cpu,gemm,256,iso,827,1083700,1139900
P3,opencl,intel-ocl,cpu,gemm,256,iso,828,1080100,1286300
P3,opencl,intel-ocl,cpu,gemm,256,iso,829,1075000,1155700
P3,opencl,intel-ocl,cpu,gemm,256,iso,830,1087700,1134400
P3,opencl,intel-ocl,cpu,gemm,256,iso,831,1085200,1138900
P3,opencl,intel-ocl,cpu,gemm,256,iso,832,1078700,1131000
P3,opencl,intel-ocl,cpu,gemm,256,iso,833,1218500,1141000
P3,opencl,intel-ocl,cpu,gemm,256,iso,834,1073600,1133100
P3,opencl,intel-ocl,cpu,gemm,256,iso,835,1079200,1150400
P3,opencl,intel-ocl,cpu,gemm,256,iso,836,1084700,1138700
P3,opencl,intel-ocl,cpu,gemm,256,iso,837,1083700,1314400
P3,opencl,intel-ocl,cpu,gemm,256,iso,838,1197000,1138200
P3,opencl,intel-ocl,cpu,gemm,256,iso,839,1079700,1131900
P3,opencl,intel-ocl,cpu,gemm,256,iso,840,1079900,1139600
P3,opencl,intel-ocl,cpu,gemm,256,iso,841,1082300,1138500
P3,opencl,intel-ocl,cpu,gemm,256,iso,842,1227300,1161000
P3,opencl,intel-ocl,cpu,gemm,256,iso,843,1086500,1136000
P3,opencl,intel-ocl,cpu,gemm,256,iso,844,1090800,1137800
P3,opencl,intel-ocl,cpu,gemm,256,iso,845,1077800,1140700
P3,opencl,intel-ocl,cpu,gemm,256,iso,846,1080100,1278500
P3,opencl,intel-ocl,cpu,gemm,256,iso,847,1091500,1144100
P3,opencl,intel-ocl,cpu,gemm,256,iso,848,1572000,1152000
P3,opencl,intel-ocl,cpu,gemm,256,iso,849,1090000,1167800
P3,opencl,intel-ocl,cpu,gemm,256,iso,850,1082800,1155500
P3,opencl,intel-ocl,cpu,gemm,256,iso,851,1175000,1141300
P3,opencl,intel-ocl,cpu,gemm,256,iso,852,1174600,1161600
P3,opencl,intel-ocl,cpu,gemm,256,iso,853,1078400,1135400
P3,opencl,intel-ocl,cpu,gemm,256,iso,854,1075800,1140100
P3,opencl,intel-ocl,cpu,gemm,256,iso,855,1107000,1138900
P3,opencl,intel-ocl,cpu,gemm,256,iso,856,1077400,1138000
P3,opencl,intel-ocl,cpu,gemm,256,iso,857,1080700,1133700
P3,opencl,intel-ocl,cpu,gemm,256,iso,858,1079400,1137400
P3,opencl,intel-ocl,cpu,gemm,256,iso,859,1095900,1287200
P3,opencl,intel-ocl,cpu,gemm,256,iso,860,1083800,1132600
P3,opencl,intel-ocl,cpu,gemm,256,iso,861,1083600,1136700
P3,opencl,intel-ocl,cpu,gemm,256,iso,862,1076300,1144800
P3,opencl,intel-ocl,cpu,gemm,256,iso,863,1077600,1131300
P3,opencl,intel-ocl,cpu,gemm,256,iso,864,1221300,1146900
P3,opencl,intel-ocl,cpu,gemm,256,iso,865,1083700,1131800
P3,opencl,intel-ocl,cpu,gemm,256,iso,866,1080600,1139700
P3,opencl,intel-ocl,cpu,gemm,256,iso,867,1076900,1143300
P3,opencl,intel-ocl,cpu,gemm,256,iso,868,1085800,1397800
P3,opencl,intel-ocl,cpu,gemm,256,iso,869,1085500,1137800
P3,opencl,intel-ocl,cpu,gemm,256,iso,870,1077400,1133300
P3,opencl,intel-ocl,cpu,gemm,256,iso,871,1085000,1138300
P3,opencl,intel-ocl,cpu,gemm,256,iso,872,1088800,1292900
P3,opencl,intel-ocl,cpu,gemm,256,iso,873,1078400,1153100
P3,opencl,intel-ocl,cpu,gemm,256,iso,874,1078600,1145100
P3,opencl,intel-ocl,cpu,gemm,256,iso,875,1081400,1134200
P3,opencl,intel-ocl,cpu,gemm,256,iso,876,1080300,1134100
P3,opencl,intel-ocl,cpu,gemm,256,iso,877,1223600,1138300
P3,opencl,intel-ocl,cpu,gemm,256,iso,878,1083000,1137400
P3,opencl,intel-ocl,cpu,gemm,256,iso,879,1082000,1142100
P3,opencl,intel-ocl,cpu,gemm,256,iso,880,1087500,1142500
P3,opencl,intel-ocl,cpu,gemm,256,iso,881,1081600,1278100
P3,opencl,intel-ocl,cpu,gemm,256,iso,882,1188800,1141900
P3,opencl,intel-ocl,cpu,gemm,256,iso,883,1081900,1136200
P3,opencl,intel-ocl,cpu,gemm,256,iso,884,1108900,1141300
P3,opencl,intel-ocl,cpu,gemm,256,iso,885,1079900,1143200
P3,opencl,intel-ocl,cpu,gemm,256,iso,886,1236800,1139200
P3,opencl,intel-ocl,cpu,gemm,256,iso,887,1080100,1136000
P3,opencl,intel-ocl,cpu,gemm,256,iso,888,1191900,1171700
P3,opencl,intel-ocl,cpu,gemm,256,iso,889,1081500,1136300
P3,opencl,intel-ocl,cpu,gemm,256,iso,890,1081200,1282900
P3,opencl,intel-ocl,cpu,gemm,256,iso,891,1083400,1143200
P3,opencl,intel-ocl,cpu,gemm,256,iso,892,1081700,1132400
P3,opencl,intel-ocl,cpu,gemm,256,iso,893,1080300,1140100
P3,opencl,intel-ocl,cpu,gemm,256,iso,894,1092300,1282600
P3,opencl,intel-ocl,cpu,gemm,256,iso,895,1190300,1154400
P3,opencl,intel-ocl,cpu,gemm,256,iso,896,1080300,1139600
P3,opencl,intel-ocl,cpu,gemm,256,iso,897,1082400,1144700
P3,opencl,intel-ocl,cpu,gemm,256,iso,898,1077900,1140700
P3,opencl,intel-ocl,cpu,gemm,256,iso,899,1231100,1143000
P3,opencl,intel-ocl,cpu,gemm,256,iso,900,1076400,1133700
P3,opencl,intel-ocl,cpu,gemm,256,iso,901,1086100,1136400
P3,opencl,intel-ocl,cpu,gemm,256,iso,902,1088200,1150700
P3,opencl,intel-ocl,cpu,gemm,256,iso,903,1082500,1283000
P3,opencl,intel-ocl,cpu,gemm,256,iso,904,1083000,1134000
P3,opencl,intel-ocl,cpu,gemm,256,iso,905,1079400,1146800
P3,opencl,intel-ocl,cpu,gemm,256,iso,906,1083500,1138100
P3,opencl,intel-ocl,cpu,gemm,256,iso,907,1086500,1137100
P3,opencl,intel-ocl,cpu,gemm,256,iso,908,1214500,1147700
P3,opencl,intel-ocl,cpu,gemm,256,iso,909,1079400,1137000
P3,opencl,intel-ocl,cpu,gemm,256,iso,910,1084100,1134400
P3,opencl,intel-ocl,cpu,gemm,256,iso,911,1081100,1142900
P3,opencl,intel-ocl,cpu,gemm,256,iso,912,1081000,1291400
P3,opencl,intel-ocl,cpu,gemm,256,iso,913,1209000,1148900
P3,opencl,intel-ocl,cpu,gemm,256,iso,914,1163300,1137700
P3,opencl,intel-ocl,cpu,gemm,256,iso,915,1079600,1139300
P3,opencl,intel-ocl,cpu,gemm,256,iso,916,1080600,1291500
P3,opencl,intel-ocl,cpu,gemm,256,iso,917,1081000,1160600
P3,opencl,intel-ocl,cpu,gemm,256,iso,918,1081300,1131300
P3,opencl,intel-ocl,cpu,gemm,256,iso,919,1087200,1143500
P3,opencl,intel-ocl,cpu,gemm,256,iso,920,1087600,1137200
P3,opencl,intel-ocl,cpu,gemm,256,iso,921,1229100,1148600
P3,opencl,intel-ocl,cpu,gemm,256,iso,922,1086600,1145000
P3,opencl,intel-ocl,cpu,gemm,256,iso,923,1079100,1133000
P3,opencl,intel-ocl,cpu,gemm,256,iso,924,1080200,1138400
P3,opencl,intel-ocl,cpu,gemm,256,iso,925,1083100,1279800
P3,opencl,intel-ocl,cpu,gemm,256,iso,926,1201500,1141100
P3,opencl,intel-ocl,cpu,gemm,256,iso,927,1088000,1130900
P3,opencl,intel-ocl,cpu,gemm,256,iso,928,1086200,1139200
P3,opencl,intel-ocl,cpu,gemm,256,iso,929,1094900,1148200
P3,opencl,intel-ocl,cpu,gemm,256,iso,930,1276400,1146200
P3,opencl,intel-ocl,cpu,gemm,256,iso,931,1081900,1140100
P3,opencl,intel-ocl,cpu,gemm,256,iso,932,1093500,1135900
P3,opencl,intel-ocl,cpu,gemm,256,iso,933,1083800,1139800
P3,opencl,intel-ocl,cpu,gemm,256,iso,934,1079000,1283200
P3,opencl,intel-ocl,cpu,gemm,256,iso,935,1085300,1143100
P3,opencl,intel-ocl,cpu,gemm,256,iso,936,1084800,1145100
P3,opencl,intel-ocl,cpu,gemm,256,iso,937,1083800,1140200
P3,opencl,intel-ocl,cpu,gemm,256,iso,938,1081700,1138500
P3,opencl,intel-ocl,cpu,gemm,256,iso,939,1221500,1273500
P3,opencl,intel-ocl,cpu,gemm,256,iso,940,1088100,1141100
P3,opencl,intel-ocl,cpu,gemm,256,iso,941,1088200,1141600
P3,opencl,intel-ocl,cpu,gemm,256,iso,942,1085900,1144500
P3,opencl,intel-ocl,cpu,gemm,256,iso,943,1237500,1142700
P3,opencl,intel-ocl,cpu,gemm,256,iso,944,1078800,1141200
P3,opencl,intel-ocl,cpu,gemm,256,iso,945,1080200,1136800
P3,opencl,intel-ocl,cpu,gemm,256,iso,946,1085500,1138300
P3,opencl,intel-ocl,cpu,gemm,256,iso,947,1100200,1287700
P3,opencl,intel-ocl,cpu,gemm,256,iso,948,1238900,1148100
P3,opencl,intel-ocl,cpu,gemm,256,iso,949,1078400,1147100
P3,opencl,intel-ocl,cpu,gemm,256,iso,950,1086500,1148700
P3,opencl,intel-ocl,cpu,gemm,256,iso,951,1084300,1136400
P3,opencl,intel-ocl,cpu,gemm,256,iso,952,1234600,1140600
P3,opencl,intel-ocl,cpu,gemm,256,iso,953,1083400,1129400
P3,opencl,intel-ocl,cpu,gemm,256,iso,954,1086700,1144300
P3,opencl,intel-ocl,cpu,gemm,256,iso,955,1081900,1141500
P3,opencl,intel-ocl,cpu,gemm,256,iso,956,1083600,1306600
P3,opencl,intel-ocl,cpu,gemm,256,iso,957,1212700,1148600
P3,opencl,intel-ocl,cpu,gemm,256,iso,958,1088600,1141200
P3,opencl,intel-ocl,cpu,gemm,256,iso,959,1085900,1144200
P3,opencl,intel-ocl,cpu,gemm,256,iso,960,1087000,1309400
P3,opencl,intel-ocl,cpu,gemm,256,iso,961,1095500,1159100
P3,opencl,intel-ocl,cpu,gemm,256,iso,962,1080900,1142300
P3,opencl,intel-ocl,cpu,gemm,256,iso,963,1088100,1144500
P3,opencl,intel-ocl,cpu,gemm,256,iso,964,1085600,1138400
P3,opencl,intel-ocl,cpu,gemm,256,iso,965,1226100,1149500
P3,opencl,intel-ocl,cpu,gemm,256,iso,966,1090900,1148800
P3,opencl,intel-ocl,cpu,gemm,256,iso,967,1088300,1149700
P3,opencl,intel-ocl,cpu,gemm,256,iso,968,1080400,1139700
P3,opencl,intel-ocl,cpu,gemm,256,iso,969,1085200,1287000
P3,opencl,intel-ocl,cpu,gemm,256,iso,970,1205000,1148600
P3,opencl,intel-ocl,cpu,gemm,256,iso,971,1086900,1136800
P3,opencl,intel-ocl,cpu,gemm,256,iso,972,1088300,1143400
P3,opencl,intel-ocl,cpu,gemm,256,iso,973,1081300,1150700
P3,opencl,intel-ocl,cpu,gemm,256,iso,974,1248300,1349100
P3,opencl,intel-ocl,cpu,gemm,256,iso,975,1082900,1144600
P3,opencl,intel-ocl,cpu,gemm,256,iso,976,1093500,1138600
P3,opencl,intel-ocl,cpu,gemm,256,iso,977,1087000,1176100
P3,opencl,intel-ocl,cpu,gemm,256,iso,978,1232100,1266000
P3,opencl,intel-ocl,cpu,gemm,256,iso,979,1086600,1137000
P3,opencl,intel-ocl,cpu,gemm,256,iso,980,1077200,1147900
P3,opencl,intel-ocl,cpu,gemm,256,iso,981,1079500,1146800
P3,opencl,intel-ocl,cpu,gemm,256,iso,982,1081700,1297600
P3,opencl,intel-ocl,cpu,gemm,256,iso,983,1193400,1146300
P3,opencl,intel-ocl,cpu,gemm,256,iso,984,1084500,1136600
P3,opencl,intel-ocl,cpu,gemm,256,iso,985,1086700,1141900
P3,opencl,intel-ocl,cpu,gemm,256,iso,986,1079600,1142000
P3,opencl,intel-ocl,cpu,gemm,256,iso,987,1241900,1147800
P3,opencl,intel-ocl,cpu,gemm,256,iso,988,1085400,1140200
P3,opencl,intel-ocl,cpu,gemm,256,iso,989,1085900,1138300
P3,opencl,intel-ocl,cpu,gemm,256,iso,990,1084200,1141200
P3,opencl,intel-ocl,cpu,gemm,256,iso,991,1102200,1302400
P3,opencl,intel-ocl,cpu,gemm,256,iso,992,1083400,1141800
P3,opencl,intel-ocl,cpu,gemm,256,iso,993,1078900,1141700
P3,opencl,intel-ocl,cpu,gemm,256,iso,994,1084600,1167800
P3,opencl,intel-ocl,cpu,gemm,256,iso,995,1085600,1274600
P3,opencl,intel-ocl,cpu,gemm,256,iso,996,1099100,1139100
P3,opencl,intel-ocl,cpu,gemm,256,iso,997,1086500,1140200
P3,opencl,intel-ocl,cpu,gemm,256,iso,998,1078900,1137400
P3,opencl,intel-ocl,cpu,gemm,256,iso,999,1093900,1140900
P3,sycl,dpcpp-ocl-jit-usm,cpu,gemm,256,iso,0,978600,1094200
P3,sycl,dpcpp-ocl-jit-usm,cpu,gemm,256,iso,1,992100,1074400
P3,sycl,dpcpp-ocl-jit-usm,cpu,gemm,256,iso,2,1143800,1243900
P3,sycl,dpcpp-ocl-jit-usm,cpu,gemm,256,iso,3,980200,1076000
P3,sycl,dpcpp-ocl-jit-usm,cpu,gemm,256,iso,4,980500,1074900
P3,sycl,dpcpp-ocl-jit-usm,cpu,gemm,256,iso,5,995300,1076600
P3,sycl,dpcpp-ocl-jit-usm,cpu,gemm,256,iso,6,982600,1268500
P3,sycl,dpcpp-ocl-jit-usm,cpu,gemm,256,iso,7,981300,1198300
P3,sycl,dpcpp-ocl-jit-usm,cpu,gemm,256,iso,8,980300,1074300
P3,sycl,dpcpp-ocl-jit-usm,cpu,gemm,256,iso,9,989400,1077200
P3,sycl,dpcpp-ocl-jit-usm,cpu,gemm,256,iso,10,996300,1079700
P3,sycl,dpcpp-ocl-jit-usm,cpu,gemm,256,iso,11,991400,1229600
P3,sycl,dpcpp-ocl-jit-usm,cpu,gemm,256,iso,12,1099400,1091700
P3,sycl,dpcpp-ocl-jit-usm,cpu,gemm,256,iso,13,983100,1075200
P3,sycl,dpcpp-ocl-jit-usm,cpu,gemm,256,iso,14,979400,1092100
P3,sycl,dpcpp-ocl-jit-usm,cpu,gemm,256,iso,15,981500,1072600
P3,sycl,dpcpp-ocl-jit-usm,cpu,gemm,256,iso,16,1139900,1211500
P3,sycl,dpcpp-ocl-jit-usm,cpu,gemm,256,iso,17,1002100,1080300
P3,sycl,dpcpp-ocl-jit-usm,cpu,gemm,256,iso,18,976400,1071100
P3,sycl,dpcpp-ocl-jit-usm,cpu,gemm,256,iso,19,993000,1077200
P3,sycl,dpcpp-ocl-jit-usm,cpu,gemm,256,iso,20,978800,1083200
P3,sycl,dpcpp-ocl-jit-usm,cpu,gemm,256,iso,21,1131500,1206600
P3,sycl,dpcpp-ocl-jit-usm,cpu,gemm,256,iso,22,1007700,1078200
P3,sycl,dpcpp-ocl-jit-usm,cpu,gemm,256,iso,23,983600,1065600
P3,sycl,dpcpp-ocl-jit-usm,cpu,gemm,256,iso,24,980100,1082100
P3,sycl,dpcpp-ocl-jit-usm,cpu,gemm,256,iso,25,987300,1283400
P3,sycl,dpcpp-ocl-jit-usm,cpu,gemm,256,iso,26,1113700,1094700
P3,sycl,dpcpp-ocl-jit-usm,cpu,gemm,256,iso,27,982500,1065100
P3,sycl,dpcpp-ocl-jit-usm,cpu,gemm,256,iso,28,993900,1072100
P3,sycl,dpcpp-ocl-jit-usm,cpu,gemm,256,iso,29,983400,1084400
P3,sycl,dpcpp-ocl-jit-usm,cpu,gemm,256,iso,30,1137800,1193700
P3,sycl,dpcpp-ocl-jit-usm,cpu,gemm,256,iso,31,993200,1074900
P3,sycl,dpcpp-ocl-jit-usm,cpu,gemm,256,iso,32,996700,1065000
P3,sycl,dpcpp-ocl-jit-usm,cpu,gemm,256,iso,33,995300,1063000
P3,sycl,dpcpp-ocl-jit-usm,cpu,gemm,256,iso,34,987300,1076500
P3,sycl,dpcpp-ocl-jit-usm,cpu,gemm,256,iso,35,1133700,1217500
P3,sycl,dpcpp-ocl-jit-usm,cpu,gemm,256,iso,36,997200,1083100
P3,sycl,dpcpp-ocl-jit-usm,cpu,gemm,256,iso,37,976100,1079200
P3,sycl,dpcpp-ocl-jit-usm,cpu,gemm,256,iso,38,993100,1125400
P3,sycl,dpcpp-ocl-jit-usm,cpu,gemm,256,iso,39,990900,1242100
P3,sycl,dpcpp-ocl-jit-usm,cpu,gemm,256,iso,40,1121700,1094200
P3,sycl,dpcpp-ocl-jit-usm,cpu,gemm,256,iso,41,987800,1071400
P3,sycl,dpcpp-ocl-jit-usm,cpu,gemm,256,iso,42,998900,1078100
P3,sycl,dpcpp-ocl-jit-usm,cpu,gemm,256,iso,43,983100,1061600
P3,sycl,dpcpp-ocl-jit-usm,cpu,gemm,256,iso,44,986200,1224400
P3,sycl,dpcpp-ocl-jit-usm,cpu,gemm,256,iso,45,1095400,1092100
P3,sycl,dpcpp-ocl-jit-usm,cpu,gemm,256,iso,46,985100,1074900
P3,sycl,dpcpp-ocl-jit-usm,cpu,gemm,256,iso,47,987700,1075000
P3,sycl,dpcpp-ocl-jit-usm,cpu,gemm,256,iso,48,979500,1079000
P3,sycl,dpcpp-ocl-jit-usm,cpu,gemm,256,iso,49,1127500,1200000
P3,sycl,dpcpp-ocl-jit-usm,cpu,gemm,256,iso,50,992900,1079100
P3,sycl,dpcpp-ocl-jit-usm,cpu,gemm,256,iso,51,972300,1066600
P3,sycl,dpcpp-ocl-jit-usm,cpu,gemm,256,iso,52,984700,1071800
P3,sycl,dpcpp-ocl-jit-usm,cpu,gemm,256,iso,53,979400,1257700
P3,sycl,dpcpp-ocl-jit-usm,cpu,gemm,256,iso,54,991500,1201300
P3,sycl,dpcpp-ocl-jit-usm,cpu,gemm,256,iso,55,995500,1159200
P3,sycl,dpcpp-ocl-jit-usm,cpu,gemm,256,iso,56,983200,1079200
P3,sycl,dpcpp-ocl-jit-usm,cpu,gemm,256,iso,57,988900,1081700
P3,sycl,dpcpp-ocl-jit-usm,cpu,gemm,256,iso,58,987700,1233100
P3,sycl,dpcpp-ocl-jit-usm,cpu,gemm,256,iso,59,1106400,1085900
P3,sycl,dpcpp-ocl-jit-usm,cpu,gemm,256,iso,60,985600,1076200
P3,sycl,dpcpp-ocl-jit-usm,cpu,gemm,256,iso,61,980900,1078700
P3,sycl,dpcpp-ocl-jit-usm,cpu,gemm,256,iso,62,1002800,1066700
P3,sycl,dpcpp-ocl-jit-usm,cpu,gemm,256,iso,63,1135100,1197300
P3,sycl,dpcpp-ocl-jit-usm,cpu,gemm,256,iso,64,983400,1086500
P3,sycl,dpcpp-ocl-jit-usm,cpu,gemm,256,iso,65,985200,1070800
P3,sycl,dpcpp-ocl-jit-usm,cpu,gemm,256,iso,66,981200,1075300
P3,sycl,dpcpp-ocl-jit-usm,cpu,gemm,256,iso,67,982000,1067700
P3,sycl,dpcpp-ocl-jit-usm,cpu,gemm,256,iso,68,1132000,1202700
P3,sycl,dpcpp-ocl-jit-usm,cpu,gemm,256,iso,69,988700,1063900
P3,sycl,dpcpp-ocl-jit-usm,cpu,gemm,256,iso,70,1003600,1071800
P3,sycl,dpcpp-ocl-jit-usm,cpu,gemm,256,iso,71,998300,1078600
P3,sycl,dpcpp-ocl-jit-usm,cpu,gemm,256,iso,72,992300,1231600
P3,sycl,dpcpp-ocl-jit-usm,cpu,gemm,256,iso,73,1100900,1099500
P3,sycl,dpcpp-ocl-jit-usm,cpu,gemm,256,iso,74,987600,1068100
P3,sycl,dpcpp-ocl-jit-usm,cpu,gemm,256,iso,75,985700,1073900
P3,sycl,dpcpp-ocl-jit-usm,cpu,gemm,256,iso,76,981700,1072200
P3,sycl,dpcpp-ocl-jit-usm,cpu,gemm,256,iso,77,1126600,1126900
P3,sycl,dpcpp-ocl-jit-usm,cpu,gemm,256,iso,78,1105400,1098700
P3,sycl,dpcpp-ocl-jit-usm,cpu,gemm,256,iso,79,979400,1068700
P3,sycl,dpcpp-ocl-jit-usm,cpu,gemm,256,iso,80,991800,1071400
P3,sycl,dpcpp-ocl-jit-usm,cpu,gemm,256,iso,81,979400,1074100
P3,sycl,dpcpp-ocl-jit-usm,cpu,gemm,256,iso,82,1137600,1209700
P3,sycl,dpcpp-ocl-jit-usm,cpu,gemm,256,iso,83,984900,1083100
P3,sycl,dpcpp-ocl-jit-usm,cpu,gemm,256,iso,84,982100,1075000
P3,sycl,dpcpp-ocl-jit-usm,cpu,gemm,256,iso,85,985700,1068200
P3,sycl,dpcpp-ocl-jit-usm,cpu,gemm,256,iso,86,993400,1232400
P3,sycl,dpcpp-ocl-jit-usm,cpu,gemm,256,iso,87,1087400,1095000
P3,sycl,dpcpp-ocl-jit-usm,cpu,gemm,256,iso,88,988300,1082400
P3,sycl,dpcpp-ocl-jit-usm,cpu,gemm,256,iso,89,977200,1065800
P3,sycl,dpcpp-ocl-jit-usm,cpu,gemm,256,iso,90,984800,1069200
P3,sycl,dpcpp-ocl-jit-usm,cpu,gemm,256,iso,91,986700,1231200
P3,sycl,dpcpp-ocl-jit-usm,cpu,gemm,256,iso,92,1093600,1087900
P3,sycl,dpcpp-ocl-jit-usm,cpu,gemm,256,iso,93,986900,1069400
P3,sycl,dpcpp-ocl-jit-usm,cpu,gemm,256,iso,94,978700,1075000
P3,sycl,dpcpp-ocl-jit-usm,cpu,gemm,256,iso,95,981100,1073600
P3,sycl,dpcpp-ocl-jit-usm,cpu,gemm,256,iso,96,1133300,1200100
P3,sycl,dpcpp-ocl-jit-usm,cpu,gemm,256,iso,97,985400,1071100
P3,sycl,dpcpp-ocl-jit-usm,cpu,gemm,256,iso,98,987200,1069700
P3,sycl,dpcpp-ocl-jit-usm,cpu,gemm,256,iso,99,985500,1078200
P3,sycl,dpcpp-ocl-jit-usm,cpu,gemm,256,iso,100,971500,1076200
P3,sycl,dpcpp-ocl-jit-usm,cpu,gemm,256,iso,101,1149500,1205400
P3,sycl,dpcpp-ocl-jit-usm,cpu,gemm,256,iso,102,1012100,1066600
P3,sycl,dpcpp-ocl-jit-usm,cpu,gemm,256,iso,103,986400,1069500
P3,sycl,dpcpp-ocl-jit-usm,cpu,gemm,256,iso,104,998300,1071500
P3,sycl,dpcpp-ocl-jit-usm,cpu,gemm,256,iso,105,982700,1225500
P3,sycl,dpcpp-ocl-jit-usm,cpu,gemm,256,iso,106,1113200,1083600
P3,sycl,dpcpp-ocl-jit-usm,cpu,gemm,256,iso,107,989300,1093700
P3,sycl,dpcpp-ocl-jit-usm,cpu,gemm,256,iso,108,977600,1079600
P3,sycl,dpcpp-ocl-jit-usm,cpu,gemm,256,iso,109,981700,1079000
P3,sycl,dpcpp-ocl-jit-usm,cpu,gemm,256,iso,110,1134000,1091500
P3,sycl,dpcpp-ocl-jit-usm,cpu,gemm,256,iso,111,1087600,1081800
P3,sycl,dpcpp-ocl-jit-usm,cpu,gemm,256,iso,112,984000,1079800
P3,sycl,dpcpp-ocl-jit-usm,cpu,gemm,256,iso,113,972100,1086700
P3,sycl,dpcpp-ocl-jit-usm,cpu,gemm,256,iso,114,979100,1074000
P3,sycl,dpcpp-ocl-jit-usm,cpu,gemm,256,iso,115,1138800,1255500
P3,sycl,dpcpp-ocl-jit-usm,cpu,gemm,256,iso,116,993100,1072100
P3,sycl,dpcpp-ocl-jit-usm,cpu,gemm,256,iso,117,977300,1082500
P3,sycl,dpcpp-ocl-jit-usm,cpu,gemm,256,iso,118,994400,1086800
P3,sycl,dpcpp-ocl-jit-usm,cpu,gemm,256,iso,119,993500,1240800
P3,sycl,dpcpp-ocl-jit-usm,cpu,gemm,256,iso,120,999300,1079500
P3,sycl,dpcpp-ocl-jit-usm,cpu,gemm,256,iso,121,1190700,1091000
P3,sycl,dpcpp-ocl-jit-usm,cpu,gemm,256,iso,122,988500,1075400
P3,sycl,dpcpp-ocl-jit-usm,cpu,gemm,256,iso,123,984300,1090000
P3,sycl,dpcpp-ocl-jit-usm,cpu,gemm,256,iso,124,993600,1244600
P3,sycl,dpcpp-ocl-jit-usm,cpu,gemm,256,iso,125,986200,1087400
P3,sycl,dpcpp-ocl-jit-usm,cpu,gemm,256,iso,126,975200,1224700
P3,sycl,dpcpp-ocl-jit-usm,cpu,gemm,256,iso,127,989700,1069200
P3,sycl,dpcpp-ocl-jit-usm,cpu,gemm,256,iso,128,988700,1072000
P3,sycl,dpcpp-ocl-jit-usm,cpu,gemm,256,iso,129,1145300,1089600
P3,sycl,dpcpp-ocl-jit-usm,cpu,gemm,256,iso,130,1107300,1090300
P3,sycl,dpcpp-ocl-jit-usm,cpu,gemm,256,iso,131,991500,1073500
P3,sycl,dpcpp-ocl-jit-usm,cpu,gemm,256,iso,132,992200,1074300
P3,sycl,dpcpp-ocl-jit-usm,cpu,gemm,256,iso,133,978300,1242400
P3,sycl,dpcpp-ocl-jit-usm,cpu,gemm,256,iso,134,1020200,1206400
P3,sycl,dpcpp-ocl-jit-usm,cpu,gemm,256,iso,135,994300,1077400
P3,sycl,dpcpp-ocl-jit-usm,cpu,gemm,256,iso,136,993600,1064200
P3,sycl,dpcpp-ocl-jit-usm,cpu,gemm,256,iso,137,988900,1073300
P3,sycl,dpcpp-ocl-jit-usm,cpu,gemm,256,iso,138,981000,1252400
P3,sycl,dpcpp-ocl-jit-usm,cpu,gemm,256,iso,139,1097800,1085000
P3,sycl,dpcpp-ocl-jit-usm,cpu,gemm,256,iso,140,983300,1078200
P3,sycl,dpcpp-ocl-jit-usm,cpu,gemm,256,iso,141,990400,1082100
P3,sycl,dpcpp-ocl-jit-usm,cpu,gemm,256,iso,142,981300,1068300
P3,sycl,dpcpp-ocl-jit-usm,cpu,gemm,256,iso,143,1130300,1094000
P3,sycl,dpcpp-ocl-jit-usm,cpu,gemm,256,iso,144,976600,1070100
P3,sycl,dpcpp-ocl-jit-usm,cpu,gemm,256,iso,145,1092200,1094600
P3,sycl,dpcpp-ocl-jit-usm,cpu,gemm,256,iso,146,983700,1073300
P3,sycl,dpcpp-ocl-jit-usm,cpu,gemm,256,iso,147,984000,1082500
P3,sycl,dpcpp-ocl-jit-usm,cpu,gemm,256,iso,148,1130900,1190100
P3,sycl,dpcpp-ocl-jit-usm,cpu,gemm,256,iso,149,1010400,1071800
P3,sycl,dpcpp-ocl-jit-usm,cpu,gemm,256,iso,150,997500,1069600
P3,sycl,dpcpp-ocl-jit-usm,cpu,gemm,256,iso,151,1000200,1074500
P3,sycl,dpcpp-ocl-jit-usm,cpu,gemm,256,iso,152,988700,1278300
P3,sycl,dpcpp-ocl-jit-usm,cpu,gemm,256,iso,153,1108500,1086500
P3,sycl,dpcpp-ocl-jit-usm,cpu,gemm,256,iso,154,999900,1069300
P3,sycl,dpcpp-ocl-jit-usm,cpu,gemm,256,iso,155,992700,1084200
P3,sycl,dpcpp-ocl-jit-usm,cpu,gemm,256,iso,156,998700,1082600
P3,sycl,dpcpp-ocl-jit-usm,cpu,gemm,256,iso,157,1145600,1101000
P3,sycl,dpcpp-ocl-jit-usm,cpu,gemm,256,iso,158,1107200,1094900
P3,sycl,dpcpp-ocl-jit-usm,cpu,gemm,256,iso,159,981400,1071000
P3,sycl,dpcpp-ocl-jit-usm,cpu,gemm,256,iso,160,984600,1077000
P3,sycl,dpcpp-ocl-jit-usm,cpu,gemm,256,iso,161,991300,1084800
P3,sycl,dpcpp-ocl-jit-usm,cpu,gemm,256,iso,162,1134700,1089000
P3,sycl,dpcpp-ocl-jit-usm,cpu,gemm,256,iso,163,981000,1078500
P3,sycl,dpcpp-ocl-jit-usm,cpu,gemm,256,iso,164,1109800,1091700
P3,sycl,dpcpp-ocl-jit-usm,cpu,gemm,256,iso,165,989300,1077300
P3,sycl,dpcpp-ocl-jit-usm,cpu,gemm,256,iso,166,1004400,1237200
P3,sycl,dpcpp-ocl-jit-usm,cpu,gemm,256,iso,167,1106100,1102500
P3,sycl,dpcpp-ocl-jit-usm,cpu,gemm,256,iso,168,976500,1077400
P3,sycl,dpcpp-ocl-jit-usm,cpu,gemm,256,iso,169,982700,1072300
P3,sycl,dpcpp-ocl-jit-usm,cpu,gemm,256,iso,170,991200,1073300
P3,sycl,dpcpp-ocl-jit-usm,cpu,gemm,256,iso,171,1148800,1097400
P3,sycl,dpcpp-ocl-jit-usm,cpu,gemm,256,iso,172,1110500,1102400
P3,sycl,dpcpp-ocl-jit-usm,cpu,gemm,256,iso,173,981500,1077800
P3,sycl,dpcpp-ocl-jit-usm,cpu,gemm,256,iso,174,983900,1082500
P3,sycl,dpcpp-ocl-jit-usm,cpu,gemm,256,iso,175,983700,1067300
P3,sycl,dpcpp-ocl-jit-usm,cpu,gemm,256,iso,176,1134800,1190400
P3,sycl,dpcpp-ocl-jit-usm,cpu,gemm,256,iso,177,994700,1086500
P3,sycl,dpcpp-ocl-jit-usm,cpu,gemm,256,iso,178,989700,1082800
P3,sycl,dpcpp-ocl-jit-usm,cpu,gemm,256,iso,179,983900,1076700
P3,sycl,dpcpp-ocl-jit-usm,cpu,gemm,256,iso,180,982100,1232100
P3,sycl,dpcpp-ocl-jit-usm,cpu,gemm,256,iso,181,1099400,1087200
P3,sycl,dpcpp-ocl-jit-usm,cpu,gemm,256,iso,182,1007400,1068500
P3,sycl,dpcpp-ocl-jit-usm,cpu,gemm,256,iso,183,982700,1072000
P3,sycl,dpcpp-ocl-jit-usm,cpu,gemm,256,iso,184,995300,1074200
P3,sycl,dpcpp-ocl-jit-usm,cpu,gemm,256,iso,185,988200,1237100
P3,sycl,dpcpp-ocl-jit-usm,cpu,gemm,256,iso,186,1097100,1081200
P3,sycl,dpcpp-ocl-jit-usm,cpu,gemm,256,iso,187,989800,1081600
P3,sycl,dpcpp-ocl-jit-usm,cpu,gemm,256,iso,188,983300,1070900
P3,sycl,dpcpp-ocl-jit-usm,cpu,gemm,256,iso,189,980900,1077200
P3,sycl,dpcpp-ocl-jit-usm,cpu,gemm,256,iso,190,1136000,1272900
P3,sycl,dpcpp-ocl-jit-usm,cpu,gemm,256,iso,191,1004200,1082200
P3,sycl,dpcpp-ocl-jit-usm,cpu,gemm,256,iso,192,980300,1087900
P3,sycl,dpcpp-ocl-jit-usm,cpu,gemm,256,iso,193,985800,1076400
P3,sycl,dpcpp-ocl-jit-usm,cpu,gemm,256,iso,194,989300,1250300
P3,sycl,dpcpp-ocl-jit-usm,cpu,gemm,256,iso,195,992400,1212400
P3,sycl,dpcpp-ocl-jit-usm,cpu,gemm,256,iso,196,990800,1069500
P3,sycl,dpcpp-ocl-jit-usm,cpu,gemm,256,iso,197,988200,1075200
P3,sycl,dpcpp-ocl-jit-usm,cpu,gemm,256,iso,198,1012100,1080900
P3,sycl,dpcpp-ocl-jit-usm,cpu,gemm,256,iso,199,990800,1236200
P3,sycl,dpcpp-ocl-jit-usm,cpu,gemm,256,iso,200,1103300,1091700
P3,sycl,dpcpp-ocl-jit-usm,cpu,gemm,256,iso,201,983700,1084000
P3,sycl,dpcpp-ocl-jit-usm,cpu,gemm,256,iso,202,988000,1072600
P3,sycl,dpcpp-ocl-jit-usm,cpu,gemm,256,iso,203,979000,1070200
P3,sycl,dpcpp-ocl-jit-usm,cpu,gemm,256,iso,204,1139500,1197600
P3,sycl,dpcpp-ocl-jit-usm,cpu,gemm,256,iso,205,986900,1073200
P3,sycl,dpcpp-ocl-jit-usm,cpu,gemm,256,iso,206,984200,1085600
P3,sycl,dpcpp-ocl-jit-usm,cpu,gemm,256,iso,207,982600,1084400
P3,sycl,dpcpp-ocl-jit-usm,cpu,gemm,256,iso,208,995000,1079000
P3,sycl,dpcpp-ocl-jit-usm,cpu,gemm,256,iso,209,1148400,1198300
P3,sycl,dpcpp-ocl-jit-usm,cpu,gemm,256,iso,210,989800,1069000
P3,sycl,dpcpp-ocl-jit-usm,cpu,gemm,256,iso,211,981800,1078900
P3,sycl,dpcpp-ocl-jit-usm,cpu,gemm,256,iso,212,1004000,1074100
P3,sycl,dpcpp-ocl-jit-usm,cpu,gemm,256,iso,213,978100,1237500
P3,sycl,dpcpp-ocl-jit-usm,cpu,gemm,256,iso,214,1123200,1087200
P3,sycl,dpcpp-ocl-jit-usm,cpu,gemm,256,iso,215,987800,1080300
P3,sycl,dpcpp-ocl-jit-usm,cpu,gemm,256,iso,216,982400,1070100
P3,sycl,dpcpp-ocl-jit-usm,cpu,gemm,256,iso,217,986800,1077700
P3,sycl,dpcpp-ocl-jit-usm,cpu,gemm,256,iso,218,1135800,1193100
P3,sycl,dpcpp-ocl-jit-usm,cpu,gemm,256,iso,219,1006100,1079400
P3,sycl,dpcpp-ocl-jit-usm,cpu,gemm,256,iso,220,993700,1074000
P3,sycl,dpcpp-ocl-jit-usm,cpu,gemm,256,iso,221,980300,1087500
P3,sycl,dpcpp-ocl-jit-usm,cpu,gemm,256,iso,222,980200,1072800
P3,sycl,dpcpp-ocl-jit-usm,cpu,gemm,256,iso,223,1150000,1213600
P3,sycl,dpcpp-ocl-jit-usm,cpu,gemm,256,iso,224,983300,1075400
P3,sycl,dpcpp-ocl-jit-usm,cpu,gemm,256,iso,225,977300,1074800
P3,sycl,dpcpp-ocl-jit-usm,cpu,gemm,256,iso,226,993000,1085200
P3,sycl,dpcpp-ocl-jit-usm,cpu,gemm,256,iso,227,984400,1983800
P3,sycl,dpcpp-ocl-jit-usm,cpu,gemm,256,iso,228,1109300,1105900
P3,sycl,dpcpp-ocl-jit-usm,cpu,gemm,256,iso,229,1006500,1097500
P3,sycl,dpcpp-ocl-jit-usm,cpu,gemm,256,iso,230,983700,1089100
P3,sycl,dpcpp-ocl-jit-usm,cpu,gemm,256,iso,231,981800,1078700
P3,sycl,dpcpp-ocl-jit-usm,cpu,gemm,256,iso,232,1013700,1193100
P3,sycl,dpcpp-ocl-jit-usm,cpu,gemm,256,iso,233,1005900,1085700
P3,sycl,dpcpp-ocl-jit-usm,cpu,gemm,256,iso,234,979900,1101400
P3,sycl,dpcpp-ocl-jit-usm,cpu,gemm,256,iso,235,985300,1071900
P3,sycl,dpcpp-ocl-jit-usm,cpu,gemm,256,iso,236,993200,1085600
P3,sycl,dpcpp-ocl-jit-usm,cpu,gemm,256,iso,237,995200,1194100
P3,sycl,dpcpp-ocl-jit-usm,cpu,gemm,256,iso,238,996700,1071400
P3,sycl,dpcpp-ocl-jit-usm,cpu,gemm,256,iso,239,993300,1082300
P3,sycl,dpcpp-ocl-jit-usm,cpu,gemm,256,iso,240,998200,1074800
P3,sycl,dpcpp-ocl-jit-usm,cpu,gemm,256,iso,241,1002400,1095400
P3,sycl,dpcpp-ocl-jit-usm,cpu,gemm,256,iso,242,1084000,1096900
P3,sycl,dpcpp-ocl-jit-usm,cpu,gemm,256,iso,243,995100,1083900
P3,sycl,dpcpp-ocl-jit-usm,cpu,gemm,256,iso,244,980800,1077000
P3,sycl,dpcpp-ocl-jit-usm,cpu,gemm,256,iso,245,1030400,1087300
P3,sycl,dpcpp-ocl-jit-usm,cpu,gemm,256,iso,246,1144300,1090000
P3,sycl,dpcpp-ocl-jit-usm,cpu,gemm,256,iso,247,1112400,1091100
P3,sycl,dpcpp-ocl-jit-usm,cpu,gemm,256,iso,248,989800,1083000
P3,sycl,dpcpp-ocl-jit-usm,cpu,gemm,256,iso,249,978600,1072100
P3,sycl,dpcpp-ocl-jit-usm,cpu,gemm,256,iso,250,976000,1071700
P3,sycl,dpcpp-ocl-jit-usm,cpu,gemm,256,iso,251,1152200,1207600
P3,sycl,dpcpp-ocl-jit-usm,cpu,gemm,256,iso,252,988600,1067800
P3,sycl,dpcpp-ocl-jit-usm,cpu,gemm,256,iso,253,999600,1069400
P3,sycl,dpcpp-ocl-jit-usm,cpu,gemm,256,iso,254,984800,1074300
P3,sycl,dpcpp-ocl-jit-usm,cpu,gemm,256,iso,255,983400,1224100
P3,sycl,dpcpp-ocl-jit-usm,cpu,gemm,256,iso,256,1108000,1096700
P3,sycl,dpcpp-ocl-jit-usm,cpu,gemm,256,iso,257,993000,1084700
P3,sycl,dpcpp-ocl-jit-usm,cpu,gemm,256,iso,258,991800,1079300
P3,sycl,dpcpp-ocl-jit-usm,cpu,gemm,256,iso,259,985600,1075900
P3,sycl,dpcpp-ocl-jit-usm,cpu,gemm,256,iso,260,987400,1249900
P3,sycl,dpcpp-ocl-jit-usm,cpu,gemm,256,iso,261,1109200,1085700
P3,sycl,dpcpp-ocl-jit-usm,cpu,gemm,256,iso,262,985600,1065400
P3,sycl,dpcpp-ocl-jit-usm,cpu,gemm,256,iso,263,1060800,1088200
P3,sycl,dpcpp-ocl-jit-usm,cpu,gemm,256,iso,264,981300,1065200
P3,sycl,dpcpp-ocl-jit-usm,cpu,gemm,256,iso,265,1147100,1240600
P3,sycl,dpcpp-ocl-jit-usm,cpu,gemm,256,iso,266,1009200,1077400
P3,sycl,dpcpp-ocl-jit-usm,cpu,gemm,256,iso,267,984300,1075800
P3,sycl,dpcpp-ocl-jit-usm,cpu,gemm,256,iso,268,1011200,1078600
P3,sycl,dpcpp-ocl-jit-usm,cpu,gemm,256,iso,269,994300,1229300
P3,sycl,dpcpp-ocl-jit-usm,cpu,gemm,256,iso,270,1105100,1100700
P3,sycl,dpcpp-ocl-jit-usm,cpu,gemm,256,iso,271,988600,1064200
P3,sycl,dpcpp-ocl-jit-usm,cpu,gemm,256,iso,272,998800,1074800
P3,sycl,dpcpp-ocl-jit-usm,cpu,gemm,256,iso,273,1000900,1069700
P3,sycl,dpcpp-ocl-jit-usm,cpu,gemm,256,iso,274,983100,1237800
P3,sycl,dpcpp-ocl-jit-usm,cpu,gemm,256,iso,275,1091300,1091900
P3,sycl,dpcpp-ocl-jit-usm,cpu,gemm,256,iso,276,982300,1098700
P3,sycl,dpcpp-ocl-jit-usm,cpu,gemm,256,iso,277,995400,1083100
P3,sycl,dpcpp-ocl-jit-usm,cpu,gemm,256,iso,278,983600,1065200
P3,sycl,dpcpp-ocl-jit-usm,cpu,gemm,256,iso,279,1130700,1199800
P3,sycl,dpcpp-ocl-jit-usm,cpu,gemm,256,iso,280,1000200,1085500
P3,sycl,dpcpp-ocl-jit-usm,cpu,gemm,256,iso,281,987600,1071700
P3,sycl,dpcpp-ocl-jit-usm,cpu,gemm,256,iso,282,980100,1076200
P3,sycl,dpcpp-ocl-jit-usm,cpu,gemm,256,iso,283,982800,1079000
P3,sycl,dpcpp-ocl-jit-usm,cpu,gemm,256,iso,284,1131600,1211000
P3,sycl,dpcpp-ocl-jit-usm,cpu,gemm,256,iso,285,985300,1064400
P3,sycl,dpcpp-ocl-jit-usm,cpu,gemm,256,iso,286,989700,1069300
P3,sycl,dpcpp-ocl-jit-usm,cpu,gemm,256,iso,287,992100,1074600
P3,sycl,dpcpp-ocl-jit-usm,cpu,gemm,256,iso,288,982100,1235200
P3,sycl,dpcpp-ocl-jit-usm,cpu,gemm,256,iso,289,1102100,1088700
P3,sycl,dpcpp-ocl-jit-usm,cpu,gemm,256,iso,290,982400,1165600
P3,sycl,dpcpp-ocl-jit-usm,cpu,gemm,256,iso,291,992000,1068600
P3,sycl,dpcpp-ocl-jit-usm,cpu,gemm,256,iso,292,987400,1091800
P3,sycl,dpcpp-ocl-jit-usm,cpu,gemm,256,iso,293,1126300,1103400
P3,sycl,dpcpp-ocl-jit-usm,cpu,gemm,256,iso,294,978200,1074600
P3,sycl,dpcpp-ocl-jit-usm,cpu,gemm,256,iso,295,989700,1188400
P3,sycl,dpcpp-ocl-jit-usm,cpu,gemm,256,iso,296,997500,1081400
P3,sycl,dpcpp-ocl-jit-usm,cpu,gemm,256,iso,297,996900,1072500
P3,sycl,dpcpp-ocl-jit-usm,cpu,gemm,256,iso,298,1129600,1232800
P3,sycl,dpcpp-ocl-jit-usm,cpu,gemm,256,iso,299,996100,1066100
P3,sycl,dpcpp-ocl-jit-usm,cpu,gemm,256,iso,300,982100,1084700
P3,sycl,dpcpp-ocl-jit-usm,cpu,gemm,256,iso,301,987600,1098500
P3,sycl,dpcpp-ocl-jit-usm,cpu,gemm,256,iso,302,983500,1224100
P3,sycl,dpcpp-ocl-jit-usm,cpu,gemm,256,iso,303,1034200,1083100
P3,sycl,dpcpp-ocl-jit-usm,cpu,gemm,256,iso,304,987000,1184200
P3,sycl,dpcpp-ocl-jit-usm,cpu,gemm,256,iso,305,994300,1070900
P3,sycl,dpcpp-ocl-jit-usm,cpu,gemm,256,iso,306,986400,1075900
P3,sycl,dpcpp-ocl-jit-usm,cpu,gemm,256,iso,307,987800,1235100
P3,sycl,dpcpp-ocl-jit-usm,cpu,gemm,256,iso,308,1089800,1112200
P3,sycl,dpcpp-ocl-jit-usm,cpu,gemm,256,iso,309,985000,1075400
P3,sycl,dpcpp-ocl-jit-usm,cpu,gemm,256,iso,310,980800,1079300
P3,sycl,dpcpp-ocl-jit-usm,cpu,gemm,256,iso,311,985800,1080600
P3,sycl,dpcpp-ocl-jit-usm,cpu,gemm,256,iso,312,1128000,1207400
P3,sycl,dpcpp-ocl-jit-usm,cpu,gemm,256,iso,313,991300,1096000
P3,sycl,dpcpp-ocl-jit-usm,cpu,gemm,256,iso,314,986000,1084200
P3,sycl,dpcpp-ocl-jit-usm,cpu,gemm,256,iso,315,1007600,1083900
P3,sycl,dpcpp-ocl-jit-usm,cpu,gemm,256,iso,316,980100,1223100
P3,sycl,dpcpp-ocl-jit-usm,cpu,gemm,256,iso,317,985200,1203000
P3,sycl,dpcpp-ocl-jit-usm,cpu,gemm,256,iso,318,988000,1079700
P3,sycl,dpcpp-ocl-jit-usm,cpu,gemm,256,iso,319,979500,1078400
P3,sycl,dpcpp-ocl-jit-usm,cpu,gemm,256,iso,320,988600,1064400
P3,sycl,dpcpp-ocl-jit-usm,cpu,gemm,256,iso,321,985600,1232100
P3,sycl,dpcpp-ocl-jit-usm,cpu,gemm,256,iso,322,1111100,1097200
P3,sycl,dpcpp-ocl-jit-usm,cpu,gemm,256,iso,323,987800,1077900
P3,sycl,dpcpp-ocl-jit-usm,cpu,gemm,256,iso,324,989800,1088200
P3,sycl,dpcpp-ocl-jit-usm,cpu,gemm,256,iso,325,983500,1074600
P3,sycl,dpcpp-ocl-jit-usm,cpu,gemm,256,iso,326,1138100,1212700
P3,sycl,dpcpp-ocl-jit-usm,cpu,gemm,256,iso,327,989800,1074900
P3,sycl,dpcpp-ocl-jit-usm,cpu,gemm,256,iso,328,979700,1075400
P3,sycl,dpcpp-ocl-jit-usm,cpu,gemm,256,iso,329,980000,1090900
P3,sycl,dpcpp-ocl-jit-usm,cpu,gemm,256,iso,330,986300,1257300
P3,sycl,dpcpp-ocl-jit-usm,cpu,gemm,256,iso,331,995200,1210200
P3,sycl,dpcpp-ocl-jit-usm,cpu,gemm,256,iso,332,985900,1071700
P3,sycl,dpcpp-ocl-jit-usm,cpu,gemm,256,iso,333,985000,1081900
P3,sycl,dpcpp-ocl-jit-usm,cpu,gemm,256,iso,334,985500,1079400
P3,sycl,dpcpp-ocl-jit-usm,cpu,gemm,256,iso,335,983700,1252300
P3,sycl,dpcpp-ocl-jit-usm,cpu,gemm,256,iso,336,1108600,1090800
P3,sycl,dpcpp-ocl-jit-usm,cpu,gemm,256,iso,337,981300,1086000
P3,sycl,dpcpp-ocl-jit-usm,cpu,gemm,256,iso,338,993900,1075700
P3,sycl,dpcpp-ocl-jit-usm,cpu,gemm,256,iso,339,989200,1072200
P3,sycl,dpcpp-ocl-jit-usm,cpu,gemm,256,iso,340,1139700,1272300
P3,sycl,dpcpp-ocl-jit-usm,cpu,gemm,256,iso,341,992600,1067400
P3,sycl,dpcpp-ocl-jit-usm,cpu,gemm,256,iso,342,982800,1075900
P3,sycl,dpcpp-ocl-jit-usm,cpu,gemm,256,iso,343,978300,1068000
P3,sycl,dpcpp-ocl-jit-usm,cpu,gemm,256,iso,344,982600,1064700
P3,sycl,dpcpp-ocl-jit-usm,cpu,gemm,256,iso,345,1143100,1203800
P3,sycl,dpcpp-ocl-jit-usm,cpu,gemm,256,iso,346,995400,1069700
P3,sycl,dpcpp-ocl-jit-usm,cpu,gemm,256,iso,347,994500,1075500
P3,sycl,dpcpp-ocl-jit-usm,cpu,gemm,256,iso,348,989900,1067200
P3,sycl,dpcpp-ocl-jit-usm,cpu,gemm,256,iso,349,989000,1221300
P3,sycl,dpcpp-ocl-jit-usm,cpu,gemm,256,iso,350,1096500,1089500
P3,sycl,dpcpp-ocl-jit-usm,cpu,gemm,256,iso,351,994300,1087900
P3,sycl,dpcpp-ocl-jit-usm,cpu,gemm,256,iso,352,988600,1075500
P3,sycl,dpcpp-ocl-jit-usm,cpu,gemm,256,iso,353,982700,1072300
P3,sycl,dpcpp-ocl-jit-usm,cpu,gemm,256,iso,354,991900,1230000
P3,sycl,dpcpp-ocl-jit-usm,cpu,gemm,256,iso,355,1182700,1081700
P3,sycl,dpcpp-ocl-jit-usm,cpu,gemm,256,iso,356,989800,1094600
P3,sycl,dpcpp-ocl-jit-usm,cpu,gemm,256,iso,357,993900,1078300
P3,sycl,dpcpp-ocl-jit-usm,cpu,gemm,256,iso,358,989400,1084200
P3,sycl,dpcpp-ocl-jit-usm,cpu,gemm,256,iso,359,1141800,1200600
P3,sycl,dpcpp-ocl-jit-usm,cpu,gemm,256,iso,360,996200,1077500
P3,sycl,dpcpp-ocl-jit-usm,cpu,gemm,256,iso,361,982600,1072400
P3,sycl,dpcpp-ocl-jit-usm,cpu,gemm,256,iso,362,980400,1075300
P3,sycl,dpcpp-ocl-jit-usm,cpu,gemm,256,iso,363,987000,1232000
P3,sycl,dpcpp-ocl-jit-usm,cpu,gemm,256,iso,364,1100100,1092600
P3,sycl,dpcpp-ocl-jit-usm,cpu,gemm,256,iso,365,981300,1057000
P3,sycl,dpcpp-ocl-jit-usm,cpu,gemm,256,iso,366,998100,1072900
P3,sycl,dpcpp-ocl-jit-usm,cpu,gemm,256,iso,367,992500,1080400
P3,sycl,dpcpp-ocl-jit-usm,cpu,gemm,256,iso,368,981000,1228300
P3,sycl,dpcpp-ocl-jit-usm,cpu,gemm,256,iso,369,1090600,1082100
P3,sycl,dpcpp-ocl-jit-usm,cpu,gemm,256,iso,370,981400,1069700
P3,sycl,dpcpp-ocl-jit-usm,cpu,gemm,256,iso,371,999000,1077900
P3,sycl,dpcpp-ocl-jit-usm,cpu,gemm,256,iso,372,986900,1095200
P3,sycl,dpcpp-ocl-jit-usm,cpu,gemm,256,iso,373,1156500,1228100
P3,sycl,dpcpp-ocl-jit-usm,cpu,gemm,256,iso,374,992900,1083800
P3,sycl,dpcpp-ocl-jit-usm,cpu,gemm,256,iso,375,982200,1075700
P3,sycl,dpcpp-ocl-jit-usm,cpu,gemm,256,iso,376,993100,1084000
P3,sycl,dpcpp-ocl-jit-usm,cpu,gemm,256,iso,377,987500,1233600
P3,sycl,dpcpp-ocl-jit-usm,cpu,gemm,256,iso,378,1024800,1189100
P3,sycl,dpcpp-ocl-jit-usm,cpu,gemm,256,iso,379,989500,1090800
P3,sycl,dpcpp-ocl-jit-usm,cpu,gemm,256,iso,380,986000,1076000
P3,sycl,dpcpp-ocl-jit-usm,cpu,gemm,256,iso,381,990000,1066900
P3,sycl,dpcpp-ocl-jit-usm,cpu,gemm,256,iso,382,991500,1240100
P3,sycl,dpcpp-ocl-jit-usm,cpu,gemm,256,iso,383,1103600,1099100
P3,sycl,dpcpp-ocl-jit-usm,cpu,gemm,256,iso,384,990100,1072800
P3,sycl,dpcpp-ocl-jit-usm,cpu,gemm,256,iso,385,978600,1078800
P3,sycl,dpcpp-ocl-jit-usm,cpu,gemm,256,iso,386,979800,1075600
P3,sycl,dpcpp-ocl-jit-usm,cpu,gemm,256,iso,387,1142500,1202500
P3,sycl,dpcpp-ocl-jit-usm,cpu,gemm,256,iso,388,989500,1106200
P3,sycl,dpcpp-ocl-jit-usm,cpu,gemm,256,iso,389,991300,1078800
P3,sycl,dpcpp-ocl-jit-usm,cpu,gemm,256,iso,390,991500,1069400
P3,sycl,dpcpp-ocl-jit-usm,cpu,gemm,256,iso,391,984000,1067800
P3,sycl,dpcpp-ocl-jit-usm,cpu,gemm,256,iso,392,1140600,1205700
P3,sycl,dpcpp-ocl-jit-usm,cpu,gemm,256,iso,393,989400,1073100
P3,sycl,dpcpp-ocl-jit-usm,cpu,gemm,256,iso,394,986800,1068500
P3,sycl,dpcpp-ocl-jit-usm,cpu,gemm,256,iso,395,1000900,1077100
P3,sycl,dpcpp-ocl-jit-usm,cpu,gemm,256,iso,396,985700,1250500
P3,sycl,dpcpp-ocl-jit-usm,cpu,gemm,256,iso,397,995400,1193400
P3,sycl,dpcpp-ocl-jit-usm,cpu,gemm,256,iso,398,1003300,1067700
P3,sycl,dpcpp-ocl-jit-usm,cpu,gemm,256,iso,399,990000,1066700
P3,sycl,dpcpp-ocl-jit-usm,cpu,gemm,256,iso,400,982500,1075600
P3,sycl,dpcpp-ocl-jit-usm,cpu,gemm,256,iso,401,1140500,1076600
P3,sycl,dpcpp-ocl-jit-usm,cpu,gemm,256,iso,402,1101200,1092300
P3,sycl,dpcpp-ocl-jit-usm,cpu,gemm,256,iso,403,978700,1076000
P3,sycl,dpcpp-ocl-jit-usm,cpu,gemm,256,iso,404,980100,1090700
P3,sycl,dpcpp-ocl-jit-usm,cpu,gemm,256,iso,405,990200,1072000
P3,sycl,dpcpp-ocl-jit-usm,cpu,gemm,256,iso,406,1122600,1211500
P3,sycl,dpcpp-ocl-jit-usm,cpu,gemm,256,iso,407,989200,1074600
P3,sycl,dpcpp-ocl-jit-usm,cpu,gemm,256,iso,408,986000,1084100
P3,sycl,dpcpp-ocl-jit-usm,cpu,gemm,256,iso,409,996100,1075500
P3,sycl,dpcpp-ocl-jit-usm,cpu,gemm,256,iso,410,985300,1238500
P3,sycl,dpcpp-ocl-jit-usm,cpu,gemm,256,iso,411,1107400,1085300
P3,sycl,dpcpp-ocl-jit-usm,cpu,gemm,256,iso,412,985700,1067000
P3,sycl,dpcpp-ocl-jit-usm,cpu,gemm,256,iso,413,987900,1065100
P3,sycl,dpcpp-ocl-jit-usm,cpu,gemm,256,iso,414,990100,1072000
P3,sycl,dpcpp-ocl-jit-usm,cpu,gemm,256,iso,415,993400,1270400
P3,sycl,dpcpp-ocl-jit-usm,cpu,gemm,256,iso,416,1088800,1112900
P3,sycl,dpcpp-ocl-jit-usm,cpu,gemm,256,iso,417,981200,1070200
P3,sycl,dpcpp-ocl-jit-usm,cpu,gemm,256,iso,418,983200,1089300
P3,sycl,dpcpp-ocl-jit-usm,cpu,gemm,256,iso,419,987400,1072700
P3,sycl,dpcpp-ocl-jit-usm,cpu,gemm,256,iso,420,1134900,1227500
P3,sycl,dpcpp-ocl-jit-usm,cpu,gemm,256,iso,421,999100,1080500
P3,sycl,dpcpp-ocl-jit-usm,cpu,gemm,256,iso,422,981300,1074100
P3,sycl,dpcpp-ocl-jit-usm,cpu,gemm,256,iso,423,981700,1070400
P3,sycl,dpcpp-ocl-jit-usm,cpu,gemm,256,iso,424,980100,1225400
P3,sycl,dpcpp-ocl-jit-usm,cpu,gemm,256,iso,425,992500,1094400
P3,sycl,dpcpp-ocl-jit-usm,cpu,gemm,256,iso,426,986200,1191600
P3,sycl,dpcpp-ocl-jit-usm,cpu,gemm,256,iso,427,989700,1076300
P3,sycl,dpcpp-ocl-jit-usm,cpu,gemm,256,iso,428,977600,1078100
P3,sycl,dpcpp-ocl-jit-usm,cpu,gemm,256,iso,429,987600,1231800
P3,sycl,dpcpp-ocl-jit-usm,cpu,gemm,256,iso,430,1104400,1108700
P3,sycl,dpcpp-ocl-jit-usm,cpu,gemm,256,iso,431,985900,1069900
P3,sycl,dpcpp-ocl-jit-usm,cpu,gemm,256,iso,432,983100,1081700
P3,sycl,dpcpp-ocl-jit-usm,cpu,gemm,256,iso,433,985100,1067200
P3,sycl,dpcpp-ocl-jit-usm,cpu,gemm,256,iso,434,1138300,1078000
P3,sycl,dpcpp-ocl-jit-usm,cpu,gemm,256,iso,435,1088500,1090300
P3,sycl,dpcpp-ocl-jit-usm,cpu,gemm,256,iso,436,989500,1100400
P3,sycl,dpcpp-ocl-jit-usm,cpu,gemm,256,iso,437,983800,1093900
P3,sycl,dpcpp-ocl-jit-usm,cpu,gemm,256,iso,438,986300,1073000
P3,sycl,dpcpp-ocl-jit-usm,cpu,gemm,256,iso,439,1137700,1217400
P3,sycl,dpcpp-ocl-jit-usm,cpu,gemm,256,iso,440,1003500,1074800
P3,sycl,dpcpp-ocl-jit-usm,cpu,gemm,256,iso,441,975800,1075500
P3,sycl,dpcpp-ocl-jit-usm,cpu,gemm,256,iso,442,981900,1086300
P3,sycl,dpcpp-ocl-jit-usm,cpu,gemm,256,iso,443,988300,1233800
P3,sycl,dpcpp-ocl-jit-usm,cpu,gemm,256,iso,444,997400,1080200
P3,sycl,dpcpp-ocl-jit-usm,cpu,gemm,256,iso,445,988500,1198200
P3,sycl,dpcpp-ocl-jit-usm,cpu,gemm,256,iso,446,993000,1067300
P3,sycl,dpcpp-ocl-jit-usm,cpu,gemm,256,iso,447,990200,1086300
P3,sycl,dpcpp-ocl-jit-usm,cpu,gemm,256,iso,448,976200,1234600
P3,sycl,dpcpp-ocl-jit-usm,cpu,gemm,256,iso,449,1096200,1079300
P3,sycl,dpcpp-ocl-jit-usm,cpu,gemm,256,iso,450,983200,1088300
P3,sycl,dpcpp-ocl-jit-usm,cpu,gemm,256,iso,451,999900,1078700
P3,sycl,dpcpp-ocl-jit-usm,cpu,gemm,256,iso,452,997300,1089300
P3,sycl,dpcpp-ocl-jit-usm,cpu,gemm,256,iso,453,1135400,1253300
P3,sycl,dpcpp-ocl-jit-usm,cpu,gemm,256,iso,454,1009700,1081100
P3,sycl,dpcpp-ocl-jit-usm,cpu,gemm,256,iso,455,980800,1076800
P3,sycl,dpcpp-ocl-jit-usm,cpu,gemm,256,iso,456,984800,1081000
P3,sycl,dpcpp-ocl-jit-usm,cpu,gemm,256,iso,457,989600,1235600
P3,sycl,dpcpp-ocl-jit-usm,cpu,gemm,256,iso,458,1115500,1094600
P3,sycl,dpcpp-ocl-jit-usm,cpu,gemm,256,iso,459,976400,1068800
P3,sycl,dpcpp-ocl-jit-usm,cpu,gemm,256,iso,460,984900,1072300
P3,sycl,dpcpp-ocl-jit-usm,cpu,gemm,256,iso,461,984800,1066000
P3,sycl,dpcpp-ocl-jit-usm,cpu,gemm,256,iso,462,990500,1231500
P3,sycl,dpcpp-ocl-jit-usm,cpu,gemm,256,iso,463,1111100,1081600
P3,sycl,dpcpp-ocl-jit-usm,cpu,gemm,256,iso,464,976600,1073800
P3,sycl,dpcpp-ocl-jit-usm,cpu,gemm,256,iso,465,987200,1068700
P3,sycl,dpcpp-ocl-jit-usm,cpu,gemm,256,iso,466,980200,1074000
P3,sycl,dpcpp-ocl-jit-usm,cpu,gemm,256,iso,467,1143400,1208900
P3,sycl,dpcpp-ocl-jit-usm,cpu,gemm,256,iso,468,996400,1101600
P3,sycl,dpcpp-ocl-jit-usm,cpu,gemm,256,iso,469,989100,1080400
P3,sycl,dpcpp-ocl-jit-usm,cpu,gemm,256,iso,470,986100,1075700
P3,sycl,dpcpp-ocl-jit-usm,cpu,gemm,256,iso,471,976400,1080700
P3,sycl,dpcpp-ocl-jit-usm,cpu,gemm,256,iso,472,1132700,1204800
P3,sycl,dpcpp-ocl-jit-usm,cpu,gemm,256,iso,473,994200,1084900
P3,sycl,dpcpp-ocl-jit-usm,cpu,gemm,256,iso,474,983100,1086200
P3,sycl,dpcpp-ocl-jit-usm,cpu,gemm,256,iso,475,983700,1065700
P3,sycl,dpcpp-ocl-jit-usm,cpu,gemm,256,iso,476,999700,1233200
P3,sycl,dpcpp-ocl-jit-usm,cpu,gemm,256,iso,477,1105700,1090900
P3,sycl,dpcpp-ocl-jit-usm,cpu,gemm,256,iso,478,989000,1083200
P3,sycl,dpcpp-ocl-jit-usm,cpu,gemm,256,iso,479,985600,1074100
P3,sycl,dpcpp-ocl-jit-usm,cpu,gemm,256,iso,480,993000,1082300
P3,sycl,dpcpp-ocl-jit-usm,cpu,gemm,256,iso,481,1143200,1085600
P3,sycl,dpcpp-ocl-jit-usm,cpu,gemm,256,iso,482,1099200,1071200
P3,sycl,dpcpp-ocl-jit-usm,cpu,gemm,256,iso,483,986600,1068700
P3,sycl,dpcpp-ocl-jit-usm,cpu,gemm,256,iso,484,983000,1112300
P3,sycl,dpcpp-ocl-jit-usm,cpu,gemm,256,iso,485,990400,1075700
P3,sycl,dpcpp-ocl-jit-usm,cpu,gemm,256,iso,486,1140300,1197700
P3,sycl,dpcpp-ocl-jit-usm,cpu,gemm,256,iso,487,989900,1086100
P3,sycl,dpcpp-ocl-jit-usm,cpu,gemm,256,iso,488,1000800,1068000
P3,sycl,dpcpp-ocl-jit-usm,cpu,gemm,256,iso,489,987100,1072900
P3,sycl,dpcpp-ocl-jit-usm,cpu,gemm,256,iso,490,985100,1222500
P3,sycl,dpcpp-ocl-jit-usm,cpu,gemm,256,iso,491,1026000,1091900
P3,sycl,dpcpp-ocl-jit-usm,cpu,gemm,256,iso,492,989100,1210000
P3,sycl,dpcpp-ocl-jit-usm,cpu,gemm,256,iso,493,1035700,1128800
P3,sycl,dpcpp-ocl-jit-usm,cpu,gemm,256,iso,494,985200,1074800
P3,sycl,dpcpp-ocl-jit-usm,cpu,gemm,256,iso,495,1126200,1078000
P3,sycl,dpcpp-ocl-jit-usm,cpu,gemm,256,iso,496,1087700,1094200
P3,sycl,dpcpp-ocl-jit-usm,cpu,gemm,256,iso,497,986600,1074100
P3,sycl,dpcpp-ocl-jit-usm,cpu,gemm,256,iso,498,980300,1081600
P3,sycl,dpcpp-ocl-jit-usm,cpu,gemm,256,iso,499,996300,1067000
P3,sycl,dpcpp-ocl-jit-usm,cpu,gemm,256,iso,500,1132900,1268200
P3,sycl,dpcpp-ocl-jit-usm,cpu,gemm,256,iso,501,1008700,1083100
P3,sycl,dpcpp-ocl-jit-usm,cpu,gemm,256,iso,502,986700,1071800
P3,sycl,dpcpp-ocl-jit-usm,cpu,gemm,256,iso,503,992900,1081600
P3,sycl,dpcpp-ocl-jit-usm,cpu,gemm,256,iso,504,980700,1237500
P3,sycl,dpcpp-ocl-jit-usm,cpu,gemm,256,iso,505,1101100,1088700
P3,sycl,dpcpp-ocl-jit-usm,cpu,gemm,256,iso,506,986500,1070900
P3,sycl,dpcpp-ocl-jit-usm,cpu,gemm,256,iso,507,989600,1075000
P3,sycl,dpcpp-ocl-jit-usm,cpu,gemm,256,iso,508,990100,1070100
P3,sycl,dpcpp-ocl-jit-usm,cpu,gemm,256,iso,509,978800,1219200
P3,sycl,dpcpp-ocl-jit-usm,cpu,gemm,256,iso,510,984900,1074300
P3,sycl,dpcpp-ocl-jit-usm,cpu,gemm,256,iso,511,1094100,1084900
P3,sycl,dpcpp-ocl-jit-usm,cpu,gemm,256,iso,512,987600,1083100
P3,sycl,dpcpp-ocl-jit-usm,cpu,gemm,256,iso,513,973500,1078900
P3,sycl,dpcpp-ocl-jit-usm,cpu,gemm,256,iso,514,1128000,1211100
P3,sycl,dpcpp-ocl-jit-usm,cpu,gemm,256,iso,515,994000,1075800
P3,sycl,dpcpp-ocl-jit-usm,cpu,gemm,256,iso,516,984400,1120400
P3,sycl,dpcpp-ocl-jit-usm,cpu,gemm,256,iso,517,993900,1074100
P3,sycl,dpcpp-ocl-jit-usm,cpu,gemm,256,iso,518,980400,1235500
P3,sycl,dpcpp-ocl-jit-usm,cpu,gemm,256,iso,519,997800,1187900
P3,sycl,dpcpp-ocl-jit-usm,cpu,gemm,256,iso,520,985700,1071500
P3,sycl,dpcpp-ocl-jit-usm,cpu,gemm,256,iso,521,980600,1075700
P3,sycl,dpcpp-ocl-jit-usm,cpu,gemm,256,iso,522,990600,1073100
P3,sycl,dpcpp-ocl-jit-usm,cpu,gemm,256,iso,523,995400,1242300
P3,sycl,dpcpp-ocl-jit-usm,cpu,gemm,256,iso,524,1107500,1091200
P3,sycl,dpcpp-ocl-jit-usm,cpu,gemm,256,iso,525,1004100,1171700
P3,sycl,dpcpp-ocl-jit-usm,cpu,gemm,256,iso,526,987400,1070300
P3,sycl,dpcpp-ocl-jit-usm,cpu,gemm,256,iso,527,978000,1071500
P3,sycl,dpcpp-ocl-jit-usm,cpu,gemm,256,iso,528,1143800,1245600
P3,sycl,dpcpp-ocl-jit-usm,cpu,gemm,256,iso,529,1007000,1069500
P3,sycl,dpcpp-ocl-jit-usm,cpu,gemm,256,iso,530,987600,1086100
P3,sycl,dpcpp-ocl-jit-usm,cpu,gemm,256,iso,531,992600,1084600
P3,sycl,dpcpp-ocl-jit-usm,cpu,gemm,256,iso,532,991100,1280200
P3,sycl,dpcpp-ocl-jit-usm,cpu,gemm,256,iso,533,1003900,1190900
P3,sycl,dpcpp-ocl-jit-usm,cpu,gemm,256,iso,534,985200,1078700
P3,sycl,dpcpp-ocl-jit-usm,cpu,gemm,256,iso,535,997600,1073400
P3,sycl,dpcpp-ocl-jit-usm,cpu,gemm,256,iso,536,983200,1069200
P3,sycl,dpcpp-ocl-jit-usm,cpu,gemm,256,iso,537,981600,1240600
P3,sycl,dpcpp-ocl-jit-usm,cpu,gemm,256,iso,538,992800,1065800
P3,sycl,dpcpp-ocl-jit-usm,cpu,gemm,256,iso,539,977100,1184700
P3,sycl,dpcpp-ocl-jit-usm,cpu,gemm,256,iso,540,993700,1067900
P3,sycl,dpcpp-ocl-jit-usm,cpu,gemm,256,iso,541,987900,1071000
P3,sycl,dpcpp-ocl-jit-usm,cpu,gemm,256,iso,542,1133400,1198200
P3,sycl,dpcpp-ocl-jit-usm,cpu,gemm,256,iso,543,986400,1082100
P3,sycl,dpcpp-ocl-jit-usm,cpu,gemm,256,iso,544,980200,1079700
P3,sycl,dpcpp-ocl-jit-usm,cpu,gemm,256,iso,545,983000,1087600
P3,sycl,dpcpp-ocl-jit-usm,cpu,gemm,256,iso,546,981500,1070300
P3,sycl,dpcpp-ocl-jit-usm,cpu,gemm,256,iso,547,1133600,1210700
P3,sycl,dpcpp-ocl-jit-usm,cpu,gemm,256,iso,548,993800,1119500
P3,sycl,dpcpp-ocl-jit-usm,cpu,gemm,256,iso,549,984900,1077800
P3,sycl,dpcpp-ocl-jit-usm,cpu,gemm,256,iso,550,987700,1079900
P3,sycl,dpcpp-ocl-jit-usm,cpu,gemm,256,iso,551,986200,1219700
P3,sycl,dpcpp-ocl-jit-usm,cpu,gemm,256,iso,552,1107200,1094800
P3,sycl,dpcpp-ocl-jit-usm,cpu,gemm,256,iso,553,983100,1075800
P3,sycl,dpcpp-ocl-jit-usm,cpu,gemm,256,iso,554,988900,1084900
P3,sycl,dpcpp-ocl-jit-usm,cpu,gemm,256,iso,555,994800,1069300
P3,sycl,dpcpp-ocl-jit-usm,cpu,gemm,256,iso,556,976500,1225200
P3,sycl,dpcpp-ocl-jit-usm,cpu,gemm,256,iso,557,989000,1072900
P3,sycl,dpcpp-ocl-jit-usm,cpu,gemm,256,iso,558,1088200,1094700
P3,sycl,dpcpp-ocl-jit-usm,cpu,gemm,256,iso,559,984600,1071500
P3,sycl,dpcpp-ocl-jit-usm,cpu,gemm,256,iso,560,982500,1064900
P3,sycl,dpcpp-ocl-jit-usm,cpu,gemm,256,iso,561,1128800,1198900
P3,sycl,dpcpp-ocl-jit-usm,cpu,gemm,256,iso,562,1001000,1073000
P3,sycl,dpcpp-ocl-jit-usm,cpu,gemm,256,iso,563,984100,1064900
P3,sycl,dpcpp-ocl-jit-usm,cpu,gemm,256,iso,564,985600,1087600
P3,sycl,dpcpp-ocl-jit-usm,cpu,gemm,256,iso,565,988700,1232200
P3,sycl,dpcpp-ocl-jit-usm,cpu,gemm,256,iso,566,1046200,1191500
P3,sycl,dpcpp-ocl-jit-usm,cpu,gemm,256,iso,567,987600,1071200
P3,sycl,dpcpp-ocl-jit-usm,cpu,gemm,256,iso,568,1049800,1091300
P3,sycl,dpcpp-ocl-jit-usm,cpu,gemm,256,iso,569,983000,1084500
P3,sycl,dpcpp-ocl-jit-usm,cpu,gemm,256,iso,570,988600,1239100
P3,sycl,dpcpp-ocl-jit-usm,cpu,gemm,256,iso,571,1114900,1094200
P3,sycl,dpcpp-ocl-jit-usm,cpu,gemm,256,iso,572,983400,1071400
P3,sycl,dpcpp-ocl-jit-usm,cpu,gemm,256,iso,573,979800,1076400
P3,sycl,dpcpp-ocl-jit-usm,cpu,gemm,256,iso,574,980800,1069800
P3,sycl,dpcpp-ocl-jit-usm,cpu,gemm,256,iso,575,1135900,1202200
P3,sycl,dpcpp-ocl-jit-usm,cpu,gemm,256,iso,576,987700,1079100
P3,sycl,dpcpp-ocl-jit-usm,cpu,gemm,256,iso,577,991100,1074200
P3,sycl,dpcpp-ocl-jit-usm,cpu,gemm,256,iso,578,988700,1077900
P3,sycl,dpcpp-ocl-jit-usm,cpu,gemm,256,iso,579,987900,1073900
P3,sycl,dpcpp-ocl-jit-usm,cpu,gemm,256,iso,580,1160700,1211600
P3,sycl,dpcpp-ocl-jit-usm,cpu,gemm,256,iso,581,989600,1068300
P3,sycl,dpcpp-ocl-jit-usm,cpu,gemm,256,iso,582,981200,1084800
P3,sycl,dpcpp-ocl-jit-usm,cpu,gemm,256,iso,583,1001500,1081100
P3,sycl,dpcpp-ocl-jit-usm,cpu,gemm,256,iso,584,978600,1226000
P3,sycl,dpcpp-ocl-jit-usm,cpu,gemm,256,iso,585,996000,1087800
P3,sycl,dpcpp-ocl-jit-usm,cpu,gemm,256,iso,586,988200,1191700
P3,sycl,dpcpp-ocl-jit-usm,cpu,gemm,256,iso,587,994200,1077600
P3,sycl,dpcpp-ocl-jit-usm,cpu,gemm,256,iso,588,992600,1071300
P3,sycl,dpcpp-ocl-jit-usm,cpu,gemm,256,iso,589,1136400,1084900
P3,sycl,dpcpp-ocl-jit-usm,cpu,gemm,256,iso,590,983300,1230900
P3,sycl,dpcpp-ocl-jit-usm,cpu,gemm,256,iso,591,994000,1084100
P3,sycl,dpcpp-ocl-jit-usm,cpu,gemm,256,iso,592,983400,1082400
P3,sycl,dpcpp-ocl-jit-usm,cpu,gemm,256,iso,593,993200,1078400
P3,sycl,dpcpp-ocl-jit-usm,cpu,gemm,256,iso,594,1144000,1086800
P3,sycl,dpcpp-ocl-jit-usm,cpu,gemm,256,iso,595,977600,1071800
P3,sycl,dpcpp-ocl-jit-usm,cpu,gemm,256,iso,596,992500,1086400
P3,sycl,dpcpp-ocl-jit-usm,cpu,gemm,256,iso,597,988700,1070400
P3,sycl,dpcpp-ocl-jit-usm,cpu,gemm,256,iso,598,983300,1216600
P3,sycl,dpcpp-ocl-jit-usm,cpu,gemm,256,iso,599,989900,1199800
P3,sycl,dpcpp-ocl-jit-usm,cpu,gemm,256,iso,600,994800,1071600
P3,sycl,dpcpp-ocl-jit-usm,cpu,gemm,256,iso,601,988500,1074600
P3,sycl,dpcpp-ocl-jit-usm,cpu,gemm,256,iso,602,981600,1079800
P3,sycl,dpcpp-ocl-jit-usm,cpu,gemm,256,iso,603,980000,1231800
P3,sycl,dpcpp-ocl-jit-usm,cpu,gemm,256,iso,604,985400,1079400
P3,sycl,dpcpp-ocl-jit-usm,cpu,gemm,256,iso,605,995500,1185600
P3,sycl,dpcpp-ocl-jit-usm,cpu,gemm,256,iso,606,989100,1081600
P3,sycl,dpcpp-ocl-jit-usm,cpu,gemm,256,iso,607,989000,1077500
P3,sycl,dpcpp-ocl-jit-usm,cpu,gemm,256,iso,608,1126700,1235100
P3,sycl,dpcpp-ocl-jit-usm,cpu,gemm,256,iso,609,989500,1067000
P3,sycl,dpcpp-ocl-jit-usm,cpu,gemm,256,iso,610,970200,1079100
P3,sycl,dpcpp-ocl-jit-usm,cpu,gemm,256,iso,611,990400,1121700
P3,sycl,dpcpp-ocl-jit-usm,cpu,gemm,256,iso,612,997500,1070600
P3,sycl,dpcpp-ocl-jit-usm,cpu,gemm,256,iso,613,1137100,1084200
P3,sycl,dpcpp-ocl-jit-usm,cpu,gemm,256,iso,614,986400,1073700
P3,sycl,dpcpp-ocl-jit-usm,cpu,gemm,256,iso,615,983300,1072500
P3,sycl,dpcpp-ocl-jit-usm,cpu,gemm,256,iso,616,981000,1079000
P3,sycl,dpcpp-ocl-jit-usm,cpu,gemm,256,iso,617,992400,1215400
P3,sycl,dpcpp-ocl-jit-usm,cpu,gemm,256,iso,618,1111500,1098700
P3,sycl,dpcpp-ocl-jit-usm,cpu,gemm,256,iso,619,982100,1077200
P3,sycl,dpcpp-ocl-jit-usm,cpu,gemm,256,iso,620,976300,1072600
P3,sycl,dpcpp-ocl-jit-usm,cpu,gemm,256,iso,621,987200,1086600
P3,sycl,dpcpp-ocl-jit-usm,cpu,gemm,256,iso,622,984100,1235400
P3,sycl,dpcpp-ocl-jit-usm,cpu,gemm,256,iso,623,979800,1082500
P3,sycl,dpcpp-ocl-jit-usm,cpu,gemm,256,iso,624,991400,1066400
P3,sycl,dpcpp-ocl-jit-usm,cpu,gemm,256,iso,625,1007500,1080300
P3,sycl,dpcpp-ocl-jit-usm,cpu,gemm,256,iso,626,991100,1080300
P3,sycl,dpcpp-ocl-jit-usm,cpu,gemm,256,iso,627,1123700,1130900
P3,sycl,dpcpp-ocl-jit-usm,cpu,gemm,256,iso,628,997000,1080400
P3,sycl,dpcpp-ocl-jit-usm,cpu,gemm,256,iso,629,986600,1082900
P3,sycl,dpcpp-ocl-jit-usm,cpu,gemm,256,iso,630,988000,1069900
P3,sycl,dpcpp-ocl-jit-usm,cpu,gemm,256,iso,631,994600,1213200
P3,sycl,dpcpp-ocl-jit-usm,cpu,gemm,256,iso,632,1003400,1079700
P3,sycl,dpcpp-ocl-jit-usm,cpu,gemm,256,iso,633,986700,1188600
P3,sycl,dpcpp-ocl-jit-usm,cpu,gemm,256,iso,634,998700,1067200
P3,sycl,dpcpp-ocl-jit-usm,cpu,gemm,256,iso,635,997000,1072400
P3,sycl,dpcpp-ocl-jit-usm,cpu,gemm,256,iso,636,994300,1245900
P3,sycl,dpcpp-ocl-jit-usm,cpu,gemm,256,iso,637,987400,1069300
P3,sycl,dpcpp-ocl-jit-usm,cpu,gemm,256,iso,638,985600,1070200
P3,sycl,dpcpp-ocl-jit-usm,cpu,gemm,256,iso,639,989700,1070300
P3,sycl,dpcpp-ocl-jit-usm,cpu,gemm,256,iso,640,985700,1073300
P3,sycl,dpcpp-ocl-jit-usm,cpu,gemm,256,iso,641,986700,1224000
P3,sycl,dpcpp-ocl-jit-usm,cpu,gemm,256,iso,642,989100,1079600
P3,sycl,dpcpp-ocl-jit-usm,cpu,gemm,256,iso,643,986400,1097000
P3,sycl,dpcpp-ocl-jit-usm,cpu,gemm,256,iso,644,1000000,1076200
P3,sycl,dpcpp-ocl-jit-usm,cpu,gemm,256,iso,645,979400,1069900
P3,sycl,dpcpp-ocl-jit-usm,cpu,gemm,256,iso,646,1125100,1213500
P3,sycl,dpcpp-ocl-jit-usm,cpu,gemm,256,iso,647,989400,1077900
P3,sycl,dpcpp-ocl-jit-usm,cpu,gemm,256,iso,648,995700,1093600
P3,sycl,dpcpp-ocl-jit-usm,cpu,gemm,256,iso,649,986600,1077600
P3,sycl,dpcpp-ocl-jit-usm,cpu,gemm,256,iso,650,1002100,1233200
P3,sycl,dpcpp-ocl-jit-usm,cpu,gemm,256,iso,651,990300,1082300
P3,sycl,dpcpp-ocl-jit-usm,cpu,gemm,256,iso,652,984900,1075300
P3,sycl,dpcpp-ocl-jit-usm,cpu,gemm,256,iso,653,989200,1072000
P3,sycl,dpcpp-ocl-jit-usm,cpu,gemm,256,iso,654,981000,1067200
P3,sycl,dpcpp-ocl-jit-usm,cpu,gemm,256,iso,655,984100,1214100
P3,sycl,dpcpp-ocl-jit-usm,cpu,gemm,256,iso,656,990400,1073500
P3,sycl,dpcpp-ocl-jit-usm,cpu,gemm,256,iso,657,978900,1080900
P3,sycl,dpcpp-ocl-jit-usm,cpu,gemm,256,iso,658,989000,1077400
P3,sycl,dpcpp-ocl-jit-usm,cpu,gemm,256,iso,659,1003100,1081400
P3,sycl,dpcpp-ocl-jit-usm,cpu,gemm,256,iso,660,991400,1099500
P3,sycl,dpcpp-ocl-jit-usm,cpu,gemm,256,iso,661,979100,1075000
P3,sycl,dpcpp-ocl-jit-usm,cpu,gemm,256,iso,662,976500,1080800
P3,sycl,dpcpp-ocl-jit-usm,cpu,gemm,256,iso,663,979900,1083200
P3,sycl,dpcpp-ocl-jit-usm,cpu,gemm,256,iso,664,973600,1070000
P3,sycl,dpcpp-ocl-jit-usm,cpu,gemm,256,iso,665,1132800,1231200
P3,sycl,dpcpp-ocl-jit-usm,cpu,gemm,256,iso,666,993500,1075000
P3,sycl,dpcpp-ocl-jit-usm,cpu,gemm,256,iso,667,983700,1072600
P3,sycl,dpcpp-ocl-jit-usm,cpu,gemm,256,iso,668,995200,1072400
P3,sycl,dpcpp-ocl-jit-usm,cpu,gemm,256,iso,669,987600,1226700
P3,sycl,dpcpp-ocl-jit-usm,cpu,gemm,256,iso,670,997900,1068500
P3,sycl,dpcpp-ocl-jit-usm,cpu,gemm,256,iso,671,1003000,1078600
P3,sycl,dpcpp-ocl-jit-usm,cpu,gemm,256,iso,672,985700,1078700
P3,sycl,dpcpp-ocl-jit-usm,cpu,gemm,256,iso,673,986500,1072100
P3,sycl,dpcpp-ocl-jit-usm,cpu,gemm,256,iso,674,979400,1210400
P3,sycl,dpcpp-ocl-jit-usm,cpu,gemm,256,iso,675,1027600,1082400
P3,sycl,dpcpp-ocl-jit-usm,cpu,gemm,256,iso,676,997800,1081500
P3,sycl,dpcpp-ocl-jit-usm,cpu,gemm,256,iso,677,983600,1074600
P3,sycl,dpcpp-ocl-jit-usm,cpu,gemm,256,iso,678,997800,1097300
P3,sycl,dpcpp-ocl-jit-usm,cpu,gemm,256,iso,679,1116100,1086200
P3,sycl,dpcpp-ocl-jit-usm,cpu,gemm,256,iso,680,987200,1074400
P3,sycl,dpcpp-ocl-jit-usm,cpu,gemm,256,iso,681,1088500,1094900
P3,sycl,dpcpp-ocl-jit-usm,cpu,gemm,256,iso,682,989700,1077500
P3,sycl,dpcpp-ocl-jit-usm,cpu,gemm,256,iso,683,982500,1079400
P3,sycl,dpcpp-ocl-jit-usm,cpu,gemm,256,iso,684,1134500,1087600
P3,sycl,dpcpp-ocl-jit-usm,cpu,gemm,256,iso,685,980000,1076500
P3,sycl,dpcpp-ocl-jit-usm,cpu,gemm,256,iso,686,982200,1074400
P3,sycl,dpcpp-ocl-jit-usm,cpu,gemm,256,iso,687,983000,1067300
P3,sycl,dpcpp-ocl-jit-usm,cpu,gemm,256,iso,688,991200,1232800
P3,sycl,dpcpp-ocl-jit-usm,cpu,gemm,256,iso,689,987500,1075000
P3,sycl,dpcpp-ocl-jit-usm,cpu,gemm,256,iso,690,996500,1065500
P3,sycl,dpcpp-ocl-jit-usm,cpu,gemm,256,iso,691,1030900,1070700
P3,sycl,dpcpp-ocl-jit-usm,cpu,gemm,256,iso,692,983400,1076800
P3,sycl,dpcpp-ocl-jit-usm,cpu,gemm,256,iso,693,981400,1224400
P3,sycl,dpcpp-ocl-jit-usm,cpu,gemm,256,iso,694,1097900,1103400
P3,sycl,dpcpp-ocl-jit-usm,cpu,gemm,256,iso,695,979500,1065000
P3,sycl,dpcpp-ocl-jit-usm,cpu,gemm,256,iso,696,986500,1075800
P3,sycl,dpcpp-ocl-jit-usm,cpu,gemm,256,iso,697,1664100,1100600
P3,sycl,dpcpp-ocl-jit-usm,cpu,gemm,256,iso,698,1084400,1079200
P3,sycl,dpcpp-ocl-jit-usm,cpu,gemm,256,iso,699,995300,1103500
P3,sycl,dpcpp-ocl-jit-usm,cpu,gemm,256,iso,700,986700,1077400
P3,sycl,dpcpp-ocl-jit-usm,cpu,gemm,256,iso,701,1007000,1068900
P3,sycl,dpcpp-ocl-jit-usm,cpu,gemm,256,iso,702,981500,1087500
P3,sycl,dpcpp-ocl-jit-usm,cpu,gemm,256,iso,703,979600,1104800
P3,sycl,dpcpp-ocl-jit-usm,cpu,gemm,256,iso,704,992700,1082400
P3,sycl,dpcpp-ocl-jit-usm,cpu,gemm,256,iso,705,995800,1068900
P3,sycl,dpcpp-ocl-jit-usm,cpu,gemm,256,iso,706,988600,1157100
P3,sycl,dpcpp-ocl-jit-usm,cpu,gemm,256,iso,707,979900,1097300
P3,sycl,dpcpp-ocl-jit-usm,cpu,gemm,256,iso,708,989900,1097200
P3,sycl,dpcpp-ocl-jit-usm,cpu,gemm,256,iso,709,984100,1066600
P3,sycl,dpcpp-ocl-jit-usm,cpu,gemm,256,iso,710,980900,1071600
P3,sycl,dpcpp-ocl-jit-usm,cpu,gemm,256,iso,711,979500,1068200
P3,sycl,dpcpp-ocl-jit-usm,cpu,gemm,256,iso,712,983500,1216000
P3,sycl,dpcpp-ocl-jit-usm,cpu,gemm,256,iso,713,1127700,1099100
P3,sycl,dpcpp-ocl-jit-usm,cpu,gemm,256,iso,714,985800,1069900
P3,sycl,dpcpp-ocl-jit-usm,cpu,gemm,256,iso,715,993700,1082000
P3,sycl,dpcpp-ocl-jit-usm,cpu,gemm,256,iso,716,976200,1079600
P3,sycl,dpcpp-ocl-jit-usm,cpu,gemm,256,iso,717,1142200,1082200
P3,sycl,dpcpp-ocl-jit-usm,cpu,gemm,256,iso,718,993400,1076500
P3,sycl,dpcpp-ocl-jit-usm,cpu,gemm,256,iso,719,979400,1067900
P3,sycl,dpcpp-ocl-jit-usm,cpu,gemm,256,iso,720,987700,1074200
P3,sycl,dpcpp-ocl-jit-usm,cpu,gemm,256,iso,721,984800,1223200
P3,sycl,dpcpp-ocl-jit-usm,cpu,gemm,256,iso,722,1109500,1156000
P3,sycl,dpcpp-ocl-jit-usm,cpu,gemm,256,iso,723,1068500,1189800
P3,sycl,dpcpp-ocl-jit-usm,cpu,gemm,256,iso,724,1067000,1151900
P3,sycl,dpcpp-ocl-jit-usm,cpu,gemm,256,iso,725,1048300,1149500
P3,sycl,dpcpp-ocl-jit-usm,cpu,gemm,256,iso,726,1179100,1241500
P3,sycl,dpcpp-ocl-jit-usm,cpu,gemm,256,iso,727,1104100,1076200
P3,sycl,dpcpp-ocl-jit-usm,cpu,gemm,256,iso,728,988700,1094300
P3,sycl,dpcpp-ocl-jit-usm,cpu,gemm,256,iso,729,981600,1078100
P3,sycl,dpcpp-ocl-jit-usm,cpu,gemm,256,iso,730,978500,1075700
P3,sycl,dpcpp-ocl-jit-usm,cpu,gemm,256,iso,731,1137700,1090700
P3,sycl,dpcpp-ocl-jit-usm,cpu,gemm,256,iso,732,992400,1151500
P3,sycl,dpcpp-ocl-jit-usm,cpu,gemm,256,iso,733,992200,1067400
P3,sycl,dpcpp-ocl-jit-usm,cpu,gemm,256,iso,734,985200,1070700
P3,sycl,dpcpp-ocl-jit-usm,cpu,gemm,256,iso,735,997600,1232400
P3,sycl,dpcpp-ocl-jit-usm,cpu,gemm,256,iso,736,1000100,1076900
P3,sycl,dpcpp-ocl-jit-usm,cpu,gemm,256,iso,737,983500,1098900
P3,sycl,dpcpp-ocl-jit-usm,cpu,gemm,256,iso,738,983200,1087100
P3,sycl,dpcpp-ocl-jit-usm,cpu,gemm,256,iso,739,984200,1077900
P3,sycl,dpcpp-ocl-jit-usm,cpu,gemm,256,iso,740,996000,1223800
P3,sycl,dpcpp-ocl-jit-usm,cpu,gemm,256,iso,741,1113000,1092800
P3,sycl,dpcpp-ocl-jit-usm,cpu,gemm,256,iso,742,985500,1074400
P3,sycl,dpcpp-ocl-jit-usm,cpu,gemm,256,iso,743,977300,1075900
P3,sycl,dpcpp-ocl-jit-usm,cpu,gemm,256,iso,744,990500,1083800
P3,sycl,dpcpp-ocl-jit-usm,cpu,gemm,256,iso,745,1142600,1084200
P3,sycl,dpcpp-ocl-jit-usm,cpu,gemm,256,iso,746,981000,1072100
P3,sycl,dpcpp-ocl-jit-usm,cpu,gemm,256,iso,747,985500,1084700
P3,sycl,dpcpp-ocl-jit-usm,cpu,gemm,256,iso,748,982300,1075500
P3,sycl,dpcpp-ocl-jit-usm,cpu,gemm,256,iso,749,978200,1080900
P3,sycl,dpcpp-ocl-jit-usm,cpu,gemm,256,iso,750,1141400,1078000
P3,sycl,dpcpp-ocl-jit-usm,cpu,gemm,256,iso,751,990600,1073300
P3,sycl,dpcpp-ocl-jit-usm,cpu,gemm,256,iso,752,992300,1068400
P3,sycl,dpcpp-ocl-jit-usm,cpu,gemm,256,iso,753,1018000,1074900
P3,sycl,dpcpp-ocl-jit-usm,cpu,gemm,256,iso,754,982900,1215600
P3,sycl,dpcpp-ocl-jit-usm,cpu,gemm,256,iso,755,994000,1092200
P3,sycl,dpcpp-ocl-jit-usm,cpu,gemm,256,iso,756,996500,1078000
P3,sycl,dpcpp-ocl-jit-usm,cpu,gemm,256,iso,757,988600,1076200
P3,sycl,dpcpp-ocl-jit-usm,cpu,gemm,256,iso,758,986900,1076200
P3,sycl,dpcpp-ocl-jit-usm,cpu,gemm,256,iso,759,985800,1222000
P3,sycl,dpcpp-ocl-jit-usm,cpu,gemm,256,iso,760,1093800,1104300
P3,sycl,dpcpp-ocl-jit-usm,cpu,gemm,256,iso,761,980800,1165200
P3,sycl,dpcpp-ocl-jit-usm,cpu,gemm,256,iso,762,995600,1079900
P3,sycl,dpcpp-ocl-jit-usm,cpu,gemm,256,iso,763,996200,1080900
P3,sycl,dpcpp-ocl-jit-usm,cpu,gemm,256,iso,764,1144400,1094400
P3,sycl,dpcpp-ocl-jit-usm,cpu,gemm,256,iso,765,985500,1070400
P3,sycl,dpcpp-ocl-jit-usm,cpu,gemm,256,iso,766,977200,1076000
P3,sycl,dpcpp-ocl-jit-usm,cpu,gemm,256,iso,767,989100,1068100
P3,sycl,dpcpp-ocl-jit-usm,cpu,gemm,256,iso,768,984900,1210800
P3,sycl,dpcpp-ocl-jit-usm,cpu,gemm,256,iso,769,1034200,1070000
P3,sycl,dpcpp-ocl-jit-usm,cpu,gemm,256,iso,770,987700,1072400
P3,sycl,dpcpp-ocl-jit-usm,cpu,gemm,256,iso,771,984600,1082700
P3,sycl,dpcpp-ocl-jit-usm,cpu,gemm,256,iso,772,984700,1066800
P3,sycl,dpcpp-ocl-jit-usm,cpu,gemm,256,iso,773,986300,1224000
P3,sycl,dpcpp-ocl-jit-usm,cpu,gemm,256,iso,774,992900,1084100
P3,sycl,dpcpp-ocl-jit-usm,cpu,gemm,256,iso,775,983000,1196400
P3,sycl,dpcpp-ocl-jit-usm,cpu,gemm,256,iso,776,981400,1085700
P3,sycl,dpcpp-ocl-jit-usm,cpu,gemm,256,iso,777,985000,1084000
P3,sycl,dpcpp-ocl-jit-usm,cpu,gemm,256,iso,778,1131400,1085500
P3,sycl,dpcpp-ocl-jit-usm,cpu,gemm,256,iso,779,1097300,1090300
P3,sycl,dpcpp-ocl-jit-usm,cpu,gemm,256,iso,780,983900,1082400
P3,sycl,dpcpp-ocl-jit-usm,cpu,gemm,256,iso,781,998700,1074600
P3,sycl,dpcpp-ocl-jit-usm,cpu,gemm,256,iso,782,983400,1075900
P3,sycl,dpcpp-ocl-jit-usm,cpu,gemm,256,iso,783,1127900,1085200
P3,sycl,dpcpp-ocl-jit-usm,cpu,gemm,256,iso,784,981500,1082600
P3,sycl,dpcpp-ocl-jit-usm,cpu,gemm,256,iso,785,1026400,1068600
P3,sycl,dpcpp-ocl-jit-usm,cpu,gemm,256,iso,786,988600,1071600
P3,sycl,dpcpp-ocl-jit-usm,cpu,gemm,256,iso,787,991000,1222200
P3,sycl,dpcpp-ocl-jit-usm,cpu,gemm,256,iso,788,989800,1082300
P3,sycl,dpcpp-ocl-jit-usm,cpu,gemm,256,iso,789,993500,1068600
P3,sycl,dpcpp-ocl-jit-usm,cpu,gemm,256,iso,790,982400,1072400
P3,sycl,dpcpp-ocl-jit-usm,cpu,gemm,256,iso,791,982200,1096700
P3,sycl,dpcpp-ocl-jit-usm,cpu,gemm,256,iso,792,986900,1180800
P3,sycl,dpcpp-ocl-jit-usm,cpu,gemm,256,iso,793,997800,1084100
P3,sycl,dpcpp-ocl-jit-usm,cpu,gemm,256,iso,794,987100,1074200
P3,sycl,dpcpp-ocl-jit-usm,cpu,gemm,256,iso,795,976700,1078100
P3,sycl,dpcpp-ocl-jit-usm,cpu,gemm,256,iso,796,980100,1069900
P3,sycl,dpcpp-ocl-jit-usm,cpu,gemm,256,iso,797,1149600,1086900
P3,sycl,dpcpp-ocl-jit-usm,cpu,gemm,256,iso,798,1107300,1110700
P3,sycl,dpcpp-ocl-jit-usm,cpu,gemm,256,iso,799,993600,1071200
P3,sycl,dpcpp-ocl-jit-usm,cpu,gemm,256,iso,800,986800,1079200
P3,sycl,dpcpp-ocl-jit-usm,cpu,gemm,256,iso,801,999900,1079700
P3,sycl,dpcpp-ocl-jit-usm,cpu,gemm,256,iso,802,1134200,1078300
P3,sycl,dpcpp-ocl-jit-usm,cpu,gemm,256,iso,803,983600,1062300
P3,sycl,dpcpp-ocl-jit-usm,cpu,gemm,256,iso,804,1092900,1084100
P3,sycl,dpcpp-ocl-jit-usm,cpu,gemm,256,iso,805,993100,1083900
P3,sycl,dpcpp-ocl-jit-usm,cpu,gemm,256,iso,806,984200,1240900
P3,sycl,dpcpp-ocl-jit-usm,cpu,gemm,256,iso,807,1107100,1093700
P3,sycl,dpcpp-ocl-jit-usm,cpu,gemm,256,iso,808,980700,1074300
P3,sycl,dpcpp-ocl-jit-usm,cpu,gemm,256,iso,809,985100,1069100
P3,sycl,dpcpp-ocl-jit-usm,cpu,gemm,256,iso,810,980100,1073800
P3,sycl,dpcpp-ocl-jit-usm,cpu,gemm,256,iso,811,995000,1265200
P3,sycl,dpcpp-ocl-jit-usm,cpu,gemm,256,iso,812,1110100,1104500
P3,sycl,dpcpp-ocl-jit-usm,cpu,gemm,256,iso,813,984000,1070900
P3,sycl,dpcpp-ocl-jit-usm,cpu,gemm,256,iso,814,989900,1069200
P3,sycl,dpcpp-ocl-jit-usm,cpu,gemm,256,iso,815,988500,1076600
P3,sycl,dpcpp-ocl-jit-usm,cpu,gemm,256,iso,816,1131600,1203400
P3,sycl,dpcpp-ocl-jit-usm,cpu,gemm,256,iso,817,1017300,1072600
P3,sycl,dpcpp-ocl-jit-usm,cpu,gemm,256,iso,818,988000,1080200
P3,sycl,dpcpp-ocl-jit-usm,cpu,gemm,256,iso,819,986300,1075700
P3,sycl,dpcpp-ocl-jit-usm,cpu,gemm,256,iso,820,1001500,1232400
P3,sycl,dpcpp-ocl-jit-usm,cpu,gemm,256,iso,821,999600,1074600
P3,sycl,dpcpp-ocl-jit-usm,cpu,gemm,256,iso,822,989900,1067200
P3,sycl,dpcpp-ocl-jit-usm,cpu,gemm,256,iso,823,992500,1069600
P3,sycl,dpcpp-ocl-jit-usm,cpu,gemm,256,iso,824,989600,1088400
P3,sycl,dpcpp-ocl-jit-usm,cpu,gemm,256,iso,825,994300,1234200
P3,sycl,dpcpp-ocl-jit-usm,cpu,gemm,256,iso,826,1179900,1100600
P3,sycl,dpcpp-ocl-jit-usm,cpu,gemm,256,iso,827,989500,1069300
P3,sycl,dpcpp-ocl-jit-usm,cpu,gemm,256,iso,828,979100,1084800
P3,sycl,dpcpp-ocl-jit-usm,cpu,gemm,256,iso,829,982500,1078500
P3,sycl,dpcpp-ocl-jit-usm,cpu,gemm,256,iso,830,1138600,1206700
P3,sycl,dpcpp-ocl-jit-usm,cpu,gemm,256,iso,831,993300,1073800
P3,sycl,dpcpp-ocl-jit-usm,cpu,gemm,256,iso,832,1002000,1068400
P3,sycl,dpcpp-ocl-jit-usm,cpu,gemm,256,iso,833,1007100,1071800
P3,sycl,dpcpp-ocl-jit-usm,cpu,gemm,256,iso,834,993100,1075200
P3,sycl,dpcpp-ocl-jit-usm,cpu,gemm,256,iso,835,1143300,1102500
P3,sycl,dpcpp-ocl-jit-usm,cpu,gemm,256,iso,836,988200,1074800
P3,sycl,dpcpp-ocl-jit-usm,cpu,gemm,256,iso,837,989000,1070500
P3,sycl,dpcpp-ocl-jit-usm,cpu,gemm,256,iso,838,990900,1075300
P3,sycl,dpcpp-ocl-jit-usm,cpu,gemm,256,iso,839,990000,1215600
P3,sycl,dpcpp-ocl-jit-usm,cpu,gemm,256,iso,840,995000,1079100
P3,sycl,dpcpp-ocl-jit-usm,cpu,gemm,256,iso,841,978500,1081300
P3,sycl,dpcpp-ocl-jit-usm,cpu,gemm,256,iso,842,981000,1085000
P3,sycl,dpcpp-ocl-jit-usm,cpu,gemm,256,iso,843,988700,1074900
P3,sycl,dpcpp-ocl-jit-usm,cpu,gemm,256,iso,844,993500,1221200
P3,sycl,dpcpp-ocl-jit-usm,cpu,gemm,256,iso,845,1104900,1103100
P3,sycl,dpcpp-ocl-jit-usm,cpu,gemm,256,iso,846,981000,1069800
P3,sycl,dpcpp-ocl-jit-usm,cpu,gemm,256,iso,847,995700,1075000
P3,sycl,dpcpp-ocl-jit-usm,cpu,gemm,256,iso,848,978300,1118300
P3,sycl,dpcpp-ocl-jit-usm,cpu,gemm,256,iso,849,1142500,1095200
P3,sycl,dpcpp-ocl-jit-usm,cpu,gemm,256,iso,850,1003500,1076500
P3,sycl,dpcpp-ocl-jit-usm,cpu,gemm,256,iso,851,995900,1073400
P3,sycl,dpcpp-ocl-jit-usm,cpu,gemm,256,iso,852,986500,1071800
P3,sycl,dpcpp-ocl-jit-usm,cpu,gemm,256,iso,853,984500,1079500
P3,sycl,dpcpp-ocl-jit-usm,cpu,gemm,256,iso,854,1130200,1208800
P3,sycl,dpcpp-ocl-jit-usm,cpu,gemm,256,iso,855,998400,1068300
P3,sycl,dpcpp-ocl-jit-usm,cpu,gemm,256,iso,856,990600,1077900
P3,sycl,dpcpp-ocl-jit-usm,cpu,gemm,256,iso,857,986900,1068500
P3,sycl,dpcpp-ocl-jit-usm,cpu,gemm,256,iso,858,984800,1234500
P3,sycl,dpcpp-ocl-jit-usm,cpu,gemm,256,iso,859,989900,1207800
P3,sycl,dpcpp-ocl-jit-usm,cpu,gemm,256,iso,860,994400,1091000
P3,sycl,dpcpp-ocl-jit-usm,cpu,gemm,256,iso,861,984300,1075500
P3,sycl,dpcpp-ocl-jit-usm,cpu,gemm,256,iso,862,986100,1076500
P3,sycl,dpcpp-ocl-jit-usm,cpu,gemm,256,iso,863,1127600,1092100
P3,sycl,dpcpp-ocl-jit-usm,cpu,gemm,256,iso,864,994000,1115300
P3,sycl,dpcpp-ocl-jit-usm,cpu,gemm,256,iso,865,981900,1071600
P3,sycl,dpcpp-ocl-jit-usm,cpu,gemm,256,iso,866,980500,1091000
P3,sycl,dpcpp-ocl-jit-usm,cpu,gemm,256,iso,867,998200,1074200
P3,sycl,dpcpp-ocl-jit-usm,cpu,gemm,256,iso,868,1121300,1076900
P3,sycl,dpcpp-ocl-jit-usm,cpu,gemm,256,iso,869,994700,1073600
P3,sycl,dpcpp-ocl-jit-usm,cpu,gemm,256,iso,870,981100,1069900
P3,sycl,dpcpp-ocl-jit-usm,cpu,gemm,256,iso,871,989200,1065800
P3,sycl,dpcpp-ocl-jit-usm,cpu,gemm,256,iso,872,987500,1207200
P3,sycl,dpcpp-ocl-jit-usm,cpu,gemm,256,iso,873,1004300,1074500
P3,sycl,dpcpp-ocl-jit-usm,cpu,gemm,256,iso,874,984800,1070600
P3,sycl,dpcpp-ocl-jit-usm,cpu,gemm,256,iso,875,991700,1081600
P3,sycl,dpcpp-ocl-jit-usm,cpu,gemm,256,iso,876,986500,1077800
P3,sycl,dpcpp-ocl-jit-usm,cpu,gemm,256,iso,877,985900,1226500
P3,sycl,dpcpp-ocl-jit-usm,cpu,gemm,256,iso,878,994800,1079900
P3,sycl,dpcpp-ocl-jit-usm,cpu,gemm,256,iso,879,976000,1202100
P3,sycl,dpcpp-ocl-jit-usm,cpu,gemm,256,iso,880,998600,1107900
P3,sycl,dpcpp-ocl-jit-usm,cpu,gemm,256,iso,881,989800,1070600
P3,sycl,dpcpp-ocl-jit-usm,cpu,gemm,256,iso,882,1144300,1074700
P3,sycl,dpcpp-ocl-jit-usm,cpu,gemm,256,iso,883,991800,1081800
P3,sycl,dpcpp-ocl-jit-usm,cpu,gemm,256,iso,884,978800,1079200
P3,sycl,dpcpp-ocl-jit-usm,cpu,gemm,256,iso,885,989300,1077300
P3,sycl,dpcpp-ocl-jit-usm,cpu,gemm,256,iso,886,986000,1077500
P3,sycl,dpcpp-ocl-jit-usm,cpu,gemm,256,iso,887,1128300,1085500
P3,sycl,dpcpp-ocl-jit-usm,cpu,gemm,256,iso,888,979500,1088400
P3,sycl,dpcpp-ocl-jit-usm,cpu,gemm,256,iso,889,985100,1072400
P3,sycl,dpcpp-ocl-jit-usm,cpu,gemm,256,iso,890,989800,1073700
P3,sycl,dpcpp-ocl-jit-usm,cpu,gemm,256,iso,891,984600,1209300
P3,sycl,dpcpp-ocl-jit-usm,cpu,gemm,256,iso,892,1050400,1149400
P3,sycl,dpcpp-ocl-jit-usm,cpu,gemm,256,iso,893,1104800,1090500
P3,sycl,dpcpp-ocl-jit-usm,cpu,gemm,256,iso,894,993700,1066400
P3,sycl,dpcpp-ocl-jit-usm,cpu,gemm,256,iso,895,990900,1079700
P3,sycl,dpcpp-ocl-jit-usm,cpu,gemm,256,iso,896,985800,1257000
P3,sycl,dpcpp-ocl-jit-usm,cpu,gemm,256,iso,897,979900,1085300
P3,sycl,dpcpp-ocl-jit-usm,cpu,gemm,256,iso,898,992100,1076300
P3,sycl,dpcpp-ocl-jit-usm,cpu,gemm,256,iso,899,988100,1085400
P3,sycl,dpcpp-ocl-jit-usm,cpu,gemm,256,iso,900,986500,1073800
P3,sycl,dpcpp-ocl-jit-usm,cpu,gemm,256,iso,901,1121400,1093600
P3,sycl,dpcpp-ocl-jit-usm,cpu,gemm,256,iso,902,986400,1080200
P3,sycl,dpcpp-ocl-jit-usm,cpu,gemm,256,iso,903,981700,1073900
P3,sycl,dpcpp-ocl-jit-usm,cpu,gemm,256,iso,904,985300,1078000
P3,sycl,dpcpp-ocl-jit-usm,cpu,gemm,256,iso,905,988700,1083400
P3,sycl,dpcpp-ocl-jit-usm,cpu,gemm,256,iso,906,1142100,1212100
P3,sycl,dpcpp-ocl-jit-usm,cpu,gemm,256,iso,907,993400,1077300
P3,sycl,dpcpp-ocl-jit-usm,cpu,gemm,256,iso,908,992300,1082500
P3,sycl,dpcpp-ocl-jit-usm,cpu,gemm,256,iso,909,991900,1075200
P3,sycl,dpcpp-ocl-jit-usm,cpu,gemm,256,iso,910,1169500,1243200
P3,sycl,dpcpp-ocl-jit-usm,cpu,gemm,256,iso,911,1000300,1103400
P3,sycl,dpcpp-ocl-jit-usm,cpu,gemm,256,iso,912,1004000,1076500
P3,sycl,dpcpp-ocl-jit-usm,cpu,gemm,256,iso,913,983900,1074000
P3,sycl,dpcpp-ocl-jit-usm,cpu,gemm,256,iso,914,986100,1070300
P3,sycl,dpcpp-ocl-jit-usm,cpu,gemm,256,iso,915,984100,1221900
P3,sycl,dpcpp-ocl-jit-usm,cpu,gemm,256,iso,916,999300,1083600
P3,sycl,dpcpp-ocl-jit-usm,cpu,gemm,256,iso,917,989200,1083200
P3,sycl,dpcpp-ocl-jit-usm,cpu,gemm,256,iso,918,987800,1080000
P3,sycl,dpcpp-ocl-jit-usm,cpu,gemm,256,iso,919,984000,1095200
P3,sycl,dpcpp-ocl-jit-usm,cpu,gemm,256,iso,920,1123800,1095700
P3,sycl,dpcpp-ocl-jit-usm,cpu,gemm,256,iso,921,983800,1092900
P3,sycl,dpcpp-ocl-jit-usm,cpu,gemm,256,iso,922,976200,1071600
P3,sycl,dpcpp-ocl-jit-usm,cpu,gemm,256,iso,923,987200,1075800
P3,sycl,dpcpp-ocl-jit-usm,cpu,gemm,256,iso,924,984200,1079200
P3,sycl,dpcpp-ocl-jit-usm,cpu,gemm,256,iso,925,1133900,1218400
P3,sycl,dpcpp-ocl-jit-usm,cpu,gemm,256,iso,926,999900,1082800
P3,sycl,dpcpp-ocl-jit-usm,cpu,gemm,256,iso,927,1035600,1081800
P3,sycl,dpcpp-ocl-jit-usm,cpu,gemm,256,iso,928,991000,1072800
P3,sycl,dpcpp-ocl-jit-usm,cpu,gemm,256,iso,929,982800,1231200
P3,sycl,dpcpp-ocl-jit-usm,cpu,gemm,256,iso,930,990300,1067000
P3,sycl,dpcpp-ocl-jit-usm,cpu,gemm,256,iso,931,982100,1075900
P3,sycl,dpcpp-ocl-jit-usm,cpu,gemm,256,iso,932,992000,1089800
P3,sycl,dpcpp-ocl-jit-usm,cpu,gemm,256,iso,933,986000,1067800
P3,sycl,dpcpp-ocl-jit-usm,cpu,gemm,256,iso,934,988400,1218200
P3,sycl,dpcpp-ocl-jit-usm,cpu,gemm,256,iso,935,978400,1069400
P3,sycl,dpcpp-ocl-jit-usm,cpu,gemm,256,iso,936,981200,1073900
P3,sycl,dpcpp-ocl-jit-usm,cpu,gemm,256,iso,937,983400,1083800
P3,sycl,dpcpp-ocl-jit-usm,cpu,gemm,256,iso,938,997600,1080700
P3,sycl,dpcpp-ocl-jit-usm,cpu,gemm,256,iso,939,1119300,1212400
P3,sycl,dpcpp-ocl-jit-usm,cpu,gemm,256,iso,940,989400,1073800
P3,sycl,dpcpp-ocl-jit-usm,cpu,gemm,256,iso,941,981100,1063800
P3,sycl,dpcpp-ocl-jit-usm,cpu,gemm,256,iso,942,977500,1065400
P3,sycl,dpcpp-ocl-jit-usm,cpu,gemm,256,iso,943,1002000,1223100
P3,sycl,dpcpp-ocl-jit-usm,cpu,gemm,256,iso,944,993600,1090400
P3,sycl,dpcpp-ocl-jit-usm,cpu,gemm,256,iso,945,986200,1088300
P3,sycl,dpcpp-ocl-jit-usm,cpu,gemm,256,iso,946,988000,1067800
P3,sycl,dpcpp-ocl-jit-usm,cpu,gemm,256,iso,947,990600,1070300
P3,sycl,dpcpp-ocl-jit-usm,cpu,gemm,256,iso,948,996900,1217600
P3,sycl,dpcpp-ocl-jit-usm,cpu,gemm,256,iso,949,999700,1069900
P3,sycl,dpcpp-ocl-jit-usm,cpu,gemm,256,iso,950,993500,1076000
P3,sycl,dpcpp-ocl-jit-usm,cpu,gemm,256,iso,951,995700,1067600
P3,sycl,dpcpp-ocl-jit-usm,cpu,gemm,256,iso,952,997700,1064900
P3,sycl,dpcpp-ocl-jit-usm,cpu,gemm,256,iso,953,984100,1237400
P3,sycl,dpcpp-ocl-jit-usm,cpu,gemm,256,iso,954,1101000,1091800
P3,sycl,dpcpp-ocl-jit-usm,cpu,gemm,256,iso,955,983200,1071000
P3,sycl,dpcpp-ocl-jit-usm,cpu,gemm,256,iso,956,987400,1076400
P3,sycl,dpcpp-ocl-jit-usm,cpu,gemm,256,iso,957,984200,1076600
P3,sycl,dpcpp-ocl-jit-usm,cpu,gemm,256,iso,958,1130200,1083300
P3,sycl,dpcpp-ocl-jit-usm,cpu,gemm,256,iso,959,986200,1124300
P3,sycl,dpcpp-ocl-jit-usm,cpu,gemm,256,iso,960,988000,1075600
P3,sycl,dpcpp-ocl-jit-usm,cpu,gemm,256,iso,961,991300,1094700
P3,sycl,dpcpp-ocl-jit-usm,cpu,gemm,256,iso,962,989800,1236800
P3,sycl,dpcpp-ocl-jit-usm,cpu,gemm,256,iso,963,994800,1072800
P3,sycl,dpcpp-ocl-jit-usm,cpu,gemm,256,iso,964,992100,1085300
P3,sycl,dpcpp-ocl-jit-usm,cpu,gemm,256,iso,965,993100,1072700
P3,sycl,dpcpp-ocl-jit-usm,cpu,gemm,256,iso,966,981700,1066700
P3,sycl,dpcpp-ocl-jit-usm,cpu,gemm,256,iso,967,986500,1303600
P3,sycl,dpcpp-ocl-jit-usm,cpu,gemm,256,iso,968,1005600,1083300
P3,sycl,dpcpp-ocl-jit-usm,cpu,gemm,256,iso,969,1005000,1079000
P3,sycl,dpcpp-ocl-jit-usm,cpu,gemm,256,iso,970,991900,1070900
P3,sycl,dpcpp-ocl-jit-usm,cpu,gemm,256,iso,971,985200,1069600
P3,sycl,dpcpp-ocl-jit-usm,cpu,gemm,256,iso,972,1115600,1095900
P3,sycl,dpcpp-ocl-jit-usm,cpu,gemm,256,iso,973,973400,1086700
P3,sycl,dpcpp-ocl-jit-usm,cpu,gemm,256,iso,974,1094900,1102100
P3,sycl,dpcpp-ocl-jit-usm,cpu,gemm,256,iso,975,1002100,1090900
P3,sycl,dpcpp-ocl-jit-usm,cpu,gemm,256,iso,976,989800,1068200
P3,sycl,dpcpp-ocl-jit-usm,cpu,gemm,256,iso,977,1143400,1088100
P3,sycl,dpcpp-ocl-jit-usm,cpu,gemm,256,iso,978,991000,1070400
P3,sycl,dpcpp-ocl-jit-usm,cpu,gemm,256,iso,979,984500,1082500
P3,sycl,dpcpp-ocl-jit-usm,cpu,gemm,256,iso,980,998400,1070200
P3,sycl,dpcpp-ocl-jit-usm,cpu,gemm,256,iso,981,998400,1230900
P3,sycl,dpcpp-ocl-jit-usm,cpu,gemm,256,iso,982,996100,1077500
P3,sycl,dpcpp-ocl-jit-usm,cpu,gemm,256,iso,983,979300,1064700
P3,sycl,dpcpp-ocl-jit-usm,cpu,gemm,256,iso,984,995000,1090700
P3,sycl,dpcpp-ocl-jit-usm,cpu,gemm,256,iso,985,991800,1086100
P3,sycl,dpcpp-ocl-jit-usm,cpu,gemm,256,iso,986,983700,1248000
P3,sycl,dpcpp-ocl-jit-usm,cpu,gemm,256,iso,987,1092200,1086600
P3,sycl,dpcpp-ocl-jit-usm,cpu,gemm,256,iso,988,986500,1072900
P3,sycl,dpcpp-ocl-jit-usm,cpu,gemm,256,iso,989,978000,1073600
P3,sycl,dpcpp-ocl-jit-usm,cpu,gemm,256,iso,990,986300,1110900
P3,sycl,dpcpp-ocl-jit-usm,cpu,gemm,256,iso,991,1136400,1086900
P3,sycl,dpcpp-ocl-jit-usm,cpu,gemm,256,iso,992,987700,1081400
P3,sycl,dpcpp-ocl-jit-usm,cpu,gemm,256,iso,993,985700,1076700
P3,sycl,dpcpp-ocl-jit-usm,cpu,gemm,256,iso,994,980200,1079900
P3,sycl,dpcpp-ocl-jit-usm,cpu,gemm,256,iso,995,987300,1067700
P3,sycl,dpcpp-ocl-jit-usm,cpu,gemm,256,iso,996,1134800,1076300
P3,sycl,dpcpp-ocl-jit-usm,cpu,gemm,256,iso,997,1000000,1070200
P3,sycl,dpcpp-ocl-jit-usm,cpu,gemm,256,iso,998,1069200,1078400
P3,sycl,dpcpp-ocl-jit-usm,cpu,gemm,256,iso,999,982500,1073400
P3,sycl,dpcpp-ocl-jitprecise-usm,cpu,gemm,256,iso,0,976900,1075800
P3,sycl,dpcpp-ocl-jitprecise-usm,cpu,gemm,256,iso,1,989800,1073400
P3,sycl,dpcpp-ocl-jitprecise-usm,cpu,gemm,256,iso,2,984200,1073200
P3,sycl,dpcpp-ocl-jitprecise-usm,cpu,gemm,256,iso,3,1127900,1236200
P3,sycl,dpcpp-ocl-jitprecise-usm,cpu,gemm,256,iso,4,983600,1067800
P3,sycl,dpcpp-ocl-jitprecise-usm,cpu,gemm,256,iso,5,980100,1071800
P3,sycl,dpcpp-ocl-jitprecise-usm,cpu,gemm,256,iso,6,971600,1081400
P3,sycl,dpcpp-ocl-jitprecise-usm,cpu,gemm,256,iso,7,982700,1240300
P3,sycl,dpcpp-ocl-jitprecise-usm,cpu,gemm,256,iso,8,1094400,1083800
P3,sycl,dpcpp-ocl-jitprecise-usm,cpu,gemm,256,iso,9,977700,1068300
P3,sycl,dpcpp-ocl-jitprecise-usm,cpu,gemm,256,iso,10,978500,1073800
P3,sycl,dpcpp-ocl-jitprecise-usm,cpu,gemm,256,iso,11,990300,1073800
P3,sycl,dpcpp-ocl-jitprecise-usm,cpu,gemm,256,iso,12,1126000,1143400
P3,sycl,dpcpp-ocl-jitprecise-usm,cpu,gemm,256,iso,13,985000,1074100
P3,sycl,dpcpp-ocl-jitprecise-usm,cpu,gemm,256,iso,14,1093000,1091000
P3,sycl,dpcpp-ocl-jitprecise-usm,cpu,gemm,256,iso,15,981000,1093100
P3,sycl,dpcpp-ocl-jitprecise-usm,cpu,gemm,256,iso,16,1002100,1081400
P3,sycl,dpcpp-ocl-jitprecise-usm,cpu,gemm,256,iso,17,1134700,1208300
P3,sycl,dpcpp-ocl-jitprecise-usm,cpu,gemm,256,iso,18,994600,1066600
P3,sycl,dpcpp-ocl-jitprecise-usm,cpu,gemm,256,iso,19,987200,1068200
P3,sycl,dpcpp-ocl-jitprecise-usm,cpu,gemm,256,iso,20,996700,1078300
P3,sycl,dpcpp-ocl-jitprecise-usm,cpu,gemm,256,iso,21,979100,1237200
P3,sycl,dpcpp-ocl-jitprecise-usm,cpu,gemm,256,iso,22,979900,1150900
P3,sycl,dpcpp-ocl-jitprecise-usm,cpu,gemm,256,iso,23,984300,1226300
P3,sycl,dpcpp-ocl-jitprecise-usm,cpu,gemm,256,iso,24,997400,1071200
P3,sycl,dpcpp-ocl-jitprecise-usm,cpu,gemm,256,iso,25,977900,1073500
P3,sycl,dpcpp-ocl-jitprecise-usm,cpu,gemm,256,iso,26,986600,1224100
P3,sycl,dpcpp-ocl-jitprecise-usm,cpu,gemm,256,iso,27,1103500,1084400
P3,sycl,dpcpp-ocl-jitprecise-usm,cpu,gemm,256,iso,28,980700,1071100
P3,sycl,dpcpp-ocl-jitprecise-usm,cpu,gemm,256,iso,29,980600,1078800
P3,sycl,dpcpp-ocl-jitprecise-usm,cpu,gemm,256,iso,30,980300,1066600
P3,sycl,dpcpp-ocl-jitprecise-usm,cpu,gemm,256,iso,31,1137100,1195300
P3,sycl,dpcpp-ocl-jitprecise-usm,cpu,gemm,256,iso,32,999900,1081000
P3,sycl,dpcpp-ocl-jitprecise-usm,cpu,gemm,256,iso,33,1021300,1090300
P3,sycl,dpcpp-ocl-jitprecise-usm,cpu,gemm,256,iso,34,989300,1074200
P3,sycl,dpcpp-ocl-jitprecise-usm,cpu,gemm,256,iso,35,973900,1234900
P3,sycl,dpcpp-ocl-jitprecise-usm,cpu,gemm,256,iso,36,984500,1192900
P3,sycl,dpcpp-ocl-jitprecise-usm,cpu,gemm,256,iso,37,976400,1067300
P3,sycl,dpcpp-ocl-jitprecise-usm,cpu,gemm,256,iso,38,980700,1070700
P3,sycl,dpcpp-ocl-jitprecise-usm,cpu,gemm,256,iso,39,977100,1087100
P3,sycl,dpcpp-ocl-jitprecise-usm,cpu,gemm,256,iso,40,971900,1230300
P3,sycl,dpcpp-ocl-jitprecise-usm,cpu,gemm,256,iso,41,983800,1067800
P3,sycl,dpcpp-ocl-jitprecise-usm,cpu,gemm,256,iso,42,1097700,1081200
P3,sycl,dpcpp-ocl-jitprecise-usm,cpu,gemm,256,iso,43,983700,1065700
P3,sycl,dpcpp-ocl-jitprecise-usm,cpu,gemm,256,iso,44,987200,1072300
P3,sycl,dpcpp-ocl-jitprecise-usm,cpu,gemm,256,iso,45,1122700,1080800
P3,sycl,dpcpp-ocl-jitprecise-usm,cpu,gemm,256,iso,46,982900,1208800
P3,sycl,dpcpp-ocl-jitprecise-usm,cpu,gemm,256,iso,47,987500,1065100
P3,sycl,dpcpp-ocl-jitprecise-usm,cpu,gemm,256,iso,48,980500,1076400
P3,sycl,dpcpp-ocl-jitprecise-usm,cpu,gemm,256,iso,49,979500,1087600
P3,sycl,dpcpp-ocl-jitprecise-usm,cpu,gemm,256,iso,50,1181500,1083700
P3,sycl,dpcpp-ocl-jitprecise-usm,cpu,gemm,256,iso,51,974300,1202000
P3,sycl,dpcpp-ocl-jitprecise-usm,cpu,gemm,256,iso,52,988800,1070700
P3,sycl,dpcpp-ocl-jitprecise-usm,cpu,gemm,256,iso,53,980100,1082600
P3,sycl,dpcpp-ocl-jitprecise-usm,cpu,gemm,256,iso,54,977800,1230500
P3,sycl,dpcpp-ocl-jitprecise-usm,cpu,gemm,256,iso,55,1096900,1088600
P3,sycl,dpcpp-ocl-jitprecise-usm,cpu,gemm,256,iso,56,991100,1074100
P3,sycl,dpcpp-ocl-jitprecise-usm,cpu,gemm,256,iso,57,980800,1069800
P3,sycl,dpcpp-ocl-jitprecise-usm,cpu,gemm,256,iso,58,977900,1074500
P3,sycl,dpcpp-ocl-jitprecise-usm,cpu,gemm,256,iso,59,989900,1232600
P3,sycl,dpcpp-ocl-jitprecise-usm,cpu,gemm,256,iso,60,987100,1085200
P3,sycl,dpcpp-ocl-jitprecise-usm,cpu,gemm,256,iso,61,1098000,1085000
P3,sycl,dpcpp-ocl-jitprecise-usm,cpu,gemm,256,iso,62,992300,1071600
P3,sycl,dpcpp-ocl-jitprecise-usm,cpu,gemm,256,iso,63,975500,1066400
P3,sycl,dpcpp-ocl-jitprecise-usm,cpu,gemm,256,iso,64,1126100,1193700
P3,sycl,dpcpp-ocl-jitprecise-usm,cpu,gemm,256,iso,65,986900,1067000
P3,sycl,dpcpp-ocl-jitprecise-usm,cpu,gemm,256,iso,66,974200,1072000
P3,sycl,dpcpp-ocl-jitprecise-usm,cpu,gemm,256,iso,67,976600,1086000
P3,sycl,dpcpp-ocl-jitprecise-usm,cpu,gemm,256,iso,68,979200,1076600
P3,sycl,dpcpp-ocl-jitprecise-usm,cpu,gemm,256,iso,69,1130900,1092400
P3,sycl,dpcpp-ocl-jitprecise-usm,cpu,gemm,256,iso,70,976900,1193000
P3,sycl,dpcpp-ocl-jitprecise-usm,cpu,gemm,256,iso,71,985200,1068100
P3,sycl,dpcpp-ocl-jitprecise-usm,cpu,gemm,256,iso,72,980100,1083100
P3,sycl,dpcpp-ocl-jitprecise-usm,cpu,gemm,256,iso,73,979900,1222200
P3,sycl,dpcpp-ocl-jitprecise-usm,cpu,gemm,256,iso,74,1098000,1079600
P3,sycl,dpcpp-ocl-jitprecise-usm,cpu,gemm,256,iso,75,984600,1068600
P3,sycl,dpcpp-ocl-jitprecise-usm,cpu,gemm,256,iso,76,988800,1070600
P3,sycl,dpcpp-ocl-jitprecise-usm,cpu,gemm,256,iso,77,987200,1074000
P3,sycl,dpcpp-ocl-jitprecise-usm,cpu,gemm,256,iso,78,1122000,1084200
P3,sycl,dpcpp-ocl-jitprecise-usm,cpu,gemm,256,iso,79,990000,1068100
P3,sycl,dpcpp-ocl-jitprecise-usm,cpu,gemm,256,iso,80,1090100,1097100
P3,sycl,dpcpp-ocl-jitprecise-usm,cpu,gemm,256,iso,81,981400,1070100
P3,sycl,dpcpp-ocl-jitprecise-usm,cpu,gemm,256,iso,82,980600,1072500
P3,sycl,dpcpp-ocl-jitprecise-usm,cpu,gemm,256,iso,83,1128700,1207100
P3,sycl,dpcpp-ocl-jitprecise-usm,cpu,gemm,256,iso,84,988400,1069600
P3,sycl,dpcpp-ocl-jitprecise-usm,cpu,gemm,256,iso,85,973700,1066100
P3,sycl,dpcpp-ocl-jitprecise-usm,cpu,gemm,256,iso,86,982000,1076100
P3,sycl,dpcpp-ocl-jitprecise-usm,cpu,gemm,256,iso,87,982100,1228100
P3,sycl,dpcpp-ocl-jitprecise-usm,cpu,gemm,256,iso,88,1030300,1085400
P3,sycl,dpcpp-ocl-jitprecise-usm,cpu,gemm,256,iso,89,1092600,1086500
P3,sycl,dpcpp-ocl-jitprecise-usm,cpu,gemm,256,iso,90,987500,1073300
P3,sycl,dpcpp-ocl-jitprecise-usm,cpu,gemm,256,iso,91,979500,1062000
P3,sycl,dpcpp-ocl-jitprecise-usm,cpu,gemm,256,iso,92,987000,1217200
P3,sycl,dpcpp-ocl-jitprecise-usm,cpu,gemm,256,iso,93,1084900,1088200
P3,sycl,dpcpp-ocl-jitprecise-usm,cpu,gemm,256,iso,94,988100,1063700
P3,sycl,dpcpp-ocl-jitprecise-usm,cpu,gemm,256,iso,95,1049500,1095700
P3,sycl,dpcpp-ocl-jitprecise-usm,cpu,gemm,256,iso,96,976900,1067500
P3,sycl,dpcpp-ocl-jitprecise-usm,cpu,gemm,256,iso,97,1130800,1210200
P3,sycl,dpcpp-ocl-jitprecise-usm,cpu,gemm,256,iso,98,981700,1064500
P3,sycl,dpcpp-ocl-jitprecise-usm,cpu,gemm,256,iso,99,979900,1077300
P3,sycl,dpcpp-ocl-jitprecise-usm,cpu,gemm,256,iso,100,978900,1067700
P3,sycl,dpcpp-ocl-jitprecise-usm,cpu,gemm,256,iso,101,980000,1070000
P3,sycl,dpcpp-ocl-jitprecise-usm,cpu,gemm,256,iso,102,1135200,1198400
P3,sycl,dpcpp-ocl-jitprecise-usm,cpu,gemm,256,iso,103,981000,1069600
P3,sycl,dpcpp-ocl-jitprecise-usm,cpu,gemm,256,iso,104,979800,1074300
P3,sycl,dpcpp-ocl-jitprecise-usm,cpu,gemm,256,iso,105,975300,1075100
P3,sycl,dpcpp-ocl-jitprecise-usm,cpu,gemm,256,iso,106,987600,1230100
P3,sycl,dpcpp-ocl-jitprecise-usm,cpu,gemm,256,iso,107,1091400,1076400
P3,sycl,dpcpp-ocl-jitprecise-usm,cpu,gemm,256,iso,108,989400,1062800
P3,sycl,dpcpp-ocl-jitprecise-usm,cpu,gemm,256,iso,109,977800,1068300
P3,sycl,dpcpp-ocl-jitprecise-usm,cpu,gemm,256,iso,110,983600,1065900
P3,sycl,dpcpp-ocl-jitprecise-usm,cpu,gemm,256,iso,111,984700,1230700
P3,sycl,dpcpp-ocl-jitprecise-usm,cpu,gemm,256,iso,112,1105100,1089700
P3,sycl,dpcpp-ocl-jitprecise-usm,cpu,gemm,256,iso,113,988500,1069300
P3,sycl,dpcpp-ocl-jitprecise-usm,cpu,gemm,256,iso,114,979600,1071800
P3,sycl,dpcpp-ocl-jitprecise-usm,cpu,gemm,256,iso,115,981000,1078500
P3,sycl,dpcpp-ocl-jitprecise-usm,cpu,gemm,256,iso,116,1135100,1088900
P3,sycl,dpcpp-ocl-jitprecise-usm,cpu,gemm,256,iso,117,983800,1193300
P3,sycl,dpcpp-ocl-jitprecise-usm,cpu,gemm,256,iso,118,988000,1071800
P3,sycl,dpcpp-ocl-jitprecise-usm,cpu,gemm,256,iso,119,979000,1068600
P3,sycl,dpcpp-ocl-jitprecise-usm,cpu,gemm,256,iso,120,981400,1214700
P3,sycl,dpcpp-ocl-jitprecise-usm,cpu,gemm,256,iso,121,993100,1196600
P3,sycl,dpcpp-ocl-jitprecise-usm,cpu,gemm,256,iso,122,977500,1070400
P3,sycl,dpcpp-ocl-jitprecise-usm,cpu,gemm,256,iso,123,976700,1066600
P3,sycl,dpcpp-ocl-jitprecise-usm,cpu,gemm,256,iso,124,985900,1073700
P3,sycl,dpcpp-ocl-jitprecise-usm,cpu,gemm,256,iso,125,986100,1264000
P3,sycl,dpcpp-ocl-jitprecise-usm,cpu,gemm,256,iso,126,982900,1066100
P3,sycl,dpcpp-ocl-jitprecise-usm,cpu,gemm,256,iso,127,989700,1183500
P3,sycl,dpcpp-ocl-jitprecise-usm,cpu,gemm,256,iso,128,987400,1068500
P3,sycl,dpcpp-ocl-jitprecise-usm,cpu,gemm,256,iso,129,981100,1071100
P3,sycl,dpcpp-ocl-jitprecise-usm,cpu,gemm,256,iso,130,1137100,1192900
P3,sycl,dpcpp-ocl-jitprecise-usm,cpu,gemm,256,iso,131,991800,1080100
P3,sycl,dpcpp-ocl-jitprecise-usm,cpu,gemm,256,iso,132,986000,1078500
P3,sycl,dpcpp-ocl-jitprecise-usm,cpu,gemm,256,iso,133,983900,1072000
P3,sycl,dpcpp-ocl-jitprecise-usm,cpu,gemm,256,iso,134,980100,1069900
P3,sycl,dpcpp-ocl-jitprecise-usm,cpu,gemm,256,iso,135,1145400,1083900
P3,sycl,dpcpp-ocl-jitprecise-usm,cpu,gemm,256,iso,136,980300,1184400
P3,sycl,dpcpp-ocl-jitprecise-usm,cpu,gemm,256,iso,137,996500,1068700
P3,sycl,dpcpp-ocl-jitprecise-usm,cpu,gemm,256,iso,138,982600,1073900
P3,sycl,dpcpp-ocl-jitprecise-usm,cpu,gemm,256,iso,139,985000,1223600
P3,sycl,dpcpp-ocl-jitprecise-usm,cpu,gemm,256,iso,140,1092100,1086600
P3,sycl,dpcpp-ocl-jitprecise-usm,cpu,gemm,256,iso,141,983100,1062800
P3,sycl,dpcpp-ocl-jitprecise-usm,cpu,gemm,256,iso,142,982000,1065100
P3,sycl,dpcpp-ocl-jitprecise-usm,cpu,gemm,256,iso,143,977400,1063800
P3,sycl,dpcpp-ocl-jitprecise-usm,cpu,gemm,256,iso,144,979400,1231700
P3,sycl,dpcpp-ocl-jitprecise-usm,cpu,gemm,256,iso,145,986500,1068500
P3,sycl,dpcpp-ocl-jitprecise-usm,cpu,gemm,256,iso,146,1083800,1084500
P3,sycl,dpcpp-ocl-jitprecise-usm,cpu,gemm,256,iso,147,981200,1073500
P3,sycl,dpcpp-ocl-jitprecise-usm,cpu,gemm,256,iso,148,1000700,1068700
P3,sycl,dpcpp-ocl-jitprecise-usm,cpu,gemm,256,iso,149,1130200,1189800
P3,sycl,dpcpp-ocl-jitprecise-usm,cpu,gemm,256,iso,150,996900,1080400
P3,sycl,dpcpp-ocl-jitprecise-usm,cpu,gemm,256,iso,151,970900,1076300
P3,sycl,dpcpp-ocl-jitprecise-usm,cpu,gemm,256,iso,152,976300,1078100
P3,sycl,dpcpp-ocl-jitprecise-usm,cpu,gemm,256,iso,153,984200,1078200
P3,sycl,dpcpp-ocl-jitprecise-usm,cpu,gemm,256,iso,154,1134100,1087300
P3,sycl,dpcpp-ocl-jitprecise-usm,cpu,gemm,256,iso,155,985300,1194000
P3,sycl,dpcpp-ocl-jitprecise-usm,cpu,gemm,256,iso,156,993100,1071100
P3,sycl,dpcpp-ocl-jitprecise-usm,cpu,gemm,256,iso,157,981600,1069800
P3,sycl,dpcpp-ocl-jitprecise-usm,cpu,gemm,256,iso,158,986700,1221200
P3,sycl,dpcpp-ocl-jitprecise-usm,cpu,gemm,256,iso,159,1086100,1075300
P3,sycl,dpcpp-ocl-jitprecise-usm,cpu,gemm,256,iso,160,980300,1547700
P3,sycl,dpcpp-ocl-jitprecise-usm,cpu,gemm,256,iso,161,994500,1076800
P3,sycl,dpcpp-ocl-jitprecise-usm,cpu,gemm,256,iso,162,974300,1088200
P3,sycl,dpcpp-ocl-jitprecise-usm,cpu,gemm,256,iso,163,1084000,1227500
P3,sycl,dpcpp-ocl-jitprecise-usm,cpu,gemm,256,iso,164,996100,1067300
P3,sycl,dpcpp-ocl-jitprecise-usm,cpu,gemm,256,iso,165,968100,1066800
P3,sycl,dpcpp-ocl-jitprecise-usm,cpu,gemm,256,iso,166,973600,1077100
P3,sycl,dpcpp-ocl-jitprecise-usm,cpu,gemm,256,iso,167,979100,1075400
P3,sycl,dpcpp-ocl-jitprecise-usm,cpu,gemm,256,iso,168,1166700,1179700
P3,sycl,dpcpp-ocl-jitprecise-usm,cpu,gemm,256,iso,169,991100,1071000
P3,sycl,dpcpp-ocl-jitprecise-usm,cpu,gemm,256,iso,170,978000,1064200
P3,sycl,dpcpp-ocl-jitprecise-usm,cpu,gemm,256,iso,171,982100,1065800
P3,sycl,dpcpp-ocl-jitprecise-usm,cpu,gemm,256,iso,172,987800,1083400
P3,sycl,dpcpp-ocl-jitprecise-usm,cpu,gemm,256,iso,173,982400,1086100
P3,sycl,dpcpp-ocl-jitprecise-usm,cpu,gemm,256,iso,174,984700,1166400
P3,sycl,dpcpp-ocl-jitprecise-usm,cpu,gemm,256,iso,175,991500,1064800
P3,sycl,dpcpp-ocl-jitprecise-usm,cpu,gemm,256,iso,176,979400,1070800
P3,sycl,dpcpp-ocl-jitprecise-usm,cpu,gemm,256,iso,177,1011600,1224900
P3,sycl,dpcpp-ocl-jitprecise-usm,cpu,gemm,256,iso,178,1090700,1087600
P3,sycl,dpcpp-ocl-jitprecise-usm,cpu,gemm,256,iso,179,976800,1081700
P3,sycl,dpcpp-ocl-jitprecise-usm,cpu,gemm,256,iso,180,980100,1059700
P3,sycl,dpcpp-ocl-jitprecise-usm,cpu,gemm,256,iso,181,988600,1067500
P3,sycl,dpcpp-ocl-jitprecise-usm,cpu,gemm,256,iso,182,1133200,1075600
P3,sycl,dpcpp-ocl-jitprecise-usm,cpu,gemm,256,iso,183,977200,1184700
P3,sycl,dpcpp-ocl-jitprecise-usm,cpu,gemm,256,iso,184,987800,1097300
P3,sycl,dpcpp-ocl-jitprecise-usm,cpu,gemm,256,iso,185,974300,1066700
P3,sycl,dpcpp-ocl-jitprecise-usm,cpu,gemm,256,iso,186,973400,1072000
P3,sycl,dpcpp-ocl-jitprecise-usm,cpu,gemm,256,iso,187,1123600,1198700
P3,sycl,dpcpp-ocl-jitprecise-usm,cpu,gemm,256,iso,188,995200,1063900
P3,sycl,dpcpp-ocl-jitprecise-usm,cpu,gemm,256,iso,189,1063500,1075300
P3,sycl,dpcpp-ocl-jitprecise-usm,cpu,gemm,256,iso,190,986400,1057600
P3,sycl,dpcpp-ocl-jitprecise-usm,cpu,gemm,256,iso,191,984900,1225300
P3,sycl,dpcpp-ocl-jitprecise-usm,cpu,gemm,256,iso,192,988000,1064900
P3,sycl,dpcpp-ocl-jitprecise-usm,cpu,gemm,256,iso,193,980200,1192000
P3,sycl,dpcpp-ocl-jitprecise-usm,cpu,gemm,256,iso,194,984600,1075700
P3,sycl,dpcpp-ocl-jitprecise-usm,cpu,gemm,256,iso,195,982500,1070900
P3,sycl,dpcpp-ocl-jitprecise-usm,cpu,gemm,256,iso,196,994600,1237400
P3,sycl,dpcpp-ocl-jitprecise-usm,cpu,gemm,256,iso,197,1088500,1080700
P3,sycl,dpcpp-ocl-jitprecise-usm,cpu,gemm,256,iso,198,992400,1063600
P3,sycl,dpcpp-ocl-jitprecise-usm,cpu,gemm,256,iso,199,975000,1069100
P3,sycl,dpcpp-ocl-jitprecise-usm,cpu,gemm,256,iso,200,977000,1060500
P3,sycl,dpcpp-ocl-jitprecise-usm,cpu,gemm,256,iso,201,1128600,1235200
P3,sycl,dpcpp-ocl-jitprecise-usm,cpu,gemm,256,iso,202,989900,1073100
P3,sycl,dpcpp-ocl-jitprecise-usm,cpu,gemm,256,iso,203,982700,1067400
P3,sycl,dpcpp-ocl-jitprecise-usm,cpu,gemm,256,iso,204,975000,1072200
P3,sycl,dpcpp-ocl-jitprecise-usm,cpu,gemm,256,iso,205,980100,1221800
P3,sycl,dpcpp-ocl-jitprecise-usm,cpu,gemm,256,iso,206,997700,1199200
P3,sycl,dpcpp-ocl-jitprecise-usm,cpu,gemm,256,iso,207,988900,1067700
P3,sycl,dpcpp-ocl-jitprecise-usm,cpu,gemm,256,iso,208,984400,1082800
P3,sycl,dpcpp-ocl-jitprecise-usm,cpu,gemm,256,iso,209,978800,1070600
P3,sycl,dpcpp-ocl-jitprecise-usm,cpu,gemm,256,iso,210,977100,1221600
P3,sycl,dpcpp-ocl-jitprecise-usm,cpu,gemm,256,iso,211,993900,1072700
P3,sycl,dpcpp-ocl-jitprecise-usm,cpu,gemm,256,iso,212,1105200,1105300
P3,sycl,dpcpp-ocl-jitprecise-usm,cpu,gemm,256,iso,213,978300,1079500
P3,sycl,dpcpp-ocl-jitprecise-usm,cpu,gemm,256,iso,214,976800,1068900
P3,sycl,dpcpp-ocl-jitprecise-usm,cpu,gemm,256,iso,215,1142000,1196400
P3,sycl,dpcpp-ocl-jitprecise-usm,cpu,gemm,256,iso,216,990300,1064700
P3,sycl,dpcpp-ocl-jitprecise-usm,cpu,gemm,256,iso,217,1051500,1085200
P3,sycl,dpcpp-ocl-jitprecise-usm,cpu,gemm,256,iso,218,987900,1068900
P3,sycl,dpcpp-ocl-jitprecise-usm,cpu,gemm,256,iso,219,983200,1068700
P3,sycl,dpcpp-ocl-jitprecise-usm,cpu,gemm,256,iso,220,1141700,1086300
P3,sycl,dpcpp-ocl-jitprecise-usm,cpu,gemm,256,iso,221,981100,1203800
P3,sycl,dpcpp-ocl-jitprecise-usm,cpu,gemm,256,iso,222,979800,1082900
P3,sycl,dpcpp-ocl-jitprecise-usm,cpu,gemm,256,iso,223,982400,1074500
P3,sycl,dpcpp-ocl-jitprecise-usm,cpu,gemm,256,iso,224,990600,1242600
P3,sycl,dpcpp-ocl-jitprecise-usm,cpu,gemm,256,iso,225,1095300,1082900
P3,sycl,dpcpp-ocl-jitprecise-usm,cpu,gemm,256,iso,226,981300,1074700
P3,sycl,dpcpp-ocl-jitprecise-usm,cpu,gemm,256,iso,227,997400,1068200
P3,sycl,dpcpp-ocl-jitprecise-usm,cpu,gemm,256,iso,228,993300,1065900
P3,sycl,dpcpp-ocl-jitprecise-usm,cpu,gemm,256,iso,229,983000,1241800
P3,sycl,dpcpp-ocl-jitprecise-usm,cpu,gemm,256,iso,230,1087700,1091900
P3,sycl,dpcpp-ocl-jitprecise-usm,cpu,gemm,256,iso,231,980100,1072700
P3,sycl,dpcpp-ocl-jitprecise-usm,cpu,gemm,256,iso,232,983100,1082200
P3,sycl,dpcpp-ocl-jitprecise-usm,cpu,gemm,256,iso,233,972500,1074100
P3,sycl,dpcpp-ocl-jitprecise-usm,cpu,gemm,256,iso,234,1128600,1189600
P3,sycl,dpcpp-ocl-jitprecise-usm,cpu,gemm,256,iso,235,999100,1073300
P3,sycl,dpcpp-ocl-jitprecise-usm,cpu,gemm,256,iso,236,978200,1079200
P3,sycl,dpcpp-ocl-jitprecise-usm,cpu,gemm,256,iso,237,981200,1067800
P3,sycl,dpcpp-ocl-jitprecise-usm,cpu,gemm,256,iso,238,974500,1232800
P3,sycl,dpcpp-ocl-jitprecise-usm,cpu,gemm,256,iso,239,1050000,1081100
P3,sycl,dpcpp-ocl-jitprecise-usm,cpu,gemm,256,iso,240,980800,1193500
P3,sycl,dpcpp-ocl-jitprecise-usm,cpu,gemm,256,iso,241,991800,1070200
P3,sycl,dpcpp-ocl-jitprecise-usm,cpu,gemm,256,iso,242,987500,1075200
P3,sycl,dpcpp-ocl-jitprecise-usm,cpu,gemm,256,iso,243,988200,1240600
P3,sycl,dpcpp-ocl-jitprecise-usm,cpu,gemm,256,iso,244,1117300,1080400
P3,sycl,dpcpp-ocl-jitprecise-usm,cpu,gemm,256,iso,245,985200,1073300
P3,sycl,dpcpp-ocl-jitprecise-usm,cpu,gemm,256,iso,246,990300,1068400
P3,sycl,dpcpp-ocl-jitprecise-usm,cpu,gemm,256,iso,247,984000,1087200
P3,sycl,dpcpp-ocl-jitprecise-usm,cpu,gemm,256,iso,248,1128900,1082000
P3,sycl,dpcpp-ocl-jitprecise-usm,cpu,gemm,256,iso,249,972800,1189200
P3,sycl,dpcpp-ocl-jitprecise-usm,cpu,gemm,256,iso,250,997400,1073500
P3,sycl,dpcpp-ocl-jitprecise-usm,cpu,gemm,256,iso,251,981300,1083100
P3,sycl,dpcpp-ocl-jitprecise-usm,cpu,gemm,256,iso,252,978800,1071600
P3,sycl,dpcpp-ocl-jitprecise-usm,cpu,gemm,256,iso,253,1157300,1228700
P3,sycl,dpcpp-ocl-jitprecise-usm,cpu,gemm,256,iso,254,1006000,1071200
P3,sycl,dpcpp-ocl-jitprecise-usm,cpu,gemm,256,iso,255,999500,1103100
P3,sycl,dpcpp-ocl-jitprecise-usm,cpu,gemm,256,iso,256,984000,1072000
P3,sycl,dpcpp-ocl-jitprecise-usm,cpu,gemm,256,iso,257,991100,1227100
P3,sycl,dpcpp-ocl-jitprecise-usm,cpu,gemm,256,iso,258,991400,1103600
P3,sycl,dpcpp-ocl-jitprecise-usm,cpu,gemm,256,iso,259,1099200,1103700
P3,sycl,dpcpp-ocl-jitprecise-usm,cpu,gemm,256,iso,260,979400,1074100
P3,sycl,dpcpp-ocl-jitprecise-usm,cpu,gemm,256,iso,261,983500,1075500
P3,sycl,dpcpp-ocl-jitprecise-usm,cpu,gemm,256,iso,262,1127800,1086100
P3,sycl,dpcpp-ocl-jitprecise-usm,cpu,gemm,256,iso,263,1086500,1078500
P3,sycl,dpcpp-ocl-jitprecise-usm,cpu,gemm,256,iso,264,981300,1070900
P3,sycl,dpcpp-ocl-jitprecise-usm,cpu,gemm,256,iso,265,982200,1078700
P3,sycl,dpcpp-ocl-jitprecise-usm,cpu,gemm,256,iso,266,982600,1074000
P3,sycl,dpcpp-ocl-jitprecise-usm,cpu,gemm,256,iso,267,1133500,1093600
P3,sycl,dpcpp-ocl-jitprecise-usm,cpu,gemm,256,iso,268,976900,1067800
P3,sycl,dpcpp-ocl-jitprecise-usm,cpu,gemm,256,iso,269,1105900,1085300
P3,sycl,dpcpp-ocl-jitprecise-usm,cpu,gemm,256,iso,270,989500,1065300
P3,sycl,dpcpp-ocl-jitprecise-usm,cpu,gemm,256,iso,271,981900,1231200
P3,sycl,dpcpp-ocl-jitprecise-usm,cpu,gemm,256,iso,272,1099800,1082400
P3,sycl,dpcpp-ocl-jitprecise-usm,cpu,gemm,256,iso,273,989500,1062600
P3,sycl,dpcpp-ocl-jitprecise-usm,cpu,gemm,256,iso,274,981200,1076600
P3,sycl,dpcpp-ocl-jitprecise-usm,cpu,gemm,256,iso,275,990700,1078200
P3,sycl,dpcpp-ocl-jitprecise-usm,cpu,gemm,256,iso,276,990900,1261400
P3,sycl,dpcpp-ocl-jitprecise-usm,cpu,gemm,256,iso,277,985300,1077100
P3,sycl,dpcpp-ocl-jitprecise-usm,cpu,gemm,256,iso,278,1088300,1081700
P3,sycl,dpcpp-ocl-jitprecise-usm,cpu,gemm,256,iso,279,978300,1089400
P3,sycl,dpcpp-ocl-jitprecise-usm,cpu,gemm,256,iso,280,986100,1069200
P3,sycl,dpcpp-ocl-jitprecise-usm,cpu,gemm,256,iso,281,1132100,1195300
P3,sycl,dpcpp-ocl-jitprecise-usm,cpu,gemm,256,iso,282,1087800,1081400
P3,sycl,dpcpp-ocl-jitprecise-usm,cpu,gemm,256,iso,283,977900,1067400
P3,sycl,dpcpp-ocl-jitprecise-usm,cpu,gemm,256,iso,284,978800,1074200
P3,sycl,dpcpp-ocl-jitprecise-usm,cpu,gemm,256,iso,285,980300,1217500
P3,sycl,dpcpp-ocl-jitprecise-usm,cpu,gemm,256,iso,286,988900,1069800
P3,sycl,dpcpp-ocl-jitprecise-usm,cpu,gemm,256,iso,287,988000,1191200
P3,sycl,dpcpp-ocl-jitprecise-usm,cpu,gemm,256,iso,288,997600,1070100
P3,sycl,dpcpp-ocl-jitprecise-usm,cpu,gemm,256,iso,289,980800,1064200
P3,sycl,dpcpp-ocl-jitprecise-usm,cpu,gemm,256,iso,290,988000,1220500
P3,sycl,dpcpp-ocl-jitprecise-usm,cpu,gemm,256,iso,291,1094800,1087900
P3,sycl,dpcpp-ocl-jitprecise-usm,cpu,gemm,256,iso,292,996300,1070600
P3,sycl,dpcpp-ocl-jitprecise-usm,cpu,gemm,256,iso,293,982900,1080500
P3,sycl,dpcpp-ocl-jitprecise-usm,cpu,gemm,256,iso,294,989400,1080400
P3,sycl,dpcpp-ocl-jitprecise-usm,cpu,gemm,256,iso,295,1134100,1083100
P3,sycl,dpcpp-ocl-jitprecise-usm,cpu,gemm,256,iso,296,1087400,1094000
P3,sycl,dpcpp-ocl-jitprecise-usm,cpu,gemm,256,iso,297,975700,1078400
P3,sycl,dpcpp-ocl-jitprecise-usm,cpu,gemm,256,iso,298,977700,1067700
P3,sycl,dpcpp-ocl-jitprecise-usm,cpu,gemm,256,iso,299,973500,1072000
P3,sycl,dpcpp-ocl-jitprecise-usm,cpu,gemm,256,iso,300,1137800,1195000
P3,sycl,dpcpp-ocl-jitprecise-usm,cpu,gemm,256,iso,301,978400,1073200
P3,sycl,dpcpp-ocl-jitprecise-usm,cpu,gemm,256,iso,302,980300,1077400
P3,sycl,dpcpp-ocl-jitprecise-usm,cpu,gemm,256,iso,303,978300,1066900
P3,sycl,dpcpp-ocl-jitprecise-usm,cpu,gemm,256,iso,304,982800,1232100
P3,sycl,dpcpp-ocl-jitprecise-usm,cpu,gemm,256,iso,305,995200,1071600
P3,sycl,dpcpp-ocl-jitprecise-usm,cpu,gemm,256,iso,306,1084900,1085200
P3,sycl,dpcpp-ocl-jitprecise-usm,cpu,gemm,256,iso,307,979100,1065900
P3,sycl,dpcpp-ocl-jitprecise-usm,cpu,gemm,256,iso,308,995500,1072500
P3,sycl,dpcpp-ocl-jitprecise-usm,cpu,gemm,256,iso,309,985300,1240700
P3,sycl,dpcpp-ocl-jitprecise-usm,cpu,gemm,256,iso,310,1094900,1090300
P3,sycl,dpcpp-ocl-jitprecise-usm,cpu,gemm,256,iso,311,983500,1071500
P3,sycl,dpcpp-ocl-jitprecise-usm,cpu,gemm,256,iso,312,978600,1082600
P3,sycl,dpcpp-ocl-jitprecise-usm,cpu,gemm,256,iso,313,983900,1081200
P3,sycl,dpcpp-ocl-jitprecise-usm,cpu,gemm,256,iso,314,1163700,1155800
P3,sycl,dpcpp-ocl-jitprecise-usm,cpu,gemm,256,iso,315,983300,1076800
P3,sycl,dpcpp-ocl-jitprecise-usm,cpu,gemm,256,iso,316,1112100,1083500
P3,sycl,dpcpp-ocl-jitprecise-usm,cpu,gemm,256,iso,317,975000,1074100
P3,sycl,dpcpp-ocl-jitprecise-usm,cpu,gemm,256,iso,318,985300,1065800
P3,sycl,dpcpp-ocl-jitprecise-usm,cpu,gemm,256,iso,319,1138400,1201400
P3,sycl,dpcpp-ocl-jitprecise-usm,cpu,gemm,256,iso,320,986700,1064300
P3,sycl,dpcpp-ocl-jitprecise-usm,cpu,gemm,256,iso,321,979800,1067500
P3,sycl,dpcpp-ocl-jitprecise-usm,cpu,gemm,256,iso,322,980400,1063700
P3,sycl,dpcpp-ocl-jitprecise-usm,cpu,gemm,256,iso,323,978300,1226500
P3,sycl,dpcpp-ocl-jitprecise-usm,cpu,gemm,256,iso,324,1012200,1069500
P3,sycl,dpcpp-ocl-jitprecise-usm,cpu,gemm,256,iso,325,1086700,1085500
P3,sycl,dpcpp-ocl-jitprecise-usm,cpu,gemm,256,iso,326,984900,1067600
P3,sycl,dpcpp-ocl-jitprecise-usm,cpu,gemm,256,iso,327,983600,1065900
P3,sycl,dpcpp-ocl-jitprecise-usm,cpu,gemm,256,iso,328,981400,1231100
P3,sycl,dpcpp-ocl-jitprecise-usm,cpu,gemm,256,iso,329,1085600,1082400
P3,sycl,dpcpp-ocl-jitprecise-usm,cpu,gemm,256,iso,330,977700,1076300
P3,sycl,dpcpp-ocl-jitprecise-usm,cpu,gemm,256,iso,331,977000,1062500
P3,sycl,dpcpp-ocl-jitprecise-usm,cpu,gemm,256,iso,332,978400,1072200
P3,sycl,dpcpp-ocl-jitprecise-usm,cpu,gemm,256,iso,333,1130000,1072400
P3,sycl,dpcpp-ocl-jitprecise-usm,cpu,gemm,256,iso,334,980400,1180100
P3,sycl,dpcpp-ocl-jitprecise-usm,cpu,gemm,256,iso,335,989800,1072100
P3,sycl,dpcpp-ocl-jitprecise-usm,cpu,gemm,256,iso,336,982800,1074100
P3,sycl,dpcpp-ocl-jitprecise-usm,cpu,gemm,256,iso,337,994800,1216900
P3,sycl,dpcpp-ocl-jitprecise-usm,cpu,gemm,256,iso,338,984900,1185700
P3,sycl,dpcpp-ocl-jitprecise-usm,cpu,gemm,256,iso,339,1003400,1071000
P3,sycl,dpcpp-ocl-jitprecise-usm,cpu,gemm,256,iso,340,994400,1063400
P3,sycl,dpcpp-ocl-jitprecise-usm,cpu,gemm,256,iso,341,978300,1066800
P3,sycl,dpcpp-ocl-jitprecise-usm,cpu,gemm,256,iso,342,981700,1232100
P3,sycl,dpcpp-ocl-jitprecise-usm,cpu,gemm,256,iso,343,978600,1074300
P3,sycl,dpcpp-ocl-jitprecise-usm,cpu,gemm,256,iso,344,1092500,1087700
P3,sycl,dpcpp-ocl-jitprecise-usm,cpu,gemm,256,iso,345,975700,1077300
P3,sycl,dpcpp-ocl-jitprecise-usm,cpu,gemm,256,iso,346,986800,1068000
P3,sycl,dpcpp-ocl-jitprecise-usm,cpu,gemm,256,iso,347,1125000,1193100
P3,sycl,dpcpp-ocl-jitprecise-usm,cpu,gemm,256,iso,348,986400,1080900
P3,sycl,dpcpp-ocl-jitprecise-usm,cpu,gemm,256,iso,349,982900,1070500
P3,sycl,dpcpp-ocl-jitprecise-usm,cpu,gemm,256,iso,350,986800,1070100
P3,sycl,dpcpp-ocl-jitprecise-usm,cpu,gemm,256,iso,351,973500,1071800
P3,sycl,dpcpp-ocl-jitprecise-usm,cpu,gemm,256,iso,352,1168100,1078300
P3,sycl,dpcpp-ocl-jitprecise-usm,cpu,gemm,256,iso,353,983300,1180300
P3,sycl,dpcpp-ocl-jitprecise-usm,cpu,gemm,256,iso,354,984400,1074500
P3,sycl,dpcpp-ocl-jitprecise-usm,cpu,gemm,256,iso,355,983600,1065600
P3,sycl,dpcpp-ocl-jitprecise-usm,cpu,gemm,256,iso,356,1000100,1224000
P3,sycl,dpcpp-ocl-jitprecise-usm,cpu,gemm,256,iso,357,1091600,1099700
P3,sycl,dpcpp-ocl-jitprecise-usm,cpu,gemm,256,iso,358,986400,1082500
P3,sycl,dpcpp-ocl-jitprecise-usm,cpu,gemm,256,iso,359,985500,1063600
P3,sycl,dpcpp-ocl-jitprecise-usm,cpu,gemm,256,iso,360,976700,1071000
P3,sycl,dpcpp-ocl-jitprecise-usm,cpu,gemm,256,iso,361,977600,1225800
P3,sycl,dpcpp-ocl-jitprecise-usm,cpu,gemm,256,iso,362,1096100,1092600
P3,sycl,dpcpp-ocl-jitprecise-usm,cpu,gemm,256,iso,363,973300,1063600
P3,sycl,dpcpp-ocl-jitprecise-usm,cpu,gemm,256,iso,364,981200,1088000
P3,sycl,dpcpp-ocl-jitprecise-usm,cpu,gemm,256,iso,365,973300,1076200
P3,sycl,dpcpp-ocl-jitprecise-usm,cpu,gemm,256,iso,366,1129800,1197100
P3,sycl,dpcpp-ocl-jitprecise-usm,cpu,gemm,256,iso,367,983000,1065700
P3,sycl,dpcpp-ocl-jitprecise-usm,cpu,gemm,256,iso,368,983100,1067800
P3,sycl,dpcpp-ocl-jitprecise-usm,cpu,gemm,256,iso,369,986800,1071500
P3,sycl,dpcpp-ocl-jitprecise-usm,cpu,gemm,256,iso,370,978800,1061800
P3,sycl,dpcpp-ocl-jitprecise-usm,cpu,gemm,256,iso,371,1138100,1078300
P3,sycl,dpcpp-ocl-jitprecise-usm,cpu,gemm,256,iso,372,1002300,1183700
P3,sycl,dpcpp-ocl-jitprecise-usm,cpu,gemm,256,iso,373,988600,1071300
P3,sycl,dpcpp-ocl-jitprecise-usm,cpu,gemm,256,iso,374,978700,1076800
P3,sycl,dpcpp-ocl-jitprecise-usm,cpu,gemm,256,iso,375,987300,1224100
P3,sycl,dpcpp-ocl-jitprecise-usm,cpu,gemm,256,iso,376,1083300,1099600
P3,sycl,dpcpp-ocl-jitprecise-usm,cpu,gemm,256,iso,377,980800,1064600
P3,sycl,dpcpp-ocl-jitprecise-usm,cpu,gemm,256,iso,378,973300,1066000
P3,sycl,dpcpp-ocl-jitprecise-usm,cpu,gemm,256,iso,379,992900,1075100
P3,sycl,dpcpp-ocl-jitprecise-usm,cpu,gemm,256,iso,380,975700,1232600
P3,sycl,dpcpp-ocl-jitprecise-usm,cpu,gemm,256,iso,381,992100,1066100
P3,sycl,dpcpp-ocl-jitprecise-usm,cpu,gemm,256,iso,382,1091200,1079200
P3,sycl,dpcpp-ocl-jitprecise-usm,cpu,gemm,256,iso,383,974000,1070700
P3,sycl,dpcpp-ocl-jitprecise-usm,cpu,gemm,256,iso,384,973200,1074500
P3,sycl,dpcpp-ocl-jitprecise-usm,cpu,gemm,256,iso,385,1139500,1204400
P3,sycl,dpcpp-ocl-jitprecise-usm,cpu,gemm,256,iso,386,1003100,1077400
P3,sycl,dpcpp-ocl-jitprecise-usm,cpu,gemm,256,iso,387,985400,1062300
P3,sycl,dpcpp-ocl-jitprecise-usm,cpu,gemm,256,iso,388,989600,1070000
P3,sycl,dpcpp-ocl-jitprecise-usm,cpu,gemm,256,iso,389,980800,1213500
P3,sycl,dpcpp-ocl-jitprecise-usm,cpu,gemm,256,iso,390,1031200,1075000
P3,sycl,dpcpp-ocl-jitprecise-usm,cpu,gemm,256,iso,391,1092900,1091100
P3,sycl,dpcpp-ocl-jitprecise-usm,cpu,gemm,256,iso,392,978900,1068700
P3,sycl,dpcpp-ocl-jitprecise-usm,cpu,gemm,256,iso,393,982800,1073300
P3,sycl,dpcpp-ocl-jitprecise-usm,cpu,gemm,256,iso,394,976100,1231500
P3,sycl,dpcpp-ocl-jitprecise-usm,cpu,gemm,256,iso,395,1085000,1083100
P3,sycl,dpcpp-ocl-jitprecise-usm,cpu,gemm,256,iso,396,983100,1074900
P3,sycl,dpcpp-ocl-jitprecise-usm,cpu,gemm,256,iso,397,978300,1067900
P3,sycl,dpcpp-ocl-jitprecise-usm,cpu,gemm,256,iso,398,979200,1072700
P3,sycl,dpcpp-ocl-jitprecise-usm,cpu,gemm,256,iso,399,1142000,1082700
P3,sycl,dpcpp-ocl-jitprecise-usm,cpu,gemm,256,iso,400,985900,1065600
P3,sycl,dpcpp-ocl-jitprecise-usm,cpu,gemm,256,iso,401,1080900,1084400
P3,sycl,dpcpp-ocl-jitprecise-usm,cpu,gemm,256,iso,402,983200,1066600
P3,sycl,dpcpp-ocl-jitprecise-usm,cpu,gemm,256,iso,403,982700,1064000
P3,sycl,dpcpp-ocl-jitprecise-usm,cpu,gemm,256,iso,404,1147100,1190600
P3,sycl,dpcpp-ocl-jitprecise-usm,cpu,gemm,256,iso,405,987400,1070200
P3,sycl,dpcpp-ocl-jitprecise-usm,cpu,gemm,256,iso,406,983100,1062300
P3,sycl,dpcpp-ocl-jitprecise-usm,cpu,gemm,256,iso,407,976600,1071900
P3,sycl,dpcpp-ocl-jitprecise-usm,cpu,gemm,256,iso,408,975900,1226200
P3,sycl,dpcpp-ocl-jitprecise-usm,cpu,gemm,256,iso,409,984400,1075800
P3,sycl,dpcpp-ocl-jitprecise-usm,cpu,gemm,256,iso,410,984700,1199900
P3,sycl,dpcpp-ocl-jitprecise-usm,cpu,gemm,256,iso,411,996500,1074000
P3,sycl,dpcpp-ocl-jitprecise-usm,cpu,gemm,256,iso,412,977600,1070800
P3,sycl,dpcpp-ocl-jitprecise-usm,cpu,gemm,256,iso,413,974600,1232800
P3,sycl,dpcpp-ocl-jitprecise-usm,cpu,gemm,256,iso,414,1102100,1100200
P3,sycl,dpcpp-ocl-jitprecise-usm,cpu,gemm,256,iso,415,974100,1068200
P3,sycl,dpcpp-ocl-jitprecise-usm,cpu,gemm,256,iso,416,982800,1066700
P3,sycl,dpcpp-ocl-jitprecise-usm,cpu,gemm,256,iso,417,984000,1066100
P3,sycl,dpcpp-ocl-jitprecise-usm,cpu,gemm,256,iso,418,1137700,1091900
P3,sycl,dpcpp-ocl-jitprecise-usm,cpu,gemm,256,iso,419,981500,1184100
P3,sycl,dpcpp-ocl-jitprecise-usm,cpu,gemm,256,iso,420,997400,1175200
P3,sycl,dpcpp-ocl-jitprecise-usm,cpu,gemm,256,iso,421,982800,1062200
P3,sycl,dpcpp-ocl-jitprecise-usm,cpu,gemm,256,iso,422,980400,1067500
P3,sycl,dpcpp-ocl-jitprecise-usm,cpu,gemm,256,iso,423,1133100,1203400
P3,sycl,dpcpp-ocl-jitprecise-usm,cpu,gemm,256,iso,424,982800,1067600
P3,sycl,dpcpp-ocl-jitprecise-usm,cpu,gemm,256,iso,425,983500,1077700
P3,sycl,dpcpp-ocl-jitprecise-usm,cpu,gemm,256,iso,426,981900,1073000
P3,sycl,dpcpp-ocl-jitprecise-usm,cpu,gemm,256,iso,427,979500,1234100
P3,sycl,dpcpp-ocl-jitprecise-usm,cpu,gemm,256,iso,428,1155500,1104700
P3,sycl,dpcpp-ocl-jitprecise-usm,cpu,gemm,256,iso,429,987000,1079100
P3,sycl,dpcpp-ocl-jitprecise-usm,cpu,gemm,256,iso,430,975500,1080200
P3,sycl,dpcpp-ocl-jitprecise-usm,cpu,gemm,256,iso,431,979000,1070100
P3,sycl,dpcpp-ocl-jitprecise-usm,cpu,gemm,256,iso,432,1155600,1088200
P3,sycl,dpcpp-ocl-jitprecise-usm,cpu,gemm,256,iso,433,1093400,1082000
P3,sycl,dpcpp-ocl-jitprecise-usm,cpu,gemm,256,iso,434,982400,1069400
P3,sycl,dpcpp-ocl-jitprecise-usm,cpu,gemm,256,iso,435,977300,1074900
P3,sycl,dpcpp-ocl-jitprecise-usm,cpu,gemm,256,iso,436,978300,1086100
P3,sycl,dpcpp-ocl-jitprecise-usm,cpu,gemm,256,iso,437,1146000,1076200
P3,sycl,dpcpp-ocl-jitprecise-usm,cpu,gemm,256,iso,438,977500,1206200
P3,sycl,dpcpp-ocl-jitprecise-usm,cpu,gemm,256,iso,439,989600,1062700
P3,sycl,dpcpp-ocl-jitprecise-usm,cpu,gemm,256,iso,440,987100,1063400
P3,sycl,dpcpp-ocl-jitprecise-usm,cpu,gemm,256,iso,441,986100,1225400
P3,sycl,dpcpp-ocl-jitprecise-usm,cpu,gemm,256,iso,442,1091400,1088900
P3,sycl,dpcpp-ocl-jitprecise-usm,cpu,gemm,256,iso,443,988200,1067500
P3,sycl,dpcpp-ocl-jitprecise-usm,cpu,gemm,256,iso,444,984500,1066500
P3,sycl,dpcpp-ocl-jitprecise-usm,cpu,gemm,256,iso,445,972400,1069100
P3,sycl,dpcpp-ocl-jitprecise-usm,cpu,gemm,256,iso,446,977400,1233200
P3,sycl,dpcpp-ocl-jitprecise-usm,cpu,gemm,256,iso,447,975500,1067800
P3,sycl,dpcpp-ocl-jitprecise-usm,cpu,gemm,256,iso,448,1083400,1079300
P3,sycl,dpcpp-ocl-jitprecise-usm,cpu,gemm,256,iso,449,980300,1067500
P3,sycl,dpcpp-ocl-jitprecise-usm,cpu,gemm,256,iso,450,985100,1072200
P3,sycl,dpcpp-ocl-jitprecise-usm,cpu,gemm,256,iso,451,1122900,1199100
P3,sycl,dpcpp-ocl-jitprecise-usm,cpu,gemm,256,iso,452,996400,1083100
P3,sycl,dpcpp-ocl-jitprecise-usm,cpu,gemm,256,iso,453,976700,1150100
P3,sycl,dpcpp-ocl-jitprecise-usm,cpu,gemm,256,iso,454,978800,1061100
P3,sycl,dpcpp-ocl-jitprecise-usm,cpu,gemm,256,iso,455,979500,1070500
P3,sycl,dpcpp-ocl-jitprecise-usm,cpu,gemm,256,iso,456,1136600,1076700
P3,sycl,dpcpp-ocl-jitprecise-usm,cpu,gemm,256,iso,457,980300,1196800
P3,sycl,dpcpp-ocl-jitprecise-usm,cpu,gemm,256,iso,458,994100,1063100
P3,sycl,dpcpp-ocl-jitprecise-usm,cpu,gemm,256,iso,459,986800,1065600
P3,sycl,dpcpp-ocl-jitprecise-usm,cpu,gemm,256,iso,460,976200,1227900
P3,sycl,dpcpp-ocl-jitprecise-usm,cpu,gemm,256,iso,461,1092900,1083200
P3,sycl,dpcpp-ocl-jitprecise-usm,cpu,gemm,256,iso,462,976700,1076200
P3,sycl,dpcpp-ocl-jitprecise-usm,cpu,gemm,256,iso,463,985200,1064600
P3,sycl,dpcpp-ocl-jitprecise-usm,cpu,gemm,256,iso,464,979600,1078200
P3,sycl,dpcpp-ocl-jitprecise-usm,cpu,gemm,256,iso,465,993200,1289700
P3,sycl,dpcpp-ocl-jitprecise-usm,cpu,gemm,256,iso,466,982400,1193400
P3,sycl,dpcpp-ocl-jitprecise-usm,cpu,gemm,256,iso,467,991800,1074700
P3,sycl,dpcpp-ocl-jitprecise-usm,cpu,gemm,256,iso,468,977600,1080800
P3,sycl,dpcpp-ocl-jitprecise-usm,cpu,gemm,256,iso,469,983100,1079300
P3,sycl,dpcpp-ocl-jitprecise-usm,cpu,gemm,256,iso,470,1141000,1201400
P3,sycl,dpcpp-ocl-jitprecise-usm,cpu,gemm,256,iso,471,989400,1070500
P3,sycl,dpcpp-ocl-jitprecise-usm,cpu,gemm,256,iso,472,983300,1067700
P3,sycl,dpcpp-ocl-jitprecise-usm,cpu,gemm,256,iso,473,977400,1061300
P3,sycl,dpcpp-ocl-jitprecise-usm,cpu,gemm,256,iso,474,987000,1222600
P3,sycl,dpcpp-ocl-jitprecise-usm,cpu,gemm,256,iso,475,983700,1065800
P3,sycl,dpcpp-ocl-jitprecise-usm,cpu,gemm,256,iso,476,1097900,1092900
P3,sycl,dpcpp-ocl-jitprecise-usm,cpu,gemm,256,iso,477,975900,1077700
P3,sycl,dpcpp-ocl-jitprecise-usm,cpu,gemm,256,iso,478,981700,1075000
P3,sycl,dpcpp-ocl-jitprecise-usm,cpu,gemm,256,iso,479,977100,1225500
P3,sycl,dpcpp-ocl-jitprecise-usm,cpu,gemm,256,iso,480,1097700,1091000
P3,sycl,dpcpp-ocl-jitprecise-usm,cpu,gemm,256,iso,481,980200,1140300
P3,sycl,dpcpp-ocl-jitprecise-usm,cpu,gemm,256,iso,482,982200,1096300
P3,sycl,dpcpp-ocl-jitprecise-usm,cpu,gemm,256,iso,483,985800,1072000
P3,sycl,dpcpp-ocl-jitprecise-usm,cpu,gemm,256,iso,484,1142500,1086800
P3,sycl,dpcpp-ocl-jitprecise-usm,cpu,gemm,256,iso,485,981900,1188100
P3,sycl,dpcpp-ocl-jitprecise-usm,cpu,gemm,256,iso,486,992400,1068000
P3,sycl,dpcpp-ocl-jitprecise-usm,cpu,gemm,256,iso,487,981600,1069900
P3,sycl,dpcpp-ocl-jitprecise-usm,cpu,gemm,256,iso,488,981500,1062500
P3,sycl,dpcpp-ocl-jitprecise-usm,cpu,gemm,256,iso,489,1136400,1202000
P3,sycl,dpcpp-ocl-jitprecise-usm,cpu,gemm,256,iso,490,989500,1065200
P3,sycl,dpcpp-ocl-jitprecise-usm,cpu,gemm,256,iso,491,988000,1077600
P3,sycl,dpcpp-ocl-jitprecise-usm,cpu,gemm,256,iso,492,975400,1073300
P3,sycl,dpcpp-ocl-jitprecise-usm,cpu,gemm,256,iso,493,971500,1229600
P3,sycl,dpcpp-ocl-jitprecise-usm,cpu,gemm,256,iso,494,1090900,1083100
P3,sycl,dpcpp-ocl-jitprecise-usm,cpu,gemm,256,iso,495,985300,1064000
P3,sycl,dpcpp-ocl-jitprecise-usm,cpu,gemm,256,iso,496,982800,1077100
P3,sycl,dpcpp-ocl-jitprecise-usm,cpu,gemm,256,iso,497,975400,1069100
P3,sycl,dpcpp-ocl-jitprecise-usm,cpu,gemm,256,iso,498,985200,1234300
P3,sycl,dpcpp-ocl-jitprecise-usm,cpu,gemm,256,iso,499,1100800,1091400
P3,sycl,dpcpp-ocl-jitprecise-usm,cpu,gemm,256,iso,500,979300,1079300
P3,sycl,dpcpp-ocl-jitprecise-usm,cpu,gemm,256,iso,501,992200,1071200
P3,sycl,dpcpp-ocl-jitprecise-usm,cpu,gemm,256,iso,502,982800,1073900
P3,sycl,dpcpp-ocl-jitprecise-usm,cpu,gemm,256,iso,503,1131800,1084200
P3,sycl,dpcpp-ocl-jitprecise-usm,cpu,gemm,256,iso,504,1025800,1069900
P3,sycl,dpcpp-ocl-jitprecise-usm,cpu,gemm,256,iso,505,1087600,1078800
P3,sycl,dpcpp-ocl-jitprecise-usm,cpu,gemm,256,iso,506,977400,1069800
P3,sycl,dpcpp-ocl-jitprecise-usm,cpu,gemm,256,iso,507,991900,1067600
P3,sycl,dpcpp-ocl-jitprecise-usm,cpu,gemm,256,iso,508,1139800,1193100
P3,sycl,dpcpp-ocl-jitprecise-usm,cpu,gemm,256,iso,509,973200,1072400
P3,sycl,dpcpp-ocl-jitprecise-usm,cpu,gemm,256,iso,510,972300,1063200
P3,sycl,dpcpp-ocl-jitprecise-usm,cpu,gemm,256,iso,511,982000,1073500
P3,sycl,dpcpp-ocl-jitprecise-usm,cpu,gemm,256,iso,512,983300,1246200
P3,sycl,dpcpp-ocl-jitprecise-usm,cpu,gemm,256,iso,513,981300,1096200
P3,sycl,dpcpp-ocl-jitprecise-usm,cpu,gemm,256,iso,514,1097700,1092400
P3,sycl,dpcpp-ocl-jitprecise-usm,cpu,gemm,256,iso,515,975400,1064700
P3,sycl,dpcpp-ocl-jitprecise-usm,cpu,gemm,256,iso,516,982900,1083600
P3,sycl,dpcpp-ocl-jitprecise-usm,cpu,gemm,256,iso,517,1131000,1078500
P3,sycl,dpcpp-ocl-jitprecise-usm,cpu,gemm,256,iso,518,981700,1205400
P3,sycl,dpcpp-ocl-jitprecise-usm,cpu,gemm,256,iso,519,991900,1108200
P3,sycl,dpcpp-ocl-jitprecise-usm,cpu,gemm,256,iso,520,989200,1080400
P3,sycl,dpcpp-ocl-jitprecise-usm,cpu,gemm,256,iso,521,977500,1067700
P3,sycl,dpcpp-ocl-jitprecise-usm,cpu,gemm,256,iso,522,1169500,1086300
P3,sycl,dpcpp-ocl-jitprecise-usm,cpu,gemm,256,iso,523,978100,1066100
P3,sycl,dpcpp-ocl-jitprecise-usm,cpu,gemm,256,iso,524,984900,1068300
P3,sycl,dpcpp-ocl-jitprecise-usm,cpu,gemm,256,iso,525,980400,1064400
P3,sycl,dpcpp-ocl-jitprecise-usm,cpu,gemm,256,iso,526,982400,1209700
P3,sycl,dpcpp-ocl-jitprecise-usm,cpu,gemm,256,iso,527,988000,1192900
P3,sycl,dpcpp-ocl-jitprecise-usm,cpu,gemm,256,iso,528,989600,1071200
P3,sycl,dpcpp-ocl-jitprecise-usm,cpu,gemm,256,iso,529,979100,1069300
P3,sycl,dpcpp-ocl-jitprecise-usm,cpu,gemm,256,iso,530,973300,1070100
P3,sycl,dpcpp-ocl-jitprecise-usm,cpu,gemm,256,iso,531,977600,1225300
P3,sycl,dpcpp-ocl-jitprecise-usm,cpu,gemm,256,iso,532,996400,1079000
P3,sycl,dpcpp-ocl-jitprecise-usm,cpu,gemm,256,iso,533,980100,1065600
P3,sycl,dpcpp-ocl-jitprecise-usm,cpu,gemm,256,iso,534,980700,1078300
P3,sycl,dpcpp-ocl-jitprecise-usm,cpu,gemm,256,iso,535,977500,1069300
P3,sycl,dpcpp-ocl-jitprecise-usm,cpu,gemm,256,iso,536,974800,1220400
P3,sycl,dpcpp-ocl-jitprecise-usm,cpu,gemm,256,iso,537,983600,1061500
P3,sycl,dpcpp-ocl-jitprecise-usm,cpu,gemm,256,iso,538,994500,1067600
P3,sycl,dpcpp-ocl-jitprecise-usm,cpu,gemm,256,iso,539,992200,1071700
P3,sycl,dpcpp-ocl-jitprecise-usm,cpu,gemm,256,iso,540,985200,1072300
P3,sycl,dpcpp-ocl-jitprecise-usm,cpu,gemm,256,iso,541,1128100,1079700
P3,sycl,dpcpp-ocl-jitprecise-usm,cpu,gemm,256,iso,542,995200,1078600
P3,sycl,dpcpp-ocl-jitprecise-usm,cpu,gemm,256,iso,543,983900,1062500
P3,sycl,dpcpp-ocl-jitprecise-usm,cpu,gemm,256,iso,544,994400,1065500
P3,sycl,dpcpp-ocl-jitprecise-usm,cpu,gemm,256,iso,545,981400,1059300
P3,sycl,dpcpp-ocl-jitprecise-usm,cpu,gemm,256,iso,546,1120100,1208500
P3,sycl,dpcpp-ocl-jitprecise-usm,cpu,gemm,256,iso,547,987900,1070400
P3,sycl,dpcpp-ocl-jitprecise-usm,cpu,gemm,256,iso,548,984200,1076200
P3,sycl,dpcpp-ocl-jitprecise-usm,cpu,gemm,256,iso,549,995200,1076700
P3,sycl,dpcpp-ocl-jitprecise-usm,cpu,gemm,256,iso,550,977100,1226300
P3,sycl,dpcpp-ocl-jitprecise-usm,cpu,gemm,256,iso,551,995600,1075400
P3,sycl,dpcpp-ocl-jitprecise-usm,cpu,gemm,256,iso,552,983200,1064100
P3,sycl,dpcpp-ocl-jitprecise-usm,cpu,gemm,256,iso,553,978800,1070300
P3,sycl,dpcpp-ocl-jitprecise-usm,cpu,gemm,256,iso,554,979900,1065100
P3,sycl,dpcpp-ocl-jitprecise-usm,cpu,gemm,256,iso,555,980200,1213000
P3,sycl,dpcpp-ocl-jitprecise-usm,cpu,gemm,256,iso,556,991300,1075000
P3,sycl,dpcpp-ocl-jitprecise-usm,cpu,gemm,256,iso,557,977300,1068900
P3,sycl,dpcpp-ocl-jitprecise-usm,cpu,gemm,256,iso,558,988500,1061600
P3,sycl,dpcpp-ocl-jitprecise-usm,cpu,gemm,256,iso,559,979000,1069500
P3,sycl,dpcpp-ocl-jitprecise-usm,cpu,gemm,256,iso,560,1134500,1087000
P3,sycl,dpcpp-ocl-jitprecise-usm,cpu,gemm,256,iso,561,1098100,1087600
P3,sycl,dpcpp-ocl-jitprecise-usm,cpu,gemm,256,iso,562,990500,1068400
P3,sycl,dpcpp-ocl-jitprecise-usm,cpu,gemm,256,iso,563,981100,1067800
P3,sycl,dpcpp-ocl-jitprecise-usm,cpu,gemm,256,iso,564,975800,1081800
P3,sycl,dpcpp-ocl-jitprecise-usm,cpu,gemm,256,iso,565,1130100,1192300
P3,sycl,dpcpp-ocl-jitprecise-usm,cpu,gemm,256,iso,566,991900,1074700
P3,sycl,dpcpp-ocl-jitprecise-usm,cpu,gemm,256,iso,567,985600,1070200
P3,sycl,dpcpp-ocl-jitprecise-usm,cpu,gemm,256,iso,568,974400,1068200
P3,sycl,dpcpp-ocl-jitprecise-usm,cpu,gemm,256,iso,569,976400,1229200
P3,sycl,dpcpp-ocl-jitprecise-usm,cpu,gemm,256,iso,570,983000,1064200
P3,sycl,dpcpp-ocl-jitprecise-usm,cpu,gemm,256,iso,571,982400,1070100
P3,sycl,dpcpp-ocl-jitprecise-usm,cpu,gemm,256,iso,572,981700,1067600
P3,sycl,dpcpp-ocl-jitprecise-usm,cpu,gemm,256,iso,573,989900,1078100
P3,sycl,dpcpp-ocl-jitprecise-usm,cpu,gemm,256,iso,574,983500,1220700
P3,sycl,dpcpp-ocl-jitprecise-usm,cpu,gemm,256,iso,575,978800,1056700
P3,sycl,dpcpp-ocl-jitprecise-usm,cpu,gemm,256,iso,576,986200,1072300
P3,sycl,dpcpp-ocl-jitprecise-usm,cpu,gemm,256,iso,577,979800,1068400
P3,sycl,dpcpp-ocl-jitprecise-usm,cpu,gemm,256,iso,578,986400,1061200
P3,sycl,dpcpp-ocl-jitprecise-usm,cpu,gemm,256,iso,579,1120600,1086100
P3,sycl,dpcpp-ocl-jitprecise-usm,cpu,gemm,256,iso,580,976300,1077100
P3,sycl,dpcpp-ocl-jitprecise-usm,cpu,gemm,256,iso,581,993000,1061600
P3,sycl,dpcpp-ocl-jitprecise-usm,cpu,gemm,256,iso,582,979200,1080000
P3,sycl,dpcpp-ocl-jitprecise-usm,cpu,gemm,256,iso,583,975300,1065000
P3,sycl,dpcpp-ocl-jitprecise-usm,cpu,gemm,256,iso,584,1129100,1245500
P3,sycl,dpcpp-ocl-jitprecise-usm,cpu,gemm,256,iso,585,988400,1065800
P3,sycl,dpcpp-ocl-jitprecise-usm,cpu,gemm,256,iso,586,977600,1061400
P3,sycl,dpcpp-ocl-jitprecise-usm,cpu,gemm,256,iso,587,983900,1072700
P3,sycl,dpcpp-ocl-jitprecise-usm,cpu,gemm,256,iso,588,983900,1233300
P3,sycl,dpcpp-ocl-jitprecise-usm,cpu,gemm,256,iso,589,992200,1077600
P3,sycl,dpcpp-ocl-jitprecise-usm,cpu,gemm,256,iso,590,984800,1073700
P3,sycl,dpcpp-ocl-jitprecise-usm,cpu,gemm,256,iso,591,980800,1097400
P3,sycl,dpcpp-ocl-jitprecise-usm,cpu,gemm,256,iso,592,992800,1070300
P3,sycl,dpcpp-ocl-jitprecise-usm,cpu,gemm,256,iso,593,984600,1229500
P3,sycl,dpcpp-ocl-jitprecise-usm,cpu,gemm,256,iso,594,984100,1070000
P3,sycl,dpcpp-ocl-jitprecise-usm,cpu,gemm,256,iso,595,981000,1073400
P3,sycl,dpcpp-ocl-jitprecise-usm,cpu,gemm,256,iso,596,977100,1081000
P3,sycl,dpcpp-ocl-jitprecise-usm,cpu,gemm,256,iso,597,979300,1065600
P3,sycl,dpcpp-ocl-jitprecise-usm,cpu,gemm,256,iso,598,981700,1231600
P3,sycl,dpcpp-ocl-jitprecise-usm,cpu,gemm,256,iso,599,987600,1073300
P3,sycl,dpcpp-ocl-jitprecise-usm,cpu,gemm,256,iso,600,1118300,1080100
P3,sycl,dpcpp-ocl-jitprecise-usm,cpu,gemm,256,iso,601,982600,1073400
P3,sycl,dpcpp-ocl-jitprecise-usm,cpu,gemm,256,iso,602,976100,1081600
P3,sycl,dpcpp-ocl-jitprecise-usm,cpu,gemm,256,iso,603,1129800,1081800
P3,sycl,dpcpp-ocl-jitprecise-usm,cpu,gemm,256,iso,604,984400,1069100
P3,sycl,dpcpp-ocl-jitprecise-usm,cpu,gemm,256,iso,605,990700,1088400
P3,sycl,dpcpp-ocl-jitprecise-usm,cpu,gemm,256,iso,606,983200,1078700
P3,sycl,dpcpp-ocl-jitprecise-usm,cpu,gemm,256,iso,607,984100,1222400
P3,sycl,dpcpp-ocl-jitprecise-usm,cpu,gemm,256,iso,608,999200,1064000
P3,sycl,dpcpp-ocl-jitprecise-usm,cpu,gemm,256,iso,609,984800,1087600
P3,sycl,dpcpp-ocl-jitprecise-usm,cpu,gemm,256,iso,610,983000,1074700
P3,sycl,dpcpp-ocl-jitprecise-usm,cpu,gemm,256,iso,611,979800,1082900
P3,sycl,dpcpp-ocl-jitprecise-usm,cpu,gemm,256,iso,612,998000,1216700
P3,sycl,dpcpp-ocl-jitprecise-usm,cpu,gemm,256,iso,613,1003300,1066000
P3,sycl,dpcpp-ocl-jitprecise-usm,cpu,gemm,256,iso,614,987400,1067000
P3,sycl,dpcpp-ocl-jitprecise-usm,cpu,gemm,256,iso,615,977400,1062700
P3,sycl,dpcpp-ocl-jitprecise-usm,cpu,gemm,256,iso,616,983600,1068200
P3,sycl,dpcpp-ocl-jitprecise-usm,cpu,gemm,256,iso,617,985300,1218400
P3,sycl,dpcpp-ocl-jitprecise-usm,cpu,gemm,256,iso,618,987700,1070500
P3,sycl,dpcpp-ocl-jitprecise-usm,cpu,gemm,256,iso,619,1106700,1094300
P3,sycl,dpcpp-ocl-jitprecise-usm,cpu,gemm,256,iso,620,978100,1073000
P3,sycl,dpcpp-ocl-jitprecise-usm,cpu,gemm,256,iso,621,979400,1070000
P3,sycl,dpcpp-ocl-jitprecise-usm,cpu,gemm,256,iso,622,1138800,1084500
P3,sycl,dpcpp-ocl-jitprecise-usm,cpu,gemm,256,iso,623,980500,1065700
P3,sycl,dpcpp-ocl-jitprecise-usm,cpu,gemm,256,iso,624,985300,1068600
P3,sycl,dpcpp-ocl-jitprecise-usm,cpu,gemm,256,iso,625,980600,1084500
P3,sycl,dpcpp-ocl-jitprecise-usm,cpu,gemm,256,iso,626,980000,1066300
P3,sycl,dpcpp-ocl-jitprecise-usm,cpu,gemm,256,iso,627,1122400,1082000
P3,sycl,dpcpp-ocl-jitprecise-usm,cpu,gemm,256,iso,628,999900,1066700
P3,sycl,dpcpp-ocl-jitprecise-usm,cpu,gemm,256,iso,629,983000,1067400
P3,sycl,dpcpp-ocl-jitprecise-usm,cpu,gemm,256,iso,630,973700,1069000
P3,sycl,dpcpp-ocl-jitprecise-usm,cpu,gemm,256,iso,631,982500,1216200
P3,sycl,dpcpp-ocl-jitprecise-usm,cpu,gemm,256,iso,632,1103700,1087400
P3,sycl,dpcpp-ocl-jitprecise-usm,cpu,gemm,256,iso,633,980600,1076900
P3,sycl,dpcpp-ocl-jitprecise-usm,cpu,gemm,256,iso,634,982300,1067300
P3,sycl,dpcpp-ocl-jitprecise-usm,cpu,gemm,256,iso,635,992200,1080000
P3,sycl,dpcpp-ocl-jitprecise-usm,cpu,gemm,256,iso,636,978000,1226300
P3,sycl,dpcpp-ocl-jitprecise-usm,cpu,gemm,256,iso,637,981900,1070200
P3,sycl,dpcpp-ocl-jitprecise-usm,cpu,gemm,256,iso,638,981200,1066900
P3,sycl,dpcpp-ocl-jitprecise-usm,cpu,gemm,256,iso,639,996100,1071200
P3,sycl,dpcpp-ocl-jitprecise-usm,cpu,gemm,256,iso,640,988100,1414400
P3,sycl,dpcpp-ocl-jitprecise-usm,cpu,gemm,256,iso,641,1154500,1081400
P3,sycl,dpcpp-ocl-jitprecise-usm,cpu,gemm,256,iso,642,993500,1073600
P3,sycl,dpcpp-ocl-jitprecise-usm,cpu,gemm,256,iso,643,975000,1102100
P3,sycl,dpcpp-ocl-jitprecise-usm,cpu,gemm,256,iso,644,1000500,1342000
P3,sycl,dpcpp-ocl-jitprecise-usm,cpu,gemm,256,iso,645,978200,1085400
P3,sycl,dpcpp-ocl-jitprecise-usm,cpu,gemm,256,iso,646,982900,1072600
P3,sycl,dpcpp-ocl-jitprecise-usm,cpu,gemm,256,iso,647,980500,1200400
P3,sycl,dpcpp-ocl-jitprecise-usm,cpu,gemm,256,iso,648,995100,1076600
P3,sycl,dpcpp-ocl-jitprecise-usm,cpu,gemm,256,iso,649,993300,1069600
P3,sycl,dpcpp-ocl-jitprecise-usm,cpu,gemm,256,iso,650,978200,1189800
P3,sycl,dpcpp-ocl-jitprecise-usm,cpu,gemm,256,iso,651,987500,1064900
P3,sycl,dpcpp-ocl-jitprecise-usm,cpu,gemm,256,iso,652,986600,1065500
P3,sycl,dpcpp-ocl-jitprecise-usm,cpu,gemm,256,iso,653,982100,1075000
P3,sycl,dpcpp-ocl-jitprecise-usm,cpu,gemm,256,iso,654,990900,1071100
P3,sycl,dpcpp-ocl-jitprecise-usm,cpu,gemm,256,iso,655,1118100,1077300
P3,sycl,dpcpp-ocl-jitprecise-usm,cpu,gemm,256,iso,656,980700,1072400
P3,sycl,dpcpp-ocl-jitprecise-usm,cpu,gemm,256,iso,657,993200,1077700
P3,sycl,dpcpp-ocl-jitprecise-usm,cpu,gemm,256,iso,658,1008000,1081200
P3,sycl,dpcpp-ocl-jitprecise-usm,cpu,gemm,256,iso,659,980800,1083100
P3,sycl,dpcpp-ocl-jitprecise-usm,cpu,gemm,256,iso,660,1129300,1082800
P3,sycl,dpcpp-ocl-jitprecise-usm,cpu,gemm,256,iso,661,969200,1082100
P3,sycl,dpcpp-ocl-jitprecise-usm,cpu,gemm,256,iso,662,1077900,1074400
P3,sycl,dpcpp-ocl-jitprecise-usm,cpu,gemm,256,iso,663,981100,1082500
P3,sycl,dpcpp-ocl-jitprecise-usm,cpu,gemm,256,iso,664,978900,1214600
P3,sycl,dpcpp-ocl-jitprecise-usm,cpu,gemm,256,iso,665,984200,1072500
P3,sycl,dpcpp-ocl-jitprecise-usm,cpu,gemm,256,iso,666,985900,1204800
P3,sycl,dpcpp-ocl-jitprecise-usm,cpu,gemm,256,iso,667,992500,1085600
P3,sycl,dpcpp-ocl-jitprecise-usm,cpu,gemm,256,iso,668,982000,1065500
P3,sycl,dpcpp-ocl-jitprecise-usm,cpu,gemm,256,iso,669,1019900,1245200
P3,sycl,dpcpp-ocl-jitprecise-usm,cpu,gemm,256,iso,670,988900,1068200
P3,sycl,dpcpp-ocl-jitprecise-usm,cpu,gemm,256,iso,671,986200,1070900
P3,sycl,dpcpp-ocl-jitprecise-usm,cpu,gemm,256,iso,672,976700,1072000
P3,sycl,dpcpp-ocl-jitprecise-usm,cpu,gemm,256,iso,673,995800,1063500
P3,sycl,dpcpp-ocl-jitprecise-usm,cpu,gemm,256,iso,674,1120900,1084300
P3,sycl,dpcpp-ocl-jitprecise-usm,cpu,gemm,256,iso,675,977600,1080800
P3,sycl,dpcpp-ocl-jitprecise-usm,cpu,gemm,256,iso,676,981600,1072000
P3,sycl,dpcpp-ocl-jitprecise-usm,cpu,gemm,256,iso,677,984600,1072800
P3,sycl,dpcpp-ocl-jitprecise-usm,cpu,gemm,256,iso,678,987000,1075100
P3,sycl,dpcpp-ocl-jitprecise-usm,cpu,gemm,256,iso,679,1134100,1225500
P3,sycl,dpcpp-ocl-jitprecise-usm,cpu,gemm,256,iso,680,991600,1068500
P3,sycl,dpcpp-ocl-jitprecise-usm,cpu,gemm,256,iso,681,978200,1067800
P3,sycl,dpcpp-ocl-jitprecise-usm,cpu,gemm,256,iso,682,977500,1069400
P3,sycl,dpcpp-ocl-jitprecise-usm,cpu,gemm,256,iso,683,980200,1237500
P3,sycl,dpcpp-ocl-jitprecise-usm,cpu,gemm,256,iso,684,989900,1083800
P3,sycl,dpcpp-ocl-jitprecise-usm,cpu,gemm,256,iso,685,1007000,1071200
P3,sycl,dpcpp-ocl-jitprecise-usm,cpu,gemm,256,iso,686,981100,1059900
P3,sycl,dpcpp-ocl-jitprecise-usm,cpu,gemm,256,iso,687,978700,1070900
P3,sycl,dpcpp-ocl-jitprecise-usm,cpu,gemm,256,iso,688,982700,1214300
P3,sycl,dpcpp-ocl-jitprecise-usm,cpu,gemm,256,iso,689,994900,1068300
P3,sycl,dpcpp-ocl-jitprecise-usm,cpu,gemm,256,iso,690,980100,1161800
P3,sycl,dpcpp-ocl-jitprecise-usm,cpu,gemm,256,iso,691,981200,1084300
P3,sycl,dpcpp-ocl-jitprecise-usm,cpu,gemm,256,iso,692,990400,1072400
P3,sycl,dpcpp-ocl-jitprecise-usm,cpu,gemm,256,iso,693,1129700,1094200
P3,sycl,dpcpp-ocl-jitprecise-usm,cpu,gemm,256,iso,694,1107500,1082000
P3,sycl,dpcpp-ocl-jitprecise-usm,cpu,gemm,256,iso,695,982100,1071200
P3,sycl,dpcpp-ocl-jitprecise-usm,cpu,gemm,256,iso,696,979700,1071200
P3,sycl,dpcpp-ocl-jitprecise-usm,cpu,gemm,256,iso,697,989000,1065000
P3,sycl,dpcpp-ocl-jitprecise-usm,cpu,gemm,256,iso,698,1140400,1085000
P3,sycl,dpcpp-ocl-jitprecise-usm,cpu,gemm,256,iso,699,973200,1078300
P3,sycl,dpcpp-ocl-jitprecise-usm,cpu,gemm,256,iso,700,974200,1083900
P3,sycl,dpcpp-ocl-jitprecise-usm,cpu,gemm,256,iso,701,977500,1067100
P3,sycl,dpcpp-ocl-jitprecise-usm,cpu,gemm,256,iso,702,984500,1206300
P3,sycl,dpcpp-ocl-jitprecise-usm,cpu,gemm,256,iso,703,980700,1070300
P3,sycl,dpcpp-ocl-jitprecise-usm,cpu,gemm,256,iso,704,986900,1060300
P3,sycl,dpcpp-ocl-jitprecise-usm,cpu,gemm,256,iso,705,987200,1059000
P3,sycl,dpcpp-ocl-jitprecise-usm,cpu,gemm,256,iso,706,983700,1068500
P3,sycl,dpcpp-ocl-jitprecise-usm,cpu,gemm,256,iso,707,997300,1228700
P3,sycl,dpcpp-ocl-jitprecise-usm,cpu,gemm,256,iso,708,988900,1068400
P3,sycl,dpcpp-ocl-jitprecise-usm,cpu,gemm,256,iso,709,989300,1069100
P3,sycl,dpcpp-ocl-jitprecise-usm,cpu,gemm,256,iso,710,977800,1072100
P3,sycl,dpcpp-ocl-jitprecise-usm,cpu,gemm,256,iso,711,979800,1073100
P3,sycl,dpcpp-ocl-jitprecise-usm,cpu,gemm,256,iso,712,984000,1220900
P3,sycl,dpcpp-ocl-jitprecise-usm,cpu,gemm,256,iso,713,1029700,1206100
P3,sycl,dpcpp-ocl-jitprecise-usm,cpu,gemm,256,iso,714,991000,1073500
P3,sycl,dpcpp-ocl-jitprecise-usm,cpu,gemm,256,iso,715,977300,1072200
P3,sycl,dpcpp-ocl-jitprecise-usm,cpu,gemm,256,iso,716,973400,1071800
P3,sycl,dpcpp-ocl-jitprecise-usm,cpu,gemm,256,iso,717,1129900,1078500
P3,sycl,dpcpp-ocl-jitprecise-usm,cpu,gemm,256,iso,718,985300,1082300
P3,sycl,dpcpp-ocl-jitprecise-usm,cpu,gemm,256,iso,719,981600,1067800
P3,sycl,dpcpp-ocl-jitprecise-usm,cpu,gemm,256,iso,720,984900,1081500
P3,sycl,dpcpp-ocl-jitprecise-usm,cpu,gemm,256,iso,721,972900,1063300
P3,sycl,dpcpp-ocl-jitprecise-usm,cpu,gemm,256,iso,722,1133800,1084900
P3,sycl,dpcpp-ocl-jitprecise-usm,cpu,gemm,256,iso,723,1000200,1072000
P3,sycl,dpcpp-ocl-jitprecise-usm,cpu,gemm,256,iso,724,979300,1067900
P3,sycl,dpcpp-ocl-jitprecise-usm,cpu,gemm,256,iso,725,983100,1080100
P3,sycl,dpcpp-ocl-jitprecise-usm,cpu,gemm,256,iso,726,979000,1213300
P3,sycl,dpcpp-ocl-jitprecise-usm,cpu,gemm,256,iso,727,985700,1189300
P3,sycl,dpcpp-ocl-jitprecise-usm,cpu,gemm,256,iso,728,984400,1074800
P3,sycl,dpcpp-ocl-jitprecise-usm,cpu,gemm,256,iso,729,986000,1114200
P3,sycl,dpcpp-ocl-jitprecise-usm,cpu,gemm,256,iso,730,990700,1061700
P3,sycl,dpcpp-ocl-jitprecise-usm,cpu,gemm,256,iso,731,984300,1237500
P3,sycl,dpcpp-ocl-jitprecise-usm,cpu,gemm,256,iso,732,982100,1066800
P3,sycl,dpcpp-ocl-jitprecise-usm,cpu,gemm,256,iso,733,971500,1069300
P3,sycl,dpcpp-ocl-jitprecise-usm,cpu,gemm,256,iso,734,977900,1070600
P3,sycl,dpcpp-ocl-jitprecise-usm,cpu,gemm,256,iso,735,975800,1066800
P3,sycl,dpcpp-ocl-jitprecise-usm,cpu,gemm,256,iso,736,1118300,1081400
P3,sycl,dpcpp-ocl-jitprecise-usm,cpu,gemm,256,iso,737,993700,1077000
P3,sycl,dpcpp-ocl-jitprecise-usm,cpu,gemm,256,iso,738,974400,1088900
P3,sycl,dpcpp-ocl-jitprecise-usm,cpu,gemm,256,iso,739,982100,1066300
P3,sycl,dpcpp-ocl-jitprecise-usm,cpu,gemm,256,iso,740,979500,1066700
P3,sycl,dpcpp-ocl-jitprecise-usm,cpu,gemm,256,iso,741,1141400,1084000
P3,sycl,dpcpp-ocl-jitprecise-usm,cpu,gemm,256,iso,742,977500,1202700
P3,sycl,dpcpp-ocl-jitprecise-usm,cpu,gemm,256,iso,743,1044200,1092700
P3,sycl,dpcpp-ocl-jitprecise-usm,cpu,gemm,256,iso,744,985500,1076800
P3,sycl,dpcpp-ocl-jitprecise-usm,cpu,gemm,256,iso,745,986800,1224500
P3,sycl,dpcpp-ocl-jitprecise-usm,cpu,gemm,256,iso,746,983500,1066800
P3,sycl,dpcpp-ocl-jitprecise-usm,cpu,gemm,256,iso,747,1008600,1081600
P3,sycl,dpcpp-ocl-jitprecise-usm,cpu,gemm,256,iso,748,978500,1063000
P3,sycl,dpcpp-ocl-jitprecise-usm,cpu,gemm,256,iso,749,987300,1072800
P3,sycl,dpcpp-ocl-jitprecise-usm,cpu,gemm,256,iso,750,979200,1220800
P3,sycl,dpcpp-ocl-jitprecise-usm,cpu,gemm,256,iso,751,986200,1071400
P3,sycl,dpcpp-ocl-jitprecise-usm,cpu,gemm,256,iso,752,981700,1079800
P3,sycl,dpcpp-ocl-jitprecise-usm,cpu,gemm,256,iso,753,987300,1070300
P3,sycl,dpcpp-ocl-jitprecise-usm,cpu,gemm,256,iso,754,983900,1085900
P3,sycl,dpcpp-ocl-jitprecise-usm,cpu,gemm,256,iso,755,1114800,1079200
P3,sycl,dpcpp-ocl-jitprecise-usm,cpu,gemm,256,iso,756,1066800,1075400
P3,sycl,dpcpp-ocl-jitprecise-usm,cpu,gemm,256,iso,757,978300,1072500
P3,sycl,dpcpp-ocl-jitprecise-usm,cpu,gemm,256,iso,758,978600,1066500
P3,sycl,dpcpp-ocl-jitprecise-usm,cpu,gemm,256,iso,759,971700,1064600
P3,sycl,dpcpp-ocl-jitprecise-usm,cpu,gemm,256,iso,760,1116300,1210200
P3,sycl,dpcpp-ocl-jitprecise-usm,cpu,gemm,256,iso,761,985700,1068900
P3,sycl,dpcpp-ocl-jitprecise-usm,cpu,gemm,256,iso,762,986500,1073300
P3,sycl,dpcpp-ocl-jitprecise-usm,cpu,gemm,256,iso,763,984100,1069000
P3,sycl,dpcpp-ocl-jitprecise-usm,cpu,gemm,256,iso,764,988600,1222900
P3,sycl,dpcpp-ocl-jitprecise-usm,cpu,gemm,256,iso,765,993600,1084400
P3,sycl,dpcpp-ocl-jitprecise-usm,cpu,gemm,256,iso,766,980500,1066400
P3,sycl,dpcpp-ocl-jitprecise-usm,cpu,gemm,256,iso,767,980800,1067500
P3,sycl,dpcpp-ocl-jitprecise-usm,cpu,gemm,256,iso,768,981800,1065500
P3,sycl,dpcpp-ocl-jitprecise-usm,cpu,gemm,256,iso,769,977200,1216700
P3,sycl,dpcpp-ocl-jitprecise-usm,cpu,gemm,256,iso,770,985100,1082900
P3,sycl,dpcpp-ocl-jitprecise-usm,cpu,gemm,256,iso,771,995000,1065800
P3,sycl,dpcpp-ocl-jitprecise-usm,cpu,gemm,256,iso,772,981100,1067600
P3,sycl,dpcpp-ocl-jitprecise-usm,cpu,gemm,256,iso,773,985800,1071600
P3,sycl,dpcpp-ocl-jitprecise-usm,cpu,gemm,256,iso,774,984400,1224000
P3,sycl,dpcpp-ocl-jitprecise-usm,cpu,gemm,256,iso,775,1107100,1085900
P3,sycl,dpcpp-ocl-jitprecise-usm,cpu,gemm,256,iso,776,977100,1078600
P3,sycl,dpcpp-ocl-jitprecise-usm,cpu,gemm,256,iso,777,981600,1082800
P3,sycl,dpcpp-ocl-jitprecise-usm,cpu,gemm,256,iso,778,983100,1073400
P3,sycl,dpcpp-ocl-jitprecise-usm,cpu,gemm,256,iso,779,1139900,1086100
P3,sycl,dpcpp-ocl-jitprecise-usm,cpu,gemm,256,iso,780,977200,1078700
P3,sycl,dpcpp-ocl-jitprecise-usm,cpu,gemm,256,iso,781,994200,1067900
P3,sycl,dpcpp-ocl-jitprecise-usm,cpu,gemm,256,iso,782,979300,1068400
P3,sycl,dpcpp-ocl-jitprecise-usm,cpu,gemm,256,iso,783,988100,1203500
P3,sycl,dpcpp-ocl-jitprecise-usm,cpu,gemm,256,iso,784,1000800,1070600
P3,sycl,dpcpp-ocl-jitprecise-usm,cpu,gemm,256,iso,785,986500,1068800
P3,sycl,dpcpp-ocl-jitprecise-usm,cpu,gemm,256,iso,786,981600,1060300
P3,sycl,dpcpp-ocl-jitprecise-usm,cpu,gemm,256,iso,787,1002800,1077900
P3,sycl,dpcpp-ocl-jitprecise-usm,cpu,gemm,256,iso,788,984900,1218000
P3,sycl,dpcpp-ocl-jitprecise-usm,cpu,gemm,256,iso,789,991600,1070900
P3,sycl,dpcpp-ocl-jitprecise-usm,cpu,gemm,256,iso,790,1090000,1080600
P3,sycl,dpcpp-ocl-jitprecise-usm,cpu,gemm,256,iso,791,977200,1092800
P3,sycl,dpcpp-ocl-jitprecise-usm,cpu,gemm,256,iso,792,980300,1065300
P3,sycl,dpcpp-ocl-jitprecise-usm,cpu,gemm,256,iso,793,984100,1228500
P3,sycl,dpcpp-ocl-jitprecise-usm,cpu,gemm,256,iso,794,978600,1064800
P3,sycl,dpcpp-ocl-jitprecise-usm,cpu,gemm,256,iso,795,984900,1087200
P3,sycl,dpcpp-ocl-jitprecise-usm,cpu,gemm,256,iso,796,989700,1061000
P3,sycl,dpcpp-ocl-jitprecise-usm,cpu,gemm,256,iso,797,987300,1074300
P3,sycl,dpcpp-ocl-jitprecise-usm,cpu,gemm,256,iso,798,1113900,1085000
P3,sycl,dpcpp-ocl-jitprecise-usm,cpu,gemm,256,iso,799,994200,1074100
P3,sycl,dpcpp-ocl-jitprecise-usm,cpu,gemm,256,iso,800,978700,1074200
P3,sycl,dpcpp-ocl-jitprecise-usm,cpu,gemm,256,iso,801,977100,1076500
P3,sycl,dpcpp-ocl-jitprecise-usm,cpu,gemm,256,iso,802,977000,1069900
P3,sycl,dpcpp-ocl-jitprecise-usm,cpu,gemm,256,iso,803,1137200,1085500
P3,sycl,dpcpp-ocl-jitprecise-usm,cpu,gemm,256,iso,804,981400,1067700
P3,sycl,dpcpp-ocl-jitprecise-usm,cpu,gemm,256,iso,805,979400,1076200
P3,sycl,dpcpp-ocl-jitprecise-usm,cpu,gemm,256,iso,806,988400,1067400
P3,sycl,dpcpp-ocl-jitprecise-usm,cpu,gemm,256,iso,807,975100,1223100
P3,sycl,dpcpp-ocl-jitprecise-usm,cpu,gemm,256,iso,808,998700,1065800
P3,sycl,dpcpp-ocl-jitprecise-usm,cpu,gemm,256,iso,809,1109700,1089600
P3,sycl,dpcpp-ocl-jitprecise-usm,cpu,gemm,256,iso,810,973600,1075900
P3,sycl,dpcpp-ocl-jitprecise-usm,cpu,gemm,256,iso,811,987100,1076400
P3,sycl,dpcpp-ocl-jitprecise-usm,cpu,gemm,256,iso,812,987700,1231300
P3,sycl,dpcpp-ocl-jitprecise-usm,cpu,gemm,256,iso,813,978700,1075400
P3,sycl,dpcpp-ocl-jitprecise-usm,cpu,gemm,256,iso,814,982500,1066400
P3,sycl,dpcpp-ocl-jitprecise-usm,cpu,gemm,256,iso,815,977000,1074400
P3,sycl,dpcpp-ocl-jitprecise-usm,cpu,gemm,256,iso,816,976400,1073300
P3,sycl,dpcpp-ocl-jitprecise-usm,cpu,gemm,256,iso,817,1115900,1075600
P3,sycl,dpcpp-ocl-jitprecise-usm,cpu,gemm,256,iso,818,975900,1078100
P3,sycl,dpcpp-ocl-jitprecise-usm,cpu,gemm,256,iso,819,985800,1074900
P3,sycl,dpcpp-ocl-jitprecise-usm,cpu,gemm,256,iso,820,982800,1070200
P3,sycl,dpcpp-ocl-jitprecise-usm,cpu,gemm,256,iso,821,990200,1071500
P3,sycl,dpcpp-ocl-jitprecise-usm,cpu,gemm,256,iso,822,1133500,1197900
P3,sycl,dpcpp-ocl-jitprecise-usm,cpu,gemm,256,iso,823,986700,1079400
P3,sycl,dpcpp-ocl-jitprecise-usm,cpu,gemm,256,iso,824,993200,1078300
P3,sycl,dpcpp-ocl-jitprecise-usm,cpu,gemm,256,iso,825,982100,1066600
P3,sycl,dpcpp-ocl-jitprecise-usm,cpu,gemm,256,iso,826,980400,1228700
P3,sycl,dpcpp-ocl-jitprecise-usm,cpu,gemm,256,iso,827,992800,1066500
P3,sycl,dpcpp-ocl-jitprecise-usm,cpu,gemm,256,iso,828,981500,1065700
P3,sycl,dpcpp-ocl-jitprecise-usm,cpu,gemm,256,iso,829,982100,1066900
P3,sycl,dpcpp-ocl-jitprecise-usm,cpu,gemm,256,iso,830,976500,1066200
P3,sycl,dpcpp-ocl-jitprecise-usm,cpu,gemm,256,iso,831,987100,1217800
P3,sycl,dpcpp-ocl-jitprecise-usm,cpu,gemm,256,iso,832,977700,1075300
P3,sycl,dpcpp-ocl-jitprecise-usm,cpu,gemm,256,iso,833,979800,1066900
P3,sycl,dpcpp-ocl-jitprecise-usm,cpu,gemm,256,iso,834,975900,1087700
P3,sycl,dpcpp-ocl-jitprecise-usm,cpu,gemm,256,iso,835,989000,1067600
P3,sycl,dpcpp-ocl-jitprecise-usm,cpu,gemm,256,iso,836,973500,1267300
P3,sycl,dpcpp-ocl-jitprecise-usm,cpu,gemm,256,iso,837,984200,1069900
P3,sycl,dpcpp-ocl-jitprecise-usm,cpu,gemm,256,iso,838,1114600,1079400
P3,sycl,dpcpp-ocl-jitprecise-usm,cpu,gemm,256,iso,839,986900,1066900
P3,sycl,dpcpp-ocl-jitprecise-usm,cpu,gemm,256,iso,840,986400,1067400
P3,sycl,dpcpp-ocl-jitprecise-usm,cpu,gemm,256,iso,841,1150800,1082400
P3,sycl,dpcpp-ocl-jitprecise-usm,cpu,gemm,256,iso,842,996500,1067700
P3,sycl,dpcpp-ocl-jitprecise-usm,cpu,gemm,256,iso,843,981700,1068800
P3,sycl,dpcpp-ocl-jitprecise-usm,cpu,gemm,256,iso,844,972200,1072800
P3,sycl,dpcpp-ocl-jitprecise-usm,cpu,gemm,256,iso,845,982800,1204800
P3,sycl,dpcpp-ocl-jitprecise-usm,cpu,gemm,256,iso,846,999300,1068700
P3,sycl,dpcpp-ocl-jitprecise-usm,cpu,gemm,256,iso,847,981600,1072100
P3,sycl,dpcpp-ocl-jitprecise-usm,cpu,gemm,256,iso,848,983100,1069600
P3,sycl,dpcpp-ocl-jitprecise-usm,cpu,gemm,256,iso,849,983900,1065700
P3,sycl,dpcpp-ocl-jitprecise-usm,cpu,gemm,256,iso,850,1007700,1218800
P3,sycl,dpcpp-ocl-jitprecise-usm,cpu,gemm,256,iso,851,985000,1068400
P3,sycl,dpcpp-ocl-jitprecise-usm,cpu,gemm,256,iso,852,985100,1067600
P3,sycl,dpcpp-ocl-jitprecise-usm,cpu,gemm,256,iso,853,982000,1074600
P3,sycl,dpcpp-ocl-jitprecise-usm,cpu,gemm,256,iso,854,982400,1064300
P3,sycl,dpcpp-ocl-jitprecise-usm,cpu,gemm,256,iso,855,980200,1218100
P3,sycl,dpcpp-ocl-jitprecise-usm,cpu,gemm,256,iso,856,985200,1071000
P3,sycl,dpcpp-ocl-jitprecise-usm,cpu,gemm,256,iso,857,1100700,1092700
P3,sycl,dpcpp-ocl-jitprecise-usm,cpu,gemm,256,iso,858,982300,1067100
P3,sycl,dpcpp-ocl-jitprecise-usm,cpu,gemm,256,iso,859,979400,1073600
P3,sycl,dpcpp-ocl-jitprecise-usm,cpu,gemm,256,iso,860,1140300,1086200
P3,sycl,dpcpp-ocl-jitprecise-usm,cpu,gemm,256,iso,861,978800,1079600
P3,sycl,dpcpp-ocl-jitprecise-usm,cpu,gemm,256,iso,862,980300,1070300
P3,sycl,dpcpp-ocl-jitprecise-usm,cpu,gemm,256,iso,863,979800,1072400
P3,sycl,dpcpp-ocl-jitprecise-usm,cpu,gemm,256,iso,864,972300,1070100
P3,sycl,dpcpp-ocl-jitprecise-usm,cpu,gemm,256,iso,865,1122600,1072000
P3,sycl,dpcpp-ocl-jitprecise-usm,cpu,gemm,256,iso,866,997400,1076600
P3,sycl,dpcpp-ocl-jitprecise-usm,cpu,gemm,256,iso,867,988100,1069400
P3,sycl,dpcpp-ocl-jitprecise-usm,cpu,gemm,256,iso,868,986500,1068600
P3,sycl,dpcpp-ocl-jitprecise-usm,cpu,gemm,256,iso,869,979000,1212600
P3,sycl,dpcpp-ocl-jitprecise-usm,cpu,gemm,256,iso,870,1119600,1100000
P3,sycl,dpcpp-ocl-jitprecise-usm,cpu,gemm,256,iso,871,983100,1125200
P3,sycl,dpcpp-ocl-jitprecise-usm,cpu,gemm,256,iso,872,979700,1074900
P3,sycl,dpcpp-ocl-jitprecise-usm,cpu,gemm,256,iso,873,978500,1068900
P3,sycl,dpcpp-ocl-jitprecise-usm,cpu,gemm,256,iso,874,981000,1228700
P3,sycl,dpcpp-ocl-jitprecise-usm,cpu,gemm,256,iso,875,981800,1076200
P3,sycl,dpcpp-ocl-jitprecise-usm,cpu,gemm,256,iso,876,981500,1072100
P3,sycl,dpcpp-ocl-jitprecise-usm,cpu,gemm,256,iso,877,975100,1078400
P3,sycl,dpcpp-ocl-jitprecise-usm,cpu,gemm,256,iso,878,978400,1086500
P3,sycl,dpcpp-ocl-jitprecise-usm,cpu,gemm,256,iso,879,1118700,1079300
P3,sycl,dpcpp-ocl-jitprecise-usm,cpu,gemm,256,iso,880,986400,1069200
P3,sycl,dpcpp-ocl-jitprecise-usm,cpu,gemm,256,iso,881,980300,1059800
P3,sycl,dpcpp-ocl-jitprecise-usm,cpu,gemm,256,iso,882,987900,1080700
P3,sycl,dpcpp-ocl-jitprecise-usm,cpu,gemm,256,iso,883,978000,1064700
P3,sycl,dpcpp-ocl-jitprecise-usm,cpu,gemm,256,iso,884,1128300,1078100
P3,sycl,dpcpp-ocl-jitprecise-usm,cpu,gemm,256,iso,885,979300,1186600
P3,sycl,dpcpp-ocl-jitprecise-usm,cpu,gemm,256,iso,886,980400,1066300
P3,sycl,dpcpp-ocl-jitprecise-usm,cpu,gemm,256,iso,887,985300,1072100
P3,sycl,dpcpp-ocl-jitprecise-usm,cpu,gemm,256,iso,888,974800,1237200
P3,sycl,dpcpp-ocl-jitprecise-usm,cpu,gemm,256,iso,889,994000,1067300
P3,sycl,dpcpp-ocl-jitprecise-usm,cpu,gemm,256,iso,890,978800,1070300
P3,sycl,dpcpp-ocl-jitprecise-usm,cpu,gemm,256,iso,891,979200,1076100
P3,sycl,dpcpp-ocl-jitprecise-usm,cpu,gemm,256,iso,892,981700,1070800
P3,sycl,dpcpp-ocl-jitprecise-usm,cpu,gemm,256,iso,893,978100,1216000
P3,sycl,dpcpp-ocl-jitprecise-usm,cpu,gemm,256,iso,894,978600,1066700
P3,sycl,dpcpp-ocl-jitprecise-usm,cpu,gemm,256,iso,895,975900,1074600
P3,sycl,dpcpp-ocl-jitprecise-usm,cpu,gemm,256,iso,896,987200,1066300
P3,sycl,dpcpp-ocl-jitprecise-usm,cpu,gemm,256,iso,897,984000,1069000
P3,sycl,dpcpp-ocl-jitprecise-usm,cpu,gemm,256,iso,898,973300,1269100
P3,sycl,dpcpp-ocl-jitprecise-usm,cpu,gemm,256,iso,899,1073500,1068000
P3,sycl,dpcpp-ocl-jitprecise-usm,cpu,gemm,256,iso,900,984600,1073500
P3,sycl,dpcpp-ocl-jitprecise-usm,cpu,gemm,256,iso,901,977000,1072000
P3,sycl,dpcpp-ocl-jitprecise-usm,cpu,gemm,256,iso,902,988600,1060200
P3,sycl,dpcpp-ocl-jitprecise-usm,cpu,gemm,256,iso,903,1121700,1095900
P3,sycl,dpcpp-ocl-jitprecise-usm,cpu,gemm,256,iso,904,991300,1203600
P3,sycl,dpcpp-ocl-jitprecise-usm,cpu,gemm,256,iso,905,981400,1069800
P3,sycl,dpcpp-ocl-jitprecise-usm,cpu,gemm,256,iso,906,978800,1065900
P3,sycl,dpcpp-ocl-jitprecise-usm,cpu,gemm,256,iso,907,979700,1220800
P3,sycl,dpcpp-ocl-jitprecise-usm,cpu,gemm,256,iso,908,987300,1069400
P3,sycl,dpcpp-ocl-jitprecise-usm,cpu,gemm,256,iso,909,968100,1069100
P3,sycl,dpcpp-ocl-jitprecise-usm,cpu,gemm,256,iso,910,983100,1074200
P3,sycl,dpcpp-ocl-jitprecise-usm,cpu,gemm,256,iso,911,986700,1077600
P3,sycl,dpcpp-ocl-jitprecise-usm,cpu,gemm,256,iso,912,983200,1228900
P3,sycl,dpcpp-ocl-jitprecise-usm,cpu,gemm,256,iso,913,989400,1081200
P3,sycl,dpcpp-ocl-jitprecise-usm,cpu,gemm,256,iso,914,978100,1086800
P3,sycl,dpcpp-ocl-jitprecise-usm,cpu,gemm,256,iso,915,975900,1069900
P3,sycl,dpcpp-ocl-jitprecise-usm,cpu,gemm,256,iso,916,984000,1074700
P3,sycl,dpcpp-ocl-jitprecise-usm,cpu,gemm,256,iso,917,984200,1217600
P3,sycl,dpcpp-ocl-jitprecise-usm,cpu,gemm,256,iso,918,1092900,1094700
P3,sycl,dpcpp-ocl-jitprecise-usm,cpu,gemm,256,iso,919,980900,1060600
P3,sycl,dpcpp-ocl-jitprecise-usm,cpu,gemm,256,iso,920,990100,1067200
P3,sycl,dpcpp-ocl-jitprecise-usm,cpu,gemm,256,iso,921,979500,1070400
P3,sycl,dpcpp-ocl-jitprecise-usm,cpu,gemm,256,iso,922,1130800,1086100
P3,sycl,dpcpp-ocl-jitprecise-usm,cpu,gemm,256,iso,923,980000,1073500
P3,sycl,dpcpp-ocl-jitprecise-usm,cpu,gemm,256,iso,924,984600,1068600
P3,sycl,dpcpp-ocl-jitprecise-usm,cpu,gemm,256,iso,925,983500,1065300
P3,sycl,dpcpp-ocl-jitprecise-usm,cpu,gemm,256,iso,926,981900,1074700
P3,sycl,dpcpp-ocl-jitprecise-usm,cpu,gemm,256,iso,927,1127300,1079100
P3,sycl,dpcpp-ocl-jitprecise-usm,cpu,gemm,256,iso,928,978800,1067000
P3,sycl,dpcpp-ocl-jitprecise-usm,cpu,gemm,256,iso,929,1068800,1078800
P3,sycl,dpcpp-ocl-jitprecise-usm,cpu,gemm,256,iso,930,981800,1085100
P3,sycl,dpcpp-ocl-jitprecise-usm,cpu,gemm,256,iso,931,977300,1220500
P3,sycl,dpcpp-ocl-jitprecise-usm,cpu,gemm,256,iso,932,990100,1070500
P3,sycl,dpcpp-ocl-jitprecise-usm,cpu,gemm,256,iso,933,1088600,1091600
P3,sycl,dpcpp-ocl-jitprecise-usm,cpu,gemm,256,iso,934,976800,1062700
P3,sycl,dpcpp-ocl-jitprecise-usm,cpu,gemm,256,iso,935,983300,1068700
P3,sycl,dpcpp-ocl-jitprecise-usm,cpu,gemm,256,iso,936,985500,1228400
P3,sycl,dpcpp-ocl-jitprecise-usm,cpu,gemm,256,iso,937,989800,1068400
P3,sycl,dpcpp-ocl-jitprecise-usm,cpu,gemm,256,iso,938,995100,1069600
P3,sycl,dpcpp-ocl-jitprecise-usm,cpu,gemm,256,iso,939,981500,1066300
P3,sycl,dpcpp-ocl-jitprecise-usm,cpu,gemm,256,iso,940,981500,1063900
P3,sycl,dpcpp-ocl-jitprecise-usm,cpu,gemm,256,iso,941,1129100,1078700
P3,sycl,dpcpp-ocl-jitprecise-usm,cpu,gemm,256,iso,942,982700,1204800
P3,sycl,dpcpp-ocl-jitprecise-usm,cpu,gemm,256,iso,943,988600,1072400
P3,sycl,dpcpp-ocl-jitprecise-usm,cpu,gemm,256,iso,944,983300,1078400
P3,sycl,dpcpp-ocl-jitprecise-usm,cpu,gemm,256,iso,945,984800,1076600
P3,sycl,dpcpp-ocl-jitprecise-usm,cpu,gemm,256,iso,946,1171600,1228600
P3,sycl,dpcpp-ocl-jitprecise-usm,cpu,gemm,256,iso,947,983000,1067900
P3,sycl,dpcpp-ocl-jitprecise-usm,cpu,gemm,256,iso,948,981200,1065700
P3,sycl,dpcpp-ocl-jitprecise-usm,cpu,gemm,256,iso,949,978900,1068800
P3,sycl,dpcpp-ocl-jitprecise-usm,cpu,gemm,256,iso,950,985400,1225700
P3,sycl,dpcpp-ocl-jitprecise-usm,cpu,gemm,256,iso,951,987600,1061800
P3,sycl,dpcpp-ocl-jitprecise-usm,cpu,gemm,256,iso,952,1084100,1079600
P3,sycl,dpcpp-ocl-jitprecise-usm,cpu,gemm,256,iso,953,974200,1072400
P3,sycl,dpcpp-ocl-jitprecise-usm,cpu,gemm,256,iso,954,982100,1070100
P3,sycl,dpcpp-ocl-jitprecise-usm,cpu,gemm,256,iso,955,980700,1234500
P3,sycl,dpcpp-ocl-jitprecise-usm,cpu,gemm,256,iso,956,1099600,1084000
P3,sycl,dpcpp-ocl-jitprecise-usm,cpu,gemm,256,iso,957,986100,1065600
P3,sycl,dpcpp-ocl-jitprecise-usm,cpu,gemm,256,iso,958,988600,1072100
P3,sycl,dpcpp-ocl-jitprecise-usm,cpu,gemm,256,iso,959,988000,1067600
P3,sycl,dpcpp-ocl-jitprecise-usm,cpu,gemm,256,iso,960,1135900,1206300
P3,sycl,dpcpp-ocl-jitprecise-usm,cpu,gemm,256,iso,961,984200,1071000
P3,sycl,dpcpp-ocl-jitprecise-usm,cpu,gemm,256,iso,962,981000,1080900
P3,sycl,dpcpp-ocl-jitprecise-usm,cpu,gemm,256,iso,963,980800,1081800
P3,sycl,dpcpp-ocl-jitprecise-usm,cpu,gemm,256,iso,964,983000,1229000
P3,sycl,dpcpp-ocl-jitprecise-usm,cpu,gemm,256,iso,965,984000,1183800
P3,sycl,dpcpp-ocl-jitprecise-usm,cpu,gemm,256,iso,966,987000,1068100
P3,sycl,dpcpp-ocl-jitprecise-usm,cpu,gemm,256,iso,967,982300,1064200
P3,sycl,dpcpp-ocl-jitprecise-usm,cpu,gemm,256,iso,968,972900,1073500
P3,sycl,dpcpp-ocl-jitprecise-usm,cpu,gemm,256,iso,969,1012700,1247500
P3,sycl,dpcpp-ocl-jitprecise-usm,cpu,gemm,256,iso,970,983600,1070300
P3,sycl,dpcpp-ocl-jitprecise-usm,cpu,gemm,256,iso,971,1097900,1083400
P3,sycl,dpcpp-ocl-jitprecise-usm,cpu,gemm,256,iso,972,988800,1064600
P3,sycl,dpcpp-ocl-jitprecise-usm,cpu,gemm,256,iso,973,980800,1069700
P3,sycl,dpcpp-ocl-jitprecise-usm,cpu,gemm,256,iso,974,1127700,1187400
P3,sycl,dpcpp-ocl-jitprecise-usm,cpu,gemm,256,iso,975,995800,1072800
P3,sycl,dpcpp-ocl-jitprecise-usm,cpu,gemm,256,iso,976,980400,1083400
P3,sycl,dpcpp-ocl-jitprecise-usm,cpu,gemm,256,iso,977,981300,1074500
P3,sycl,dpcpp-ocl-jitprecise-usm,cpu,gemm,256,iso,978,975100,1072900
P3,sycl,dpcpp-ocl-jitprecise-usm,cpu,gemm,256,iso,979,1138500,1077500
P3,sycl,dpcpp-ocl-jitprecise-usm,cpu,gemm,256,iso,980,974800,1190700
P3,sycl,dpcpp-ocl-jitprecise-usm,cpu,gemm,256,iso,981,988100,1072300
P3,sycl,dpcpp-ocl-jitprecise-usm,cpu,gemm,256,iso,982,978000,1074500
P3,sycl,dpcpp-ocl-jitprecise-usm,cpu,gemm,256,iso,983,984100,1219500
P3,sycl,dpcpp-ocl-jitprecise-usm,cpu,gemm,256,iso,984,1123500,1091800
P3,sycl,dpcpp-ocl-jitprecise-usm,cpu,gemm,256,iso,985,974200,1067600
P3,sycl,dpcpp-ocl-jitprecise-usm,cpu,gemm,256,iso,986,979900,1065000
P3,sycl,dpcpp-ocl-jitprecise-usm,cpu,gemm,256,iso,987,977200,1071500
P3,sycl,dpcpp-ocl-jitprecise-usm,cpu,gemm,256,iso,988,983500,1216600
P3,sycl,dpcpp-ocl-jitprecise-usm,cpu,gemm,256,iso,989,981400,1186800
P3,sycl,dpcpp-ocl-jitprecise-usm,cpu,gemm,256,iso,990,990100,1076200
P3,sycl,dpcpp-ocl-jitprecise-usm,cpu,gemm,256,iso,991,976400,1070100
P3,sycl,dpcpp-ocl-jitprecise-usm,cpu,gemm,256,iso,992,981300,1064900
P3,sycl,dpcpp-ocl-jitprecise-usm,cpu,gemm,256,iso,993,1139100,1089600
P3,sycl,dpcpp-ocl-jitprecise-usm,cpu,gemm,256,iso,994,983700,1232700
P3,sycl,dpcpp-ocl-jitprecise-usm,cpu,gemm,256,iso,995,987100,1072800
P3,sycl,dpcpp-ocl-jitprecise-usm,cpu,gemm,256,iso,996,980000,1072000
P3,sycl,dpcpp-ocl-jitprecise-usm,cpu,gemm,256,iso,997,990600,1062000
P3,sycl,dpcpp-ocl-jitprecise-usm,cpu,gemm,256,iso,998,1125000,1080300
P3,sycl,dpcpp-ocl-jitprecise-usm,cpu,gemm,256,iso,999,1087500,1088000
P3,opencl,intel-ocl,cpu,gemm,512,iso,0,10346800,10559300
P3,opencl,intel-ocl,cpu,gemm,512,iso,1,10349400,10583600
P3,opencl,intel-ocl,cpu,gemm,512,iso,2,10348200,10721500
P3,opencl,intel-ocl,cpu,gemm,512,iso,3,10347100,10559900
P3,opencl,intel-ocl,cpu,gemm,512,iso,4,10332300,10650500
P3,opencl,intel-ocl,cpu,gemm,512,iso,5,10315000,10528600
P3,opencl,intel-ocl,cpu,gemm,512,iso,6,10436000,10392200
P3,opencl,intel-ocl,cpu,gemm,512,iso,7,10396900,10408900
P3,opencl,intel-ocl,cpu,gemm,512,iso,8,10434200,10487800
P3,opencl,intel-ocl,cpu,gemm,512,iso,9,10346900,10520400
P3,opencl,intel-ocl,cpu,gemm,512,iso,10,10361500,10541200
P3,opencl,intel-ocl,cpu,gemm,512,iso,11,10341600,10531000
P3,opencl,intel-ocl,cpu,gemm,512,iso,12,10336000,10509200
P3,opencl,intel-ocl,cpu,gemm,512,iso,13,10348700,10513600
P3,opencl,intel-ocl,cpu,gemm,512,iso,14,10388600,10505900
P3,opencl,intel-ocl,cpu,gemm,512,iso,15,10377700,10663900
P3,opencl,intel-ocl,cpu,gemm,512,iso,16,10338600,10502400
P3,opencl,intel-ocl,cpu,gemm,512,iso,17,10345000,10644600
P3,opencl,intel-ocl,cpu,gemm,512,iso,18,10322900,10508300
P3,opencl,intel-ocl,cpu,gemm,512,iso,19,10353000,10542500
P3,opencl,intel-ocl,cpu,gemm,512,iso,20,10349200,10505900
P3,opencl,intel-ocl,cpu,gemm,512,iso,21,10341900,10862900
P3,opencl,intel-ocl,cpu,gemm,512,iso,22,10454200,10390100
P3,opencl,intel-ocl,cpu,gemm,512,iso,23,10449200,10667300
P3,opencl,intel-ocl,cpu,gemm,512,iso,24,10375000,10561600
P3,opencl,intel-ocl,cpu,gemm,512,iso,25,10360300,10580800
P3,opencl,intel-ocl,cpu,gemm,512,iso,26,10371000,10737700
P3,opencl,intel-ocl,cpu,gemm,512,iso,27,10347000,10483500
P3,opencl,intel-ocl,cpu,gemm,512,iso,28,10419000,10398900
P3,opencl,intel-ocl,cpu,gemm,512,iso,29,10515900,10512800
P3,opencl,intel-ocl,cpu,gemm,512,iso,30,10360100,10491700
P3,opencl,intel-ocl,cpu,gemm,512,iso,31,10465600,10514000
P3,opencl,intel-ocl,cpu,gemm,512,iso,32,10362800,10499800
P3,opencl,intel-ocl,cpu,gemm,512,iso,33,10494100,10488100
P3,opencl,intel-ocl,cpu,gemm,512,iso,34,10351000,10533700
P3,opencl,intel-ocl,cpu,gemm,512,iso,35,10358100,10507600
P3,opencl,intel-ocl,cpu,gemm,512,iso,36,10355300,10555100
P3,opencl,intel-ocl,cpu,gemm,512,iso,37,10531500,10513200
P3,opencl,intel-ocl,cpu,gemm,512,iso,38,10359200,10639800
P3,opencl,intel-ocl,cpu,gemm,512,iso,39,10254300,10603800
P3,opencl,intel-ocl,cpu,gemm,512,iso,40,10368400,10564300
P3,opencl,intel-ocl,cpu,gemm,512,iso,41,10354700,10509500
P3,opencl,intel-ocl,cpu,gemm,512,iso,42,10358800,10527400
P3,opencl,intel-ocl,cpu,gemm,512,iso,43,10358700,10478400
P3,opencl,intel-ocl,cpu,gemm,512,iso,44,10343300,10528100
P3,opencl,intel-ocl,cpu,gemm,512,iso,45,10360800,10497800
P3,opencl,intel-ocl,cpu,gemm,512,iso,46,10348100,10504900
P3,opencl,intel-ocl,cpu,gemm,512,iso,47,10367600,10567600
P3,opencl,intel-ocl,cpu,gemm,512,iso,48,10465300,10596800
P3,opencl,intel-ocl,cpu,gemm,512,iso,49,10357300,10486300
P3,opencl,intel-ocl,cpu,gemm,512,iso,50,10454000,10501200
P3,opencl,intel-ocl,cpu,gemm,512,iso,51,10452300,10536700
P3,opencl,intel-ocl,cpu,gemm,512,iso,52,10394900,10586400
P3,opencl,intel-ocl,cpu,gemm,512,iso,53,10369400,10514100
P3,opencl,intel-ocl,cpu,gemm,512,iso,54,10360100,10505500
P3,opencl,intel-ocl,cpu,gemm,512,iso,55,10376400,10508300
P3,opencl,intel-ocl,cpu,gemm,512,iso,56,10411700,10562600
P3,opencl,intel-ocl,cpu,gemm,512,iso,57,10390800,10414900
P3,opencl,intel-ocl,cpu,gemm,512,iso,58,10287200,10389300
P3,opencl,intel-ocl,cpu,gemm,512,iso,59,10360600,10538200
P3,opencl,intel-ocl,cpu,gemm,512,iso,60,10374900,10593000
P3,opencl,intel-ocl,cpu,gemm,512,iso,61,10245400,10471800
P3,opencl,intel-ocl,cpu,gemm,512,iso,62,10310600,10465700
P3,opencl,intel-ocl,cpu,gemm,512,iso,63,10236800,10490200
P3,opencl,intel-ocl,cpu,gemm,512,iso,64,10281500,10376600
P3,opencl,intel-ocl,cpu,gemm,512,iso,65,10338800,10378400
P3,opencl,intel-ocl,cpu,gemm,512,iso,66,10267900,10368500
P3,opencl,intel-ocl,cpu,gemm,512,iso,67,10333400,10389600
P3,opencl,intel-ocl,cpu,gemm,512,iso,68,10265100,10461200
P3,opencl,intel-ocl,cpu,gemm,512,iso,69,10812700,10501100
P3,opencl,intel-ocl,cpu,gemm,512,iso,70,10238800,10393000
P3,opencl,intel-ocl,cpu,gemm,512,iso,71,10271700,10453300
P3,opencl,intel-ocl,cpu,gemm,512,iso,72,10524300,10389700
P3,opencl,intel-ocl,cpu,gemm,512,iso,73,10264400,10499900
P3,opencl,intel-ocl,cpu,gemm,512,iso,74,10290100,10471900
P3,opencl,intel-ocl,cpu,gemm,512,iso,75,10376400,10390600
P3,opencl,intel-ocl,cpu,gemm,512,iso,76,10281900,10508800
P3,opencl,intel-ocl,cpu,gemm,512,iso,77,10262300,10393000
P3,opencl,intel-ocl,cpu,gemm,512,iso,78,10401000,10539700
P3,opencl,intel-ocl,cpu,gemm,512,iso,79,10483600,10522800
P3,opencl,intel-ocl,cpu,gemm,512,iso,80,10297000,10372100
P3,opencl,intel-ocl,cpu,gemm,512,iso,81,10321300,10479300
P3,opencl,intel-ocl,cpu,gemm,512,iso,82,10284800,10384100
P3,opencl,intel-ocl,cpu,gemm,512,iso,83,10345300,10401700
P3,opencl,intel-ocl,cpu,gemm,512,iso,84,10282900,10647100
P3,opencl,intel-ocl,cpu,gemm,512,iso,85,10362900,10504000
P3,opencl,intel-ocl,cpu,gemm,512,iso,86,10255900,10497500
P3,opencl,intel-ocl,cpu,gemm,512,iso,87,10240100,10470100
P3,opencl,intel-ocl,cpu,gemm,512,iso,88,10289600,10386100
P3,opencl,intel-ocl,cpu,gemm,512,iso,89,10346800,10409800
P3,opencl,intel-ocl,cpu,gemm,512,iso,90,10280400,10370400
P3,opencl,intel-ocl,cpu,gemm,512,iso,91,10387800,10398800
P3,opencl,intel-ocl,cpu,gemm,512,iso,92,10266400,10468100
P3,opencl,intel-ocl,cpu,gemm,512,iso,93,10257500,10432300
P3,opencl,intel-ocl,cpu,gemm,512,iso,94,10407400,10403900
P3,opencl,intel-ocl,cpu,gemm,512,iso,95,10244900,10458400
P3,opencl,intel-ocl,cpu,gemm,512,iso,96,10355800,10382500
P3,opencl,intel-ocl,cpu,gemm,512,iso,97,10247100,10524700
P3,opencl,intel-ocl,cpu,gemm,512,iso,98,10380200,10469700
P3,opencl,intel-ocl,cpu,gemm,512,iso,99,10357300,10387400
P3,opencl,intel-ocl,cpu,gemm,512,iso,100,10477000,10414800
P3,opencl,intel-ocl,cpu,gemm,512,iso,101,10438000,10540900
P3,opencl,intel-ocl,cpu,gemm,512,iso,102,10325400,10454300
P3,opencl,intel-ocl,cpu,gemm,512,iso,103,10324100,10499800
P3,opencl,intel-ocl,cpu,gemm,512,iso,104,10330300,10453600
P3,opencl,intel-ocl,cpu,gemm,512,iso,105,10348900,10540000
P3,opencl,intel-ocl,cpu,gemm,512,iso,106,10317200,10470700
P3,opencl,intel-ocl,cpu,gemm,512,iso,107,10344300,10482300
P3,opencl,intel-ocl,cpu,gemm,512,iso,108,10342500,10440000
P3,opencl,intel-ocl,cpu,gemm,512,iso,109,10315900,10493100
P3,opencl,intel-ocl,cpu,gemm,512,iso,110,10442000,10476600
P3,opencl,intel-ocl,cpu,gemm,512,iso,111,10346100,10505100
P3,opencl,intel-ocl,cpu,gemm,512,iso,112,10398300,10505500
P3,opencl,intel-ocl,cpu,gemm,512,iso,113,10404900,10476300
P3,opencl,intel-ocl,cpu,gemm,512,iso,114,10347500,10502900
P3,opencl,intel-ocl,cpu,gemm,512,iso,115,10384700,10495900
P3,opencl,intel-ocl,cpu,gemm,512,iso,116,10363500,10518400
P3,opencl,intel-ocl,cpu,gemm,512,iso,117,10418400,11131900
P3,opencl,intel-ocl,cpu,gemm,512,iso,118,10342500,10402100
P3,opencl,intel-ocl,cpu,gemm,512,iso,119,10456800,10605700
P3,opencl,intel-ocl,cpu,gemm,512,iso,120,10370500,10738400
P3,opencl,intel-ocl,cpu,gemm,512,iso,121,10472600,10573200
P3,opencl,intel-ocl,cpu,gemm,512,iso,122,10499400,10524600
P3,opencl,intel-ocl,cpu,gemm,512,iso,123,10454300,10618400
P3,opencl,intel-ocl,cpu,gemm,512,iso,124,10360100,10598900
P3,opencl,intel-ocl,cpu,gemm,512,iso,125,10432300,10573400
P3,opencl,intel-ocl,cpu,gemm,512,iso,126,10361700,10526400
P3,opencl,intel-ocl,cpu,gemm,512,iso,127,10686300,10567200
P3,opencl,intel-ocl,cpu,gemm,512,iso,128,10342300,10707900
P3,opencl,intel-ocl,cpu,gemm,512,iso,129,10482100,10538200
P3,opencl,intel-ocl,cpu,gemm,512,iso,130,10559600,10594700
P3,opencl,intel-ocl,cpu,gemm,512,iso,131,10451900,10665800
P3,opencl,intel-ocl,cpu,gemm,512,iso,132,10368200,10522000
P3,opencl,intel-ocl,cpu,gemm,512,iso,133,10375200,10492700
P3,opencl,intel-ocl,cpu,gemm,512,iso,134,10331200,10513300
P3,opencl,intel-ocl,cpu,gemm,512,iso,135,10362700,10522000
P3,opencl,intel-ocl,cpu,gemm,512,iso,136,10375100,10545200
P3,opencl,intel-ocl,cpu,gemm,512,iso,137,10341800,10480800
P3,opencl,intel-ocl,cpu,gemm,512,iso,138,10333000,10502700
P3,opencl,intel-ocl,cpu,gemm,512,iso,139,10346000,10481200
P3,opencl,intel-ocl,cpu,gemm,512,iso,140,10398500,10545500
P3,opencl,intel-ocl,cpu,gemm,512,iso,141,10467900,10545200
P3,opencl,intel-ocl,cpu,gemm,512,iso,142,10384300,10669800
P3,opencl,intel-ocl,cpu,gemm,512,iso,143,10418400,10570600
P3,opencl,intel-ocl,cpu,gemm,512,iso,144,10346100,10565500
P3,opencl,intel-ocl,cpu,gemm,512,iso,145,10356500,10507100
P3,opencl,intel-ocl,cpu,gemm,512,iso,146,10337600,10596000
P3,opencl,intel-ocl,cpu,gemm,512,iso,147,10329900,10517400
P3,opencl,intel-ocl,cpu,gemm,512,iso,148,10348300,10518500
P3,opencl,intel-ocl,cpu,gemm,512,iso,149,10355500,10475200
P3,opencl,intel-ocl,cpu,gemm,512,iso,150,10334500,10553700
P3,opencl,intel-ocl,cpu,gemm,512,iso,151,10345300,10756600
P3,opencl,intel-ocl,cpu,gemm,512,iso,152,10418700,10636300
P3,opencl,intel-ocl,cpu,gemm,512,iso,153,10411800,10637700
P3,opencl,intel-ocl,cpu,gemm,512,iso,154,10341900,10554800
P3,opencl,intel-ocl,cpu,gemm,512,iso,155,10375400,10500300
P3,opencl,intel-ocl,cpu,gemm,512,iso,156,10340300,10493800
P3,opencl,intel-ocl,cpu,gemm,512,iso,157,10339100,10467100
P3,opencl,intel-ocl,cpu,gemm,512,iso,158,10326700,10530800
P3,opencl,intel-ocl,cpu,gemm,512,iso,159,10374500,10477300
P3,opencl,intel-ocl,cpu,gemm,512,iso,160,10345500,10538400
P3,opencl,intel-ocl,cpu,gemm,512,iso,161,10345700,10512400
P3,opencl,intel-ocl,cpu,gemm,512,iso,162,10362200,10657900
P3,opencl,intel-ocl,cpu,gemm,512,iso,163,10403000,10496600
P3,opencl,intel-ocl,cpu,gemm,512,iso,164,10450700,10531900
P3,opencl,intel-ocl,cpu,gemm,512,iso,165,10341200,10716000
P3,opencl,intel-ocl,cpu,gemm,512,iso,166,10612200,10439500
P3,opencl,intel-ocl,cpu,gemm,512,iso,167,10446800,10508200
P3,opencl,intel-ocl,cpu,gemm,512,iso,168,10376000,10535000
P3,opencl,intel-ocl,cpu,gemm,512,iso,169,10457000,10504200
P3,opencl,intel-ocl,cpu,gemm,512,iso,170,10406700,10551500
P3,opencl,intel-ocl,cpu,gemm,512,iso,171,10354200,10512700
P3,opencl,intel-ocl,cpu,gemm,512,iso,172,10344000,10515100
P3,opencl,intel-ocl,cpu,gemm,512,iso,173,10491300,10509700
P3,opencl,intel-ocl,cpu,gemm,512,iso,174,10336600,10588700
P3,opencl,intel-ocl,cpu,gemm,512,iso,175,10432000,10623700
P3,opencl,intel-ocl,cpu,gemm,512,iso,176,10360900,10620900
P3,opencl,intel-ocl,cpu,gemm,512,iso,177,10368500,10474500
P3,opencl,intel-ocl,cpu,gemm,512,iso,178,10386300,10476000
P3,opencl,intel-ocl,cpu,gemm,512,iso,179,10358600,10496800
P3,opencl,intel-ocl,cpu,gemm,512,iso,180,10375500,10468000
P3,opencl,intel-ocl,cpu,gemm,512,iso,181,10362400,10496000
P3,opencl,intel-ocl,cpu,gemm,512,iso,182,10411700,10491100
P3,opencl,intel-ocl,cpu,gemm,512,iso,183,10334400,10489100
P3,opencl,intel-ocl,cpu,gemm,512,iso,184,10518100,10500500
P3,opencl,intel-ocl,cpu,gemm,512,iso,185,10368500,10618700
P3,opencl,intel-ocl,cpu,gemm,512,iso,186,10368300,10489600
P3,opencl,intel-ocl,cpu,gemm,512,iso,187,10324900,10489100
P3,opencl,intel-ocl,cpu,gemm,512,iso,188,10367900,10476800
P3,opencl,intel-ocl,cpu,gemm,512,iso,189,10344600,10507000
P3,opencl,intel-ocl,cpu,gemm,512,iso,190,10345400,10478700
P3,opencl,intel-ocl,cpu,gemm,512,iso,191,10348700,10556100
P3,opencl,intel-ocl,cpu,gemm,512,iso,192,10348600,10526700
P3,opencl,intel-ocl,cpu,gemm,512,iso,193,10333400,10690100
P3,opencl,intel-ocl,cpu,gemm,512,iso,194,10446400,10476800
P3,opencl,intel-ocl,cpu,gemm,512,iso,195,10355000,10677300
P3,opencl,intel-ocl,cpu,gemm,512,iso,196,10353700,10572100
P3,opencl,intel-ocl,cpu,gemm,512,iso,197,10379400,10518500
P3,opencl,intel-ocl,cpu,gemm,512,iso,198,10322600,10478400
P3,opencl,intel-ocl,cpu,gemm,512,iso,199,10408100,10531500
P3,opencl,intel-ocl,cpu,gemm,512,iso,200,10354100,10528600
P3,opencl,intel-ocl,cpu,gemm,512,iso,201,10369700,10519100
P3,opencl,intel-ocl,cpu,gemm,512,iso,202,10256700,10460000
P3,opencl,intel-ocl,cpu,gemm,512,iso,203,10258700,10390600
P3,opencl,intel-ocl,cpu,gemm,512,iso,204,10327500,10394400
P3,opencl,intel-ocl,cpu,gemm,512,iso,205,10279200,10402400
P3,opencl,intel-ocl,cpu,gemm,512,iso,206,10352000,10390000
P3,opencl,intel-ocl,cpu,gemm,512,iso,207,10231400,10658900
P3,opencl,intel-ocl,cpu,gemm,512,iso,208,10227600,10373700
P3,opencl,intel-ocl,cpu,gemm,512,iso,209,10367000,10390200
P3,opencl,intel-ocl,cpu,gemm,512,iso,210,10226600,10495700
P3,opencl,intel-ocl,cpu,gemm,512,iso,211,10250300,10376300
P3,opencl,intel-ocl,cpu,gemm,512,iso,212,10353200,10382100
P3,opencl,intel-ocl,cpu,gemm,512,iso,213,10239200,10479600
P3,opencl,intel-ocl,cpu,gemm,512,iso,214,10929700,10304300
P3,opencl,intel-ocl,cpu,gemm,512,iso,215,10333000,10414600
P3,opencl,intel-ocl,cpu,gemm,512,iso,216,10436600,10365000
P3,opencl,intel-ocl,cpu,gemm,512,iso,217,10357800,10419000
P3,opencl,intel-ocl,cpu,gemm,512,iso,218,10309800,10498400
P3,opencl,intel-ocl,cpu,gemm,512,iso,219,10260700,10401300
P3,opencl,intel-ocl,cpu,gemm,512,iso,220,10239300,10683400
P3,opencl,intel-ocl,cpu,gemm,512,iso,221,10252100,10395100
P3,opencl,intel-ocl,cpu,gemm,512,iso,222,10358000,10495600
P3,opencl,intel-ocl,cpu,gemm,512,iso,223,10401800,10522600
P3,opencl,intel-ocl,cpu,gemm,512,iso,224,10363900,10449800
P3,opencl,intel-ocl,cpu,gemm,512,iso,225,10347900,10421600
P3,opencl,intel-ocl,cpu,gemm,512,iso,226,10241100,10475300
P3,opencl,intel-ocl,cpu,gemm,512,iso,227,10266400,10441200
P3,opencl,intel-ocl,cpu,gemm,512,iso,228,10316900,10503400
P3,opencl,intel-ocl,cpu,gemm,512,iso,229,10349400,10419600
P3,opencl,intel-ocl,cpu,gemm,512,iso,230,10334800,10344500
P3,opencl,intel-ocl,cpu,gemm,512,iso,231,10246400,10521700
P3,opencl,intel-ocl,cpu,gemm,512,iso,232,10256800,10375200
P3,opencl,intel-ocl,cpu,gemm,512,iso,233,10334100,10549600
P3,opencl,intel-ocl,cpu,gemm,512,iso,234,10224900,10359200
P3,opencl,intel-ocl,cpu,gemm,512,iso,235,10344100,10376400
P3,opencl,intel-ocl,cpu,gemm,512,iso,236,10348600,10353900
P3,opencl,intel-ocl,cpu,gemm,512,iso,237,10235900,10498400
P3,opencl,intel-ocl,cpu,gemm,512,iso,238,10231000,10356300
P3,opencl,intel-ocl,cpu,gemm,512,iso,239,10295800,10505700
P3,opencl,intel-ocl,cpu,gemm,512,iso,240,10246100,10363300
P3,opencl,intel-ocl,cpu,gemm,512,iso,241,10327300,10522200
P3,opencl,intel-ocl,cpu,gemm,512,iso,242,10349400,10387900
P3,opencl,intel-ocl,cpu,gemm,512,iso,243,10228300,10572900
P3,opencl,intel-ocl,cpu,gemm,512,iso,244,10355500,10523900
P3,opencl,intel-ocl,cpu,gemm,512,iso,245,10353000,10557100
P3,opencl,intel-ocl,cpu,gemm,512,iso,246,10348900,10652400
P3,opencl,intel-ocl,cpu,gemm,512,iso,247,10410000,10634600
P3,opencl,intel-ocl,cpu,gemm,512,iso,248,10408600,10447500
P3,opencl,intel-ocl,cpu,gemm,512,iso,249,10487500,10596700
P3,opencl,intel-ocl,cpu,gemm,512,iso,250,10351300,10516100
P3,opencl,intel-ocl,cpu,gemm,512,iso,251,10372200,10744400
P3,opencl,intel-ocl,cpu,gemm,512,iso,252,10327300,10526200
P3,opencl,intel-ocl,cpu,gemm,512,iso,253,10345300,10552500
P3,opencl,intel-ocl,cpu,gemm,512,iso,254,10382000,10569400
P3,opencl,intel-ocl,cpu,gemm,512,iso,255,10376000,10566700
P3,opencl,intel-ocl,cpu,gemm,512,iso,256,10317600,10492700
P3,opencl,intel-ocl,cpu,gemm,512,iso,257,10499200,10638200
P3,opencl,intel-ocl,cpu,gemm,512,iso,258,10346400,10693000
P3,opencl,intel-ocl,cpu,gemm,512,iso,259,10357300,10529100
P3,opencl,intel-ocl,cpu,gemm,512,iso,260,10340600,10484600
P3,opencl,intel-ocl,cpu,gemm,512,iso,261,10335800,10611400
P3,opencl,intel-ocl,cpu,gemm,512,iso,262,10369200,10694300
P3,opencl,intel-ocl,cpu,gemm,512,iso,263,11124700,10441100
P3,opencl,intel-ocl,cpu,gemm,512,iso,264,10281500,10485300
P3,opencl,intel-ocl,cpu,gemm,512,iso,265,10409000,10596800
P3,opencl,intel-ocl,cpu,gemm,512,iso,266,10431300,10708300
P3,opencl,intel-ocl,cpu,gemm,512,iso,267,10353800,10538800
P3,opencl,intel-ocl,cpu,gemm,512,iso,268,10441900,10521000
P3,opencl,intel-ocl,cpu,gemm,512,iso,269,10378200,10657000
P3,opencl,intel-ocl,cpu,gemm,512,iso,270,10387500,10544800
P3,opencl,intel-ocl,cpu,gemm,512,iso,271,10364800,10568700
P3,opencl,intel-ocl,cpu,gemm,512,iso,272,10542700,10649200
P3,opencl,intel-ocl,cpu,gemm,512,iso,273,10363500,10589600
P3,opencl,intel-ocl,cpu,gemm,512,iso,274,10388800,10538000
P3,opencl,intel-ocl,cpu,gemm,512,iso,275,10340700,10545000
P3,opencl,intel-ocl,cpu,gemm,512,iso,276,10338400,10519200
P3,opencl,intel-ocl,cpu,gemm,512,iso,277,10564600,10758900
P3,opencl,intel-ocl,cpu,gemm,512,iso,278,10440300,10549300
P3,opencl,intel-ocl,cpu,gemm,512,iso,279,10314700,10545000
P3,opencl,intel-ocl,cpu,gemm,512,iso,280,10341400,10589400
P3,opencl,intel-ocl,cpu,gemm,512,iso,281,10343500,10609000
P3,opencl,intel-ocl,cpu,gemm,512,iso,282,10348200,10493300
P3,opencl,intel-ocl,cpu,gemm,512,iso,283,10324900,10527500
P3,opencl,intel-ocl,cpu,gemm,512,iso,284,10340600,10559400
P3,opencl,intel-ocl,cpu,gemm,512,iso,285,10411100,10656600
P3,opencl,intel-ocl,cpu,gemm,512,iso,286,10347200,10602000
P3,opencl,intel-ocl,cpu,gemm,512,iso,287,10455400,10698900
P3,opencl,intel-ocl,cpu,gemm,512,iso,288,10362500,10703700
P3,opencl,intel-ocl,cpu,gemm,512,iso,289,10398700,10527200
P3,opencl,intel-ocl,cpu,gemm,512,iso,290,10394800,10515100
P3,opencl,intel-ocl,cpu,gemm,512,iso,291,10350900,10456900
P3,opencl,intel-ocl,cpu,gemm,512,iso,292,10351400,10601600
P3,opencl,intel-ocl,cpu,gemm,512,iso,293,10450900,10545100
P3,opencl,intel-ocl,cpu,gemm,512,iso,294,10351000,10532600
P3,opencl,intel-ocl,cpu,gemm,512,iso,295,10374300,10544700
P3,opencl,intel-ocl,cpu,gemm,512,iso,296,10429800,10625900
P3,opencl,intel-ocl,cpu,gemm,512,iso,297,10427100,10674500
P3,opencl,intel-ocl,cpu,gemm,512,iso,298,10352900,10544800
P3,opencl,intel-ocl,cpu,gemm,512,iso,299,10431400,10510900
P3,sycl,dpcpp-ocl-jit-usm,cpu,gemm,512,iso,0,8658800,8882800
P3,sycl,dpcpp-ocl-jit-usm,cpu,gemm,512,iso,1,8669900,8846300
P3,sycl,dpcpp-ocl-jit-usm,cpu,gemm,512,iso,2,8802200,8919300
P3,sycl,dpcpp-ocl-jit-usm,cpu,gemm,512,iso,3,8665100,8943800
P3,sycl,dpcpp-ocl-jit-usm,cpu,gemm,512,iso,4,8666300,8749100
P3,sycl,dpcpp-ocl-jit-usm,cpu,gemm,512,iso,5,8660200,8937700
P3,sycl,dpcpp-ocl-jit-usm,cpu,gemm,512,iso,6,8746400,8865900
P3,sycl,dpcpp-ocl-jit-usm,cpu,gemm,512,iso,7,8809500,9018900
P3,sycl,dpcpp-ocl-jit-usm,cpu,gemm,512,iso,8,8894700,9004100
P3,sycl,dpcpp-ocl-jit-usm,cpu,gemm,512,iso,9,8568900,8855900
P3,sycl,dpcpp-ocl-jit-usm,cpu,gemm,512,iso,10,8693000,9019800
P3,sycl,dpcpp-ocl-jit-usm,cpu,gemm,512,iso,11,8654400,8956100
P3,sycl,dpcpp-ocl-jit-usm,cpu,gemm,512,iso,12,8849800,8939800
P3,sycl,dpcpp-ocl-jit-usm,cpu,gemm,512,iso,13,9489800,8755000
P3,sycl,dpcpp-ocl-jit-usm,cpu,gemm,512,iso,14,8653000,8954300
P3,sycl,dpcpp-ocl-jit-usm,cpu,gemm,512,iso,15,8692600,8862100
P3,sycl,dpcpp-ocl-jit-usm,cpu,gemm,512,iso,16,8792400,8889200
P3,sycl,dpcpp-ocl-jit-usm,cpu,gemm,512,iso,17,8649600,8699300
P3,sycl,dpcpp-ocl-jit-usm,cpu,gemm,512,iso,18,8765400,8919100
P3,sycl,dpcpp-ocl-jit-usm,cpu,gemm,512,iso,19,8662000,8857400
P3,sycl,dpcpp-ocl-jit-usm,cpu,gemm,512,iso,20,8819600,8901200
P3,sycl,dpcpp-ocl-jit-usm,cpu,gemm,512,iso,21,8667700,8718600
P3,sycl,dpcpp-ocl-jit-usm,cpu,gemm,512,iso,22,8850600,9028200
P3,sycl,dpcpp-ocl-jit-usm,cpu,gemm,512,iso,23,8861500,9049900
P3,sycl,dpcpp-ocl-jit-usm,cpu,gemm,512,iso,24,8687300,8956600
P3,sycl,dpcpp-ocl-jit-usm,cpu,gemm,512,iso,25,8697000,8920900
P3,sycl,dpcpp-ocl-jit-usm,cpu,gemm,512,iso,26,8772400,8879300
P3,sycl,dpcpp-ocl-jit-usm,cpu,gemm,512,iso,27,8650400,8966500
P3,sycl,dpcpp-ocl-jit-usm,cpu,gemm,512,iso,28,8800100,8971700
P3,sycl,dpcpp-ocl-jit-usm,cpu,gemm,512,iso,29,8761300,8961000
P3,sycl,dpcpp-ocl-jit-usm,cpu,gemm,512,iso,30,8698800,8869700
P3,sycl,dpcpp-ocl-jit-usm,cpu,gemm,512,iso,31,8795000,9024000
P3,sycl,dpcpp-ocl-jit-usm,cpu,gemm,512,iso,32,8787700,9028800
P3,sycl,dpcpp-ocl-jit-usm,cpu,gemm,512,iso,33,8827300,8973400
P3,sycl,dpcpp-ocl-jit-usm,cpu,gemm,512,iso,34,8991100,8892700
P3,sycl,dpcpp-ocl-jit-usm,cpu,gemm,512,iso,35,8638000,8966400
P3,sycl,dpcpp-ocl-jit-usm,cpu,gemm,512,iso,36,8797200,8996400
P3,sycl,dpcpp-ocl-jit-usm,cpu,gemm,512,iso,37,8791000,9165200
P3,sycl,dpcpp-ocl-jit-usm,cpu,gemm,512,iso,38,8806300,9089500
P3,sycl,dpcpp-ocl-jit-usm,cpu,gemm,512,iso,39,8681200,8864900
P3,sycl,dpcpp-ocl-jit-usm,cpu,gemm,512,iso,40,8765300,9055500
P3,sycl,dpcpp-ocl-jit-usm,cpu,gemm,512,iso,41,8804600,8991400
P3,sycl,dpcpp-ocl-jit-usm,cpu,gemm,512,iso,42,8790300,8964800
P3,sycl,dpcpp-ocl-jit-usm,cpu,gemm,512,iso,43,8781300,8860400
P3,sycl,dpcpp-ocl-jit-usm,cpu,gemm,512,iso,44,8601600,8965300
P3,sycl,dpcpp-ocl-jit-usm,cpu,gemm,512,iso,45,8790500,8957300
P3,sycl,dpcpp-ocl-jit-usm,cpu,gemm,512,iso,46,8797600,8955900
P3,sycl,dpcpp-ocl-jit-usm,cpu,gemm,512,iso,47,8763900,8905300
P3,sycl,dpcpp-ocl-jit-usm,cpu,gemm,512,iso,48,8698600,9029400
P3,sycl,dpcpp-ocl-jit-usm,cpu,gemm,512,iso,49,8810300,9078400
P3,sycl,dpcpp-ocl-jit-usm,cpu,gemm,512,iso,50,8878500,9091700
P3,sycl,dpcpp-ocl-jit-usm,cpu,gemm,512,iso,51,8756800,9343600
P3,sycl,dpcpp-ocl-jit-usm,cpu,gemm,512,iso,52,8708100,8771600
P3,sycl,dpcpp-ocl-jit-usm,cpu,gemm,512,iso,53,8707400,8988900
P3,sycl,dpcpp-ocl-jit-usm,cpu,gemm,512,iso,54,8881100,8980300
P3,sycl,dpcpp-ocl-jit-usm,cpu,gemm,512,iso,55,8738700,9018800
P3,sycl,dpcpp-ocl-jit-usm,cpu,gemm,512,iso,56,8776100,9013000
P3,sycl,dpcpp-ocl-jit-usm,cpu,gemm,512,iso,57,8504700,8963100
P3,sycl,dpcpp-ocl-jit-usm,cpu,gemm,512,iso,58,8758900,8987500
P3,sycl,dpcpp-ocl-jit-usm,cpu,gemm,512,iso,59,8779200,9046100
P3,sycl,dpcpp-ocl-jit-usm,cpu,gemm,512,iso,60,8784000,8953600
P3,sycl,dpcpp-ocl-jit-usm,cpu,gemm,512,iso,61,8632300,8825200
P3,sycl,dpcpp-ocl-jit-usm,cpu,gemm,512,iso,62,8842800,9171100
P3,sycl,dpcpp-ocl-jit-usm,cpu,gemm,512,iso,63,8805300,9012400
P3,sycl,dpcpp-ocl-jit-usm,cpu,gemm,512,iso,64,8771000,8969300
P3,sycl,dpcpp-ocl-jit-usm,cpu,gemm,512,iso,65,8747700,8852300
P3,sycl,dpcpp-ocl-jit-usm,cpu,gemm,512,iso,66,8633900,9069700
P3,sycl,dpcpp-ocl-jit-usm,cpu,gemm,512,iso,67,8826200,8994800
P3,sycl,dpcpp-ocl-jit-usm,cpu,gemm,512,iso,68,8764200,8945900
P3,sycl,dpcpp-ocl-jit-usm,cpu,gemm,512,iso,69,8764000,8998900
P3,sycl,dpcpp-ocl-jit-usm,cpu,gemm,512,iso,70,8663700,8812600
P3,sycl,dpcpp-ocl-jit-usm,cpu,gemm,512,iso,71,8754100,8980000
P3,sycl,dpcpp-ocl-jit-usm,cpu,gemm,512,iso,72,8779600,9020000
P3,sycl,dpcpp-ocl-jit-usm,cpu,gemm,512,iso,73,8769800,9015300
P3,sycl,dpcpp-ocl-jit-usm,cpu,gemm,512,iso,74,8701600,9123200
P3,sycl,dpcpp-ocl-jit-usm,cpu,gemm,512,iso,75,8649300,9093400
P3,sycl,dpcpp-ocl-jit-usm,cpu,gemm,512,iso,76,8787500,9052000
P3,sycl,dpcpp-ocl-jit-usm,cpu,gemm,512,iso,77,8775400,9010000
P3,sycl,dpcpp-ocl-jit-usm,cpu,gemm,512,iso,78,8794100,8917500
P3,sycl,dpcpp-ocl-jit-usm,cpu,gemm,512,iso,79,8857400,8894200
P3,sycl,dpcpp-ocl-jit-usm,cpu,gemm,512,iso,80,8888900,9146000
P3,sycl,dpcpp-ocl-jit-usm,cpu,gemm,512,iso,81,8842400,9131900
P3,sycl,dpcpp-ocl-jit-usm,cpu,gemm,512,iso,82,8780800,9163900
P3,sycl,dpcpp-ocl-jit-usm,cpu,gemm,512,iso,83,8747200,8957400
P3,sycl,dpcpp-ocl-jit-usm,cpu,gemm,512,iso,84,8680700,9042200
P3,sycl,dpcpp-ocl-jit-usm,cpu,gemm,512,iso,85,8781200,9028100
P3,sycl,dpcpp-ocl-jit-usm,cpu,gemm,512,iso,86,8758300,8981700
P3,sycl,dpcpp-ocl-jit-usm,cpu,gemm,512,iso,87,8745900,8972000
P3,sycl,dpcpp-ocl-jit-usm,cpu,gemm,512,iso,88,8709100,8816200
P3,sycl,dpcpp-ocl-jit-usm,cpu,gemm,512,iso,89,8778300,8982600
P3,sycl,dpcpp-ocl-jit-usm,cpu,gemm,512,iso,90,8881700,9035700
P3,sycl,dpcpp-ocl-jit-usm,cpu,gemm,512,iso,91,8771500,8982100
P3,sycl,dpcpp-ocl-jit-usm,cpu,gemm,512,iso,92,8780600,8851800
P3,sycl,dpcpp-ocl-jit-usm,cpu,gemm,512,iso,93,8599400,8992000
P3,sycl,dpcpp-ocl-jit-usm,cpu,gemm,512,iso,94,8802600,9038600
P3,sycl,dpcpp-ocl-jit-usm,cpu,gemm,512,iso,95,8784100,8970100
P3,sycl,dpcpp-ocl-jit-usm,cpu,gemm,512,iso,96,8779600,9036700
P3,sycl,dpcpp-ocl-jit-usm,cpu,gemm,512,iso,97,8791900,8994400
P3,sycl,dpcpp-ocl-jit-usm,cpu,gemm,512,iso,98,8787700,9050300
P3,sycl,dpcpp-ocl-jit-usm,cpu,gemm,512,iso,99,8790500,9029000
P3,sycl,dpcpp-ocl-jit-usm,cpu,gemm,512,iso,100,8830600,9145400
P3,sycl,dpcpp-ocl-jit-usm,cpu,gemm,512,iso,101,8830700,9012600
P3,sycl,dpcpp-ocl-jit-usm,cpu,gemm,512,iso,102,8685300,9056800
P3,sycl,dpcpp-ocl-jit-usm,cpu,gemm,512,iso,103,8791100,9087200
P3,sycl,dpcpp-ocl-jit-usm,cpu,gemm,512,iso,104,8794800,8995600
P3,sycl,dpcpp-ocl-jit-usm,cpu,gemm,512,iso,105,8880500,9130200
P3,sycl,dpcpp-ocl-jit-usm,cpu,gemm,512,iso,106,8712800,9208900
P3,sycl,dpcpp-ocl-jit-usm,cpu,gemm,512,iso,107,8704200,9100800
P3,sycl,dpcpp-ocl-jit-usm,cpu,gemm,512,iso,108,9507800,9164600
P3,sycl,dpcpp-ocl-jit-usm,cpu,gemm,512,iso,109,8807600,9126600
P3,sycl,dpcpp-ocl-jit-usm,cpu,gemm,512,iso,110,8826400,9313900
P3,sycl,dpcpp-ocl-jit-usm,cpu,gemm,512,iso,111,8705800,9077000
P3,sycl,dpcpp-ocl-jit-usm,cpu,gemm,512,iso,112,8675200,9167500
P3,sycl,dpcpp-ocl-jit-usm,cpu,gemm,512,iso,113,8865000,9053700
P3,sycl,dpcpp-ocl-jit-usm,cpu,gemm,512,iso,114,8790200,9106400
P3,sycl,dpcpp-ocl-jit-usm,cpu,gemm,512,iso,115,8770900,9011700
P3,sycl,dpcpp-ocl-jit-usm,cpu,gemm,512,iso,116,8697100,8843400
P3,sycl,dpcpp-ocl-jit-usm,cpu,gemm,512,iso,117,8812200,8971900
P3,sycl,dpcpp-ocl-jit-usm,cpu,gemm,512,iso,118,8868300,9003500
P3,sycl,dpcpp-ocl-jit-usm,cpu,gemm,512,iso,119,8779400,9142600
P3,sycl,dpcpp-ocl-jit-usm,cpu,gemm,512,iso,120,8840100,8873900
P3,sycl,dpcpp-ocl-jit-usm,cpu,gemm,512,iso,121,8657700,9017100
P3,sycl,dpcpp-ocl-jit-usm,cpu,gemm,512,iso,122,8837400,8967100
P3,sycl,dpcpp-ocl-jit-usm,cpu,gemm,512,iso,123,8776900,9004300
P3,sycl,dpcpp-ocl-jit-usm,cpu,gemm,512,iso,124,8784800,9036000
P3,sycl,dpcpp-ocl-jit-usm,cpu,gemm,512,iso,125,9098700,8872000
P3,sycl,dpcpp-ocl-jit-usm,cpu,gemm,512,iso,126,8880900,8995200
P3,sycl,dpcpp-ocl-jit-usm,cpu,gemm,512,iso,127,8755500,8984200
P3,sycl,dpcpp-ocl-jit-usm,cpu,gemm,512,iso,128,8787500,9026200
P3,sycl,dpcpp-ocl-jit-usm,cpu,gemm,512,iso,129,8748500,8852500
P3,sycl,dpcpp-ocl-jit-usm,cpu,gemm,512,iso,130,8642700,9016100
P3,sycl,dpcpp-ocl-jit-usm,cpu,gemm,512,iso,131,8760700,8985900
P3,sycl,dpcpp-ocl-jit-usm,cpu,gemm,512,iso,132,8778000,8964300
P3,sycl,dpcpp-ocl-jit-usm,cpu,gemm,512,iso,133,8799800,9004800
P3,sycl,dpcpp-ocl-jit-usm,cpu,gemm,512,iso,134,8720700,8833200
P3,sycl,dpcpp-ocl-jit-usm,cpu,gemm,512,iso,135,9070500,9015600
P3,sycl,dpcpp-ocl-jit-usm,cpu,gemm,512,iso,136,8799500,9044000
P3,sycl,dpcpp-ocl-jit-usm,cpu,gemm,512,iso,137,8797200,9065200
P3,sycl,dpcpp-ocl-jit-usm,cpu,gemm,512,iso,138,8764800,8961100
P3,sycl,dpcpp-ocl-jit-usm,cpu,gemm,512,iso,139,8615100,9015800
P3,sycl,dpcpp-ocl-jit-usm,cpu,gemm,512,iso,140,8781700,9102200
P3,sycl,dpcpp-ocl-jit-usm,cpu,gemm,512,iso,141,8796200,9106400
P3,sycl,dpcpp-ocl-jit-usm,cpu,gemm,512,iso,142,8818600,8985400
P3,sycl,dpcpp-ocl-jit-usm,cpu,gemm,512,iso,143,8638500,8865900
P3,sycl,dpcpp-ocl-jit-usm,cpu,gemm,512,iso,144,8872800,9109300
P3,sycl,dpcpp-ocl-jit-usm,cpu,gemm,512,iso,145,8769200,9072200
P3,sycl,dpcpp-ocl-jit-usm,cpu,gemm,512,iso,146,8882600,9066200
P3,sycl,dpcpp-ocl-jit-usm,cpu,gemm,512,iso,147,8659500,8950600
P3,sycl,dpcpp-ocl-jit-usm,cpu,gemm,512,iso,148,8521900,9003500
P3,sycl,dpcpp-ocl-jit-usm,cpu,gemm,512,iso,149,8680400,8999500
P3,sycl,dpcpp-ocl-jit-usm,cpu,gemm,512,iso,150,8842000,8938400
P3,sycl,dpcpp-ocl-jit-usm,cpu,gemm,512,iso,151,8667400,8913300
P3,sycl,dpcpp-ocl-jit-usm,cpu,gemm,512,iso,152,8656100,8853600
P3,sycl,dpcpp-ocl-jit-usm,cpu,gemm,512,iso,153,8685900,9007800
P3,sycl,dpcpp-ocl-jit-usm,cpu,gemm,512,iso,154,8879600,8931600
P3,sycl,dpcpp-ocl-jit-usm,cpu,gemm,512,iso,155,8673500,9034800
P3,sycl,dpcpp-ocl-jit-usm,cpu,gemm,512,iso,156,8663300,8734700
P3,sycl,dpcpp-ocl-jit-usm,cpu,gemm,512,iso,157,8670200,8865500
P3,sycl,dpcpp-ocl-jit-usm,cpu,gemm,512,iso,158,8846800,8931600
P3,sycl,dpcpp-ocl-jit-usm,cpu,gemm,512,iso,159,8649000,9034400
P3,sycl,dpcpp-ocl-jit-usm,cpu,gemm,512,iso,160,8794100,9092300
P3,sycl,dpcpp-ocl-jit-usm,cpu,gemm,512,iso,161,8544100,8884200
P3,sycl,dpcpp-ocl-jit-usm,cpu,gemm,512,iso,162,8675300,9105800
P3,sycl,dpcpp-ocl-jit-usm,cpu,gemm,512,iso,163,8726100,8915200
P3,sycl,dpcpp-ocl-jit-usm,cpu,gemm,512,iso,164,8826500,9552800
P3,sycl,dpcpp-ocl-jit-usm,cpu,gemm,512,iso,165,8604900,8716600
P3,sycl,dpcpp-ocl-jit-usm,cpu,gemm,512,iso,166,8539700,9048000
P3,sycl,dpcpp-ocl-jit-usm,cpu,gemm,512,iso,167,8686200,8852100
P3,sycl,dpcpp-ocl-jit-usm,cpu,gemm,512,iso,168,8856000,8937100
P3,sycl,dpcpp-ocl-jit-usm,cpu,gemm,512,iso,169,8640500,8736800
P3,sycl,dpcpp-ocl-jit-usm,cpu,gemm,512,iso,170,8905600,8941900
P3,sycl,dpcpp-ocl-jit-usm,cpu,gemm,512,iso,171,8844800,9139500
P3,sycl,dpcpp-ocl-jit-usm,cpu,gemm,512,iso,172,8727200,9066700
P3,sycl,dpcpp-ocl-jit-usm,cpu,gemm,512,iso,173,8806200,8941900
P3,sycl,dpcpp-ocl-jit-usm,cpu,gemm,512,iso,174,8797100,9130700
P3,sycl,dpcpp-ocl-jit-usm,cpu,gemm,512,iso,175,8751500,9027300
P3,sycl,dpcpp-ocl-jit-usm,cpu,gemm,512,iso,176,8706300,9012000
P3,sycl,dpcpp-ocl-jit-usm,cpu,gemm,512,iso,177,8735500,9026800
P3,sycl,dpcpp-ocl-jit-usm,cpu,gemm,512,iso,178,8800300,8761600
P3,sycl,dpcpp-ocl-jit-usm,cpu,gemm,512,iso,179,8833200,9071500
P3,sycl,dpcpp-ocl-jit-usm,cpu,gemm,512,iso,180,8795800,9040600
P3,sycl,dpcpp-ocl-jit-usm,cpu,gemm,512,iso,181,8870100,9003600
P3,sycl,dpcpp-ocl-jit-usm,cpu,gemm,512,iso,182,8768000,8912400
P3,sycl,dpcpp-ocl-jit-usm,cpu,gemm,512,iso,183,8540900,9072900
P3,sycl,dpcpp-ocl-jit-usm,cpu,gemm,512,iso,184,8716700,8871200
P3,sycl,dpcpp-ocl-jit-usm,cpu,gemm,512,iso,185,8868700,8934900
P3,sycl,dpcpp-ocl-jit-usm,cpu,gemm,512,iso,186,8751100,8888200
P3,sycl,dpcpp-ocl-jit-usm,cpu,gemm,512,iso,187,8810800,8721500
P3,sycl,dpcpp-ocl-jit-usm,cpu,gemm,512,iso,188,8695900,8858000
P3,sycl,dpcpp-ocl-jit-usm,cpu,gemm,512,iso,189,8784800,8890200
P3,sycl,dpcpp-ocl-jit-usm,cpu,gemm,512,iso,190,8739600,8956300
P3,sycl,dpcpp-ocl-jit-usm,cpu,gemm,512,iso,191,8671800,8845200
P3,sycl,dpcpp-ocl-jit-usm,cpu,gemm,512,iso,192,8654200,8975000
P3,sycl,dpcpp-ocl-jit-usm,cpu,gemm,512,iso,193,8669300,8870300
P3,sycl,dpcpp-ocl-jit-usm,cpu,gemm,512,iso,194,8672600,8993300
P3,sycl,dpcpp-ocl-jit-usm,cpu,gemm,512,iso,195,8748300,8740900
P3,sycl,dpcpp-ocl-jit-usm,cpu,gemm,512,iso,196,8675500,8956600
P3,sycl,dpcpp-ocl-jit-usm,cpu,gemm,512,iso,197,8820000,8989500
P3,sycl,dpcpp-ocl-jit-usm,cpu,gemm,512,iso,198,8792000,8968100
P3,sycl,dpcpp-ocl-jit-usm,cpu,gemm,512,iso,199,8767700,8851100
P3,sycl,dpcpp-ocl-jit-usm,cpu,gemm,512,iso,200,8648400,8993100
P3,sycl,dpcpp-ocl-jit-usm,cpu,gemm,512,iso,201,8725400,9036200
P3,sycl,dpcpp-ocl-jit-usm,cpu,gemm,512,iso,202,8777600,9036600
P3,sycl,dpcpp-ocl-jit-usm,cpu,gemm,512,iso,203,8763800,8960600
P3,sycl,dpcpp-ocl-jit-usm,cpu,gemm,512,iso,204,8732700,8830100
P3,sycl,dpcpp-ocl-jit-usm,cpu,gemm,512,iso,205,8781900,8955100
P3,sycl,dpcpp-ocl-jit-usm,cpu,gemm,512,iso,206,8807800,8992800
P3,sycl,dpcpp-ocl-jit-usm,cpu,gemm,512,iso,207,8754100,8933100
P3,sycl,dpcpp-ocl-jit-usm,cpu,gemm,512,iso,208,8697600,8819200
P3,sycl,dpcpp-ocl-jit-usm,cpu,gemm,512,iso,209,8751500,8960500
P3,sycl,dpcpp-ocl-jit-usm,cpu,gemm,512,iso,210,8771000,9015400
P3,sycl,dpcpp-ocl-jit-usm,cpu,gemm,512,iso,211,8749400,8942100
P3,sycl,dpcpp-ocl-jit-usm,cpu,gemm,512,iso,212,8772000,8857100
P3,sycl,dpcpp-ocl-jit-usm,cpu,gemm,512,iso,213,8602300,8963000
P3,sycl,dpcpp-ocl-jit-usm,cpu,gemm,512,iso,214,8772300,8962000
P3,sycl,dpcpp-ocl-jit-usm,cpu,gemm,512,iso,215,8809900,9160500
P3,sycl,dpcpp-ocl-jit-usm,cpu,gemm,512,iso,216,8773800,8992500
P3,sycl,dpcpp-ocl-jit-usm,cpu,gemm,512,iso,217,8642100,8785500
P3,sycl,dpcpp-ocl-jit-usm,cpu,gemm,512,iso,218,8747900,8932200
P3,sycl,dpcpp-ocl-jit-usm,cpu,gemm,512,iso,219,8928000,9002200
P3,sycl,dpcpp-ocl-jit-usm,cpu,gemm,512,iso,220,8838500,8947500
P3,sycl,dpcpp-ocl-jit-usm,cpu,gemm,512,iso,221,9098200,8737300
P3,sycl,dpcpp-ocl-jit-usm,cpu,gemm,512,iso,222,8623000,8894800
P3,sycl,dpcpp-ocl-jit-usm,cpu,gemm,512,iso,223,8835900,8955800
P3,sycl,dpcpp-ocl-jit-usm,cpu,gemm,512,iso,224,8783300,8970500
P3,sycl,dpcpp-ocl-jit-usm,cpu,gemm,512,iso,225,8835400,8864400
P3,sycl,dpcpp-ocl-jit-usm,cpu,gemm,512,iso,226,8609000,8933100
P3,sycl,dpcpp-ocl-jit-usm,cpu,gemm,512,iso,227,8768200,8954100
P3,sycl,dpcpp-ocl-jit-usm,cpu,gemm,512,iso,228,8801400,8970600
P3,sycl,dpcpp-ocl-jit-usm,cpu,gemm,512,iso,229,8759300,8951700
P3,sycl,dpcpp-ocl-jit-usm,cpu,gemm,512,iso,230,8660600,8878400
P3,sycl,dpcpp-ocl-jit-usm,cpu,gemm,512,iso,231,8831800,8996500
P3,sycl,dpcpp-ocl-jit-usm,cpu,gemm,512,iso,232,8773900,8932800
P3,sycl,dpcpp-ocl-jit-usm,cpu,gemm,512,iso,233,8838900,8983100
P3,sycl,dpcpp-ocl-jit-usm,cpu,gemm,512,iso,234,8776000,9004400
P3,sycl,dpcpp-ocl-jit-usm,cpu,gemm,512,iso,235,8664100,8978700
P3,sycl,dpcpp-ocl-jit-usm,cpu,gemm,512,iso,236,8833600,8979300
P3,sycl,dpcpp-ocl-jit-usm,cpu,gemm,512,iso,237,8774900,9005300
P3,sycl,dpcpp-ocl-jit-usm,cpu,gemm,512,iso,238,8942600,8976200
P3,sycl,dpcpp-ocl-jit-usm,cpu,gemm,512,iso,239,8679800,8829100
P3,sycl,dpcpp-ocl-jit-usm,cpu,gemm,512,iso,240,8797500,8990700
P3,sycl,dpcpp-ocl-jit-usm,cpu,gemm,512,iso,241,8770700,8984300
P3,sycl,dpcpp-ocl-jit-usm,cpu,gemm,512,iso,242,8824300,8950200
P3,sycl,dpcpp-ocl-jit-usm,cpu,gemm,512,iso,243,8650500,8999600
P3,sycl,dpcpp-ocl-jit-usm,cpu,gemm,512,iso,244,8681200,9021400
P3,sycl,dpcpp-ocl-jit-usm,cpu,gemm,512,iso,245,8759500,9004300
P3,sycl,dpcpp-ocl-jit-usm,cpu,gemm,512,iso,246,8765000,9036600
P3,sycl,dpcpp-ocl-jit-usm,cpu,gemm,512,iso,247,8772600,8928400
P3,sycl,dpcpp-ocl-jit-usm,cpu,gemm,512,iso,248,8621100,8924200
P3,sycl,dpcpp-ocl-jit-usm,cpu,gemm,512,iso,249,8745700,8989300
P3,sycl,dpcpp-ocl-jit-usm,cpu,gemm,512,iso,250,8790500,9000500
P3,sycl,dpcpp-ocl-jit-usm,cpu,gemm,512,iso,251,8884200,9033100
P3,sycl,dpcpp-ocl-jit-usm,cpu,gemm,512,iso,252,8664900,8849300
P3,sycl,dpcpp-ocl-jit-usm,cpu,gemm,512,iso,253,8758500,8969500
P3,sycl,dpcpp-ocl-jit-usm,cpu,gemm,512,iso,254,8769000,8963200
P3,sycl,dpcpp-ocl-jit-usm,cpu,gemm,512,iso,255,8746100,9008200
P3,sycl,dpcpp-ocl-jit-usm,cpu,gemm,512,iso,256,8791100,8931400
P3,sycl,dpcpp-ocl-jit-usm,cpu,gemm,512,iso,257,8694100,8975700
P3,sycl,dpcpp-ocl-jit-usm,cpu,gemm,512,iso,258,8804400,9022200
P3,sycl,dpcpp-ocl-jit-usm,cpu,gemm,512,iso,259,8917600,9092100
P3,sycl,dpcpp-ocl-jit-usm,cpu,gemm,512,iso,260,8873800,8985600
P3,sycl,dpcpp-ocl-jit-usm,cpu,gemm,512,iso,261,8667500,8824300
P3,sycl,dpcpp-ocl-jit-usm,cpu,gemm,512,iso,262,8763000,8952000
P3,sycl,dpcpp-ocl-jit-usm,cpu,gemm,512,iso,263,8759500,8938000
P3,sycl,dpcpp-ocl-jit-usm,cpu,gemm,512,iso,264,8779200,8986300
P3,sycl,dpcpp-ocl-jit-usm,cpu,gemm,512,iso,265,8806700,8867500
P3,sycl,dpcpp-ocl-jit-usm,cpu,gemm,512,iso,266,8646400,8961400
P3,sycl,dpcpp-ocl-jit-usm,cpu,gemm,512,iso,267,8755700,8986000
P3,sycl,dpcpp-ocl-jit-usm,cpu,gemm,512,iso,268,8771100,8970000
P3,sycl,dpcpp-ocl-jit-usm,cpu,gemm,512,iso,269,8804900,8857700
P3,sycl,dpcpp-ocl-jit-usm,cpu,gemm,512,iso,270,8680400,9021900
P3,sycl,dpcpp-ocl-jit-usm,cpu,gemm,512,iso,271,8780900,8984400
P3,sycl,dpcpp-ocl-jit-usm,cpu,gemm,512,iso,272,8823700,8981200
P3,sycl,dpcpp-ocl-jit-usm,cpu,gemm,512,iso,273,8764500,8980600
P3,sycl,dpcpp-ocl-jit-usm,cpu,gemm,512,iso,274,8752500,8870200
P3,sycl,dpcpp-ocl-jit-usm,cpu,gemm,512,iso,275,8781000,9012700
P3,sycl,dpcpp-ocl-jit-usm,cpu,gemm,512,iso,276,8864600,8960300
P3,sycl,dpcpp-ocl-jit-usm,cpu,gemm,512,iso,277,8746400,9010300
P3,sycl,dpcpp-ocl-jit-usm,cpu,gemm,512,iso,278,9383800,8782600
P3,sycl,dpcpp-ocl-jit-usm,cpu,gemm,512,iso,279,8648900,8985400
P3,sycl,dpcpp-ocl-jit-usm,cpu,gemm,512,iso,280,8773500,8978900
P3,sycl,dpcpp-ocl-jit-usm,cpu,gemm,512,iso,281,8833600,8946300
P3,sycl,dpcpp-ocl-jit-usm,cpu,gemm,512,iso,282,8761900,9020300
P3,sycl,dpcpp-ocl-jit-usm,cpu,gemm,512,iso,283,8770000,8825900
P3,sycl,dpcpp-ocl-jit-usm,cpu,gemm,512,iso,284,8793700,8991800
P3,sycl,dpcpp-ocl-jit-usm,cpu,gemm,512,iso,285,8820400,8972600
P3,sycl,dpcpp-ocl-jit-usm,cpu,gemm,512,iso,286,8754600,9019100
P3,sycl,dpcpp-ocl-jit-usm,cpu,gemm,512,iso,287,8819700,8950000
P3,sycl,dpcpp-ocl-jit-usm,cpu,gemm,512,iso,288,8667200,8955800
P3,sycl,dpcpp-ocl-jit-usm,cpu,gemm,512,iso,289,8752500,8961600
P3,sycl,dpcpp-ocl-jit-usm,cpu,gemm,512,iso,290,8769100,8980700
P3,sycl,dpcpp-ocl-jit-usm,cpu,gemm,512,iso,291,9021500,8993900
P3,sycl,dpcpp-ocl-jit-usm,cpu,gemm,512,iso,292,8732800,8806200
P3,sycl,dpcpp-ocl-jit-usm,cpu,gemm,512,iso,293,8779600,8971300
P3,sycl,dpcpp-ocl-jit-usm,cpu,gemm,512,iso,294,8778600,9054200
P3,sycl,dpcpp-ocl-jit-usm,cpu,gemm,512,iso,295,8769000,9109200
P3,sycl,dpcpp-ocl-jit-usm,cpu,gemm,512,iso,296,8960100,8879300
P3,sycl,dpcpp-ocl-jit-usm,cpu,gemm,512,iso,297,8629200,9120000
P3,sycl,dpcpp-ocl-jit-usm,cpu,gemm,512,iso,298,8768800,9001500
P3,sycl,dpcpp-ocl-jit-usm,cpu,gemm,512,iso,299,8747100,8970100
P3,sycl,dpcpp-ocl-jitprecise-usm,cpu,gemm,512,iso,0,8831600,9028100
P3,sycl,dpcpp-ocl-jitprecise-usm,cpu,gemm,512,iso,1,8694200,9038300
P3,sycl,dpcpp-ocl-jitprecise-usm,cpu,gemm,512,iso,2,8864000,9090500
P3,sycl,dpcpp-ocl-jitprecise-usm,cpu,gemm,512,iso,3,8855700,9069200
P3,sycl,dpcpp-ocl-jitprecise-usm,cpu,gemm,512,iso,4,8867200,9058800
P3,sycl,dpcpp-ocl-jitprecise-usm,cpu,gemm,512,iso,5,8740900,8856900
P3,sycl,dpcpp-ocl-jitprecise-usm,cpu,gemm,512,iso,6,8795900,9110200
P3,sycl,dpcpp-ocl-jitprecise-usm,cpu,gemm,512,iso,7,8920000,9050900
P3,sycl,dpcpp-ocl-jitprecise-usm,cpu,gemm,512,iso,8,8829500,9109200
P3,sycl,dpcpp-ocl-jitprecise-usm,cpu,gemm,512,iso,9,8831400,9034000
P3,sycl,dpcpp-ocl-jitprecise-usm,cpu,gemm,512,iso,10,8699400,8888700
P3,sycl,dpcpp-ocl-jitprecise-usm,cpu,gemm,512,iso,11,8840000,9002700
P3,sycl,dpcpp-ocl-jitprecise-usm,cpu,gemm,512,iso,12,8801300,9025700
P3,sycl,dpcpp-ocl-jitprecise-usm,cpu,gemm,512,iso,13,8846100,9025100
P3,sycl,dpcpp-ocl-jitprecise-usm,cpu,gemm,512,iso,14,8824300,8944900
P3,sycl,dpcpp-ocl-jitprecise-usm,cpu,gemm,512,iso,15,8659400,9005100
P3,sycl,dpcpp-ocl-jitprecise-usm,cpu,gemm,512,iso,16,8806000,9008900
P3,sycl,dpcpp-ocl-jitprecise-usm,cpu,gemm,512,iso,17,8802200,9053900
P3,sycl,dpcpp-ocl-jitprecise-usm,cpu,gemm,512,iso,18,8841800,9038800
P3,sycl,dpcpp-ocl-jitprecise-usm,cpu,gemm,512,iso,19,8743600,8909500
P3,sycl,dpcpp-ocl-jitprecise-usm,cpu,gemm,512,iso,20,8842400,9057900
P3,sycl,dpcpp-ocl-jitprecise-usm,cpu,gemm,512,iso,21,8834400,9120400
P3,sycl,dpcpp-ocl-jitprecise-usm,cpu,gemm,512,iso,22,9042000,9276800
P3,sycl,dpcpp-ocl-jitprecise-usm,cpu,gemm,512,iso,23,8963000,9019000
P3,sycl,dpcpp-ocl-jitprecise-usm,cpu,gemm,512,iso,24,8838900,8940100
P3,sycl,dpcpp-ocl-jitprecise-usm,cpu,gemm,512,iso,25,8811900,9083900
P3,sycl,dpcpp-ocl-jitprecise-usm,cpu,gemm,512,iso,26,8803600,9595200
P3,sycl,dpcpp-ocl-jitprecise-usm,cpu,gemm,512,iso,27,8884000,9020000
P3,sycl,dpcpp-ocl-jitprecise-usm,cpu,gemm,512,iso,28,8697500,9294100
P3,sycl,dpcpp-ocl-jitprecise-usm,cpu,gemm,512,iso,29,8713100,8903700
P3,sycl,dpcpp-ocl-jitprecise-usm,cpu,gemm,512,iso,30,8861100,9189900
P3,sycl,dpcpp-ocl-jitprecise-usm,cpu,gemm,512,iso,31,8871100,9070900
P3,sycl,dpcpp-ocl-jitprecise-usm,cpu,gemm,512,iso,32,8833800,9066200
P3,sycl,dpcpp-ocl-jitprecise-usm,cpu,gemm,512,iso,33,8960800,9074800
P3,sycl,dpcpp-ocl-jitprecise-usm,cpu,gemm,512,iso,34,8708100,9203000
P3,sycl,dpcpp-ocl-jitprecise-usm,cpu,gemm,512,iso,35,8863900,9134400
P3,sycl,dpcpp-ocl-jitprecise-usm,cpu,gemm,512,iso,36,8799900,9065700
P3,sycl,dpcpp-ocl-jitprecise-usm,cpu,gemm,512,iso,37,8838500,9111400
P3,sycl,dpcpp-ocl-jitprecise-usm,cpu,gemm,512,iso,38,8818900,8996700
P3,sycl,dpcpp-ocl-jitprecise-usm,cpu,gemm,512,iso,39,8672500,9169800
P3,sycl,dpcpp-ocl-jitprecise-usm,cpu,gemm,512,iso,40,8855700,9071100
P3,sycl,dpcpp-ocl-jitprecise-usm,cpu,gemm,512,iso,41,8836400,9053500
P3,sycl,dpcpp-ocl-jitprecise-usm,cpu,gemm,512,iso,42,8869000,9080700
P3,sycl,dpcpp-ocl-jitprecise-usm,cpu,gemm,512,iso,43,8720200,8896200
P3,sycl,dpcpp-ocl-jitprecise-usm,cpu,gemm,512,iso,44,8836000,9214900
P3,sycl,dpcpp-ocl-jitprecise-usm,cpu,gemm,512,iso,45,8899600,9117500
P3,sycl,dpcpp-ocl-jitprecise-usm,cpu,gemm,512,iso,46,8833700,9133100
P3,sycl,dpcpp-ocl-jitprecise-usm,cpu,gemm,512,iso,47,8823200,9041100
P3,sycl,dpcpp-ocl-jitprecise-usm,cpu,gemm,512,iso,48,8756500,8971800
P3,sycl,dpcpp-ocl-jitprecise-usm,cpu,gemm,512,iso,49,8885100,9092600
P3,sycl,dpcpp-ocl-jitprecise-usm,cpu,gemm,512,iso,50,8832500,9095200
P3,sycl,dpcpp-ocl-jitprecise-usm,cpu,gemm,512,iso,51,8827200,9137900
P3,sycl,dpcpp-ocl-jitprecise-usm,cpu,gemm,512,iso,52,8813200,8980800
P3,sycl,dpcpp-ocl-jitprecise-usm,cpu,gemm,512,iso,53,8713700,9067300
P3,sycl,dpcpp-ocl-jitprecise-usm,cpu,gemm,512,iso,54,8852100,9150800
P3,sycl,dpcpp-ocl-jitprecise-usm,cpu,gemm,512,iso,55,8812800,9053700
P3,sycl,dpcpp-ocl-jitprecise-usm,cpu,gemm,512,iso,56,8849700,9127100
P3,sycl,dpcpp-ocl-jitprecise-usm,cpu,gemm,512,iso,57,8811200,8937500
P3,sycl,dpcpp-ocl-jitprecise-usm,cpu,gemm,512,iso,58,8724000,9037000
P3,sycl,dpcpp-ocl-jitprecise-usm,cpu,gemm,512,iso,59,8820800,9045300
P3,sycl,dpcpp-ocl-jitprecise-usm,cpu,gemm,512,iso,60,8839900,9030000
P3,sycl,dpcpp-ocl-jitprecise-usm,cpu,gemm,512,iso,61,8814000,9031000
P3,sycl,dpcpp-ocl-jitprecise-usm,cpu,gemm,512,iso,62,8737900,9079000
P3,sycl,dpcpp-ocl-jitprecise-usm,cpu,gemm,512,iso,63,8830600,9047200
P3,sycl,dpcpp-ocl-jitprecise-usm,cpu,gemm,512,iso,64,8836000,9087200
P3,sycl,dpcpp-ocl-jitprecise-usm,cpu,gemm,512,iso,65,8833100,9038800
P3,sycl,dpcpp-ocl-jitprecise-usm,cpu,gemm,512,iso,66,8839500,9005300
P3,sycl,dpcpp-ocl-jitprecise-usm,cpu,gemm,512,iso,67,8688800,9032600
P3,sycl,dpcpp-ocl-jitprecise-usm,cpu,gemm,512,iso,68,8832300,9057500
P3,sycl,dpcpp-ocl-jitprecise-usm,cpu,gemm,512,iso,69,8828200,9025200
P3,sycl,dpcpp-ocl-jitprecise-usm,cpu,gemm,512,iso,70,8832900,9052300
P3,sycl,dpcpp-ocl-jitprecise-usm,cpu,gemm,512,iso,71,8855000,8938000
P3,sycl,dpcpp-ocl-jitprecise-usm,cpu,gemm,512,iso,72,8687200,9060500
P3,sycl,dpcpp-ocl-jitprecise-usm,cpu,gemm,512,iso,73,8849600,9042500
P3,sycl,dpcpp-ocl-jitprecise-usm,cpu,gemm,512,iso,74,8822200,9059500
P3,sycl,dpcpp-ocl-jitprecise-usm,cpu,gemm,512,iso,75,8809400,9063900
P3,sycl,dpcpp-ocl-jitprecise-usm,cpu,gemm,512,iso,76,8698400,8900000
P3,sycl,dpcpp-ocl-jitprecise-usm,cpu,gemm,512,iso,77,8828600,9041000
P3,sycl,dpcpp-ocl-jitprecise-usm,cpu,gemm,512,iso,78,8844700,9082100
P3,sycl,dpcpp-ocl-jitprecise-usm,cpu,gemm,512,iso,79,8930800,9005600
P3,sycl,dpcpp-ocl-jitprecise-usm,cpu,gemm,512,iso,80,8972900,8978100
P3,sycl,dpcpp-ocl-jitprecise-usm,cpu,gemm,512,iso,81,8694900,9033200
P3,sycl,dpcpp-ocl-jitprecise-usm,cpu,gemm,512,iso,82,8826400,9140000
P3,sycl,dpcpp-ocl-jitprecise-usm,cpu,gemm,512,iso,83,9403200,9058100
P3,sycl,dpcpp-ocl-jitprecise-usm,cpu,gemm,512,iso,84,8707600,9363100
P3,sycl,dpcpp-ocl-jitprecise-usm,cpu,gemm,512,iso,85,8857800,8938900
P3,sycl,dpcpp-ocl-jitprecise-usm,cpu,gemm,512,iso,86,8683200,9039300
P3,sycl,dpcpp-ocl-jitprecise-usm,cpu,gemm,512,iso,87,8812900,9042600
P3,sycl,dpcpp-ocl-jitprecise-usm,cpu,gemm,512,iso,88,8829700,9074400
P3,sycl,dpcpp-ocl-jitprecise-usm,cpu,gemm,512,iso,89,8865600,9021400
P3,sycl,dpcpp-ocl-jitprecise-usm,cpu,gemm,512,iso,90,8740600,9134500
P3,sycl,dpcpp-ocl-jitprecise-usm,cpu,gemm,512,iso,91,8681500,9052600
P3,sycl,dpcpp-ocl-jitprecise-usm,cpu,gemm,512,iso,92,8838100,9025100
P3,sycl,dpcpp-ocl-jitprecise-usm,cpu,gemm,512,iso,93,8828800,9044000
P3,sycl,dpcpp-ocl-jitprecise-usm,cpu,gemm,512,iso,94,8867600,9070900
P3,sycl,dpcpp-ocl-jitprecise-usm,cpu,gemm,512,iso,95,8724700,8872900
P3,sycl,dpcpp-ocl-jitprecise-usm,cpu,gemm,512,iso,96,8906200,9127900
P3,sycl,dpcpp-ocl-jitprecise-usm,cpu,gemm,512,iso,97,8855600,9049000
P3,sycl,dpcpp-ocl-jitprecise-usm,cpu,gemm,512,iso,98,8866100,9116100
P3,sycl,dpcpp-ocl-jitprecise-usm,cpu,gemm,512,iso,99,8853000,8952300
P3,sycl,dpcpp-ocl-jitprecise-usm,cpu,gemm,512,iso,100,8686900,9095900
P3,sycl,dpcpp-ocl-jitprecise-usm,cpu,gemm,512,iso,101,8875800,9065600
P3,sycl,dpcpp-ocl-jitprecise-usm,cpu,gemm,512,iso,102,8818000,9118100
P3,sycl,dpcpp-ocl-jitprecise-usm,cpu,gemm,512,iso,103,8805300,9062300
P3,sycl,dpcpp-ocl-jitprecise-usm,cpu,gemm,512,iso,104,8722400,9053200
P3,sycl,dpcpp-ocl-jitprecise-usm,cpu,gemm,512,iso,105,8647000,9028900
P3,sycl,dpcpp-ocl-jitprecise-usm,cpu,gemm,512,iso,106,8819900,9048600
P3,sycl,dpcpp-ocl-jitprecise-usm,cpu,gemm,512,iso,107,8922800,9034100
P3,sycl,dpcpp-ocl-jitprecise-usm,cpu,gemm,512,iso,108,8830100,9034500
P3,sycl,dpcpp-ocl-jitprecise-usm,cpu,gemm,512,iso,109,8733200,8892300
P3,sycl,dpcpp-ocl-jitprecise-usm,cpu,gemm,512,iso,110,8833300,9119700
P3,sycl,dpcpp-ocl-jitprecise-usm,cpu,gemm,512,iso,111,8831500,9046500
P3,sycl,dpcpp-ocl-jitprecise-usm,cpu,gemm,512,iso,112,8829200,9040700
P3,sycl,dpcpp-ocl-jitprecise-usm,cpu,gemm,512,iso,113,8884500,8918600
P3,sycl,dpcpp-ocl-jitprecise-usm,cpu,gemm,512,iso,114,8683900,9029800
P3,sycl,dpcpp-ocl-jitprecise-usm,cpu,gemm,512,iso,115,8818600,9024500
P3,sycl,dpcpp-ocl-jitprecise-usm,cpu,gemm,512,iso,116,8885200,9076600
P3,sycl,dpcpp-ocl-jitprecise-usm,cpu,gemm,512,iso,117,8814800,9042500
P3,sycl,dpcpp-ocl-jitprecise-usm,cpu,gemm,512,iso,118,8720500,9057600
P3,sycl,dpcpp-ocl-jitprecise-usm,cpu,gemm,512,iso,119,8730600,9053000
P3,sycl,dpcpp-ocl-jitprecise-usm,cpu,gemm,512,iso,120,8724400,8930200
P3,sycl,dpcpp-ocl-jitprecise-usm,cpu,gemm,512,iso,121,8724600,9016300
P3,sycl,dpcpp-ocl-jitprecise-usm,cpu,gemm,512,iso,122,8754000,8934900
P3,sycl,dpcpp-ocl-jitprecise-usm,cpu,gemm,512,iso,123,8589700,9018800
P3,sycl,dpcpp-ocl-jitprecise-usm,cpu,gemm,512,iso,124,8716800,8942300
P3,sycl,dpcpp-ocl-jitprecise-usm,cpu,gemm,512,iso,125,8849700,8916900
P3,sycl,dpcpp-ocl-jitprecise-usm,cpu,gemm,512,iso,126,8724900,8927600
P3,sycl,dpcpp-ocl-jitprecise-usm,cpu,gemm,512,iso,127,8727600,8887600
P3,sycl,dpcpp-ocl-jitprecise-usm,cpu,gemm,512,iso,128,8729600,8950800
P3,sycl,dpcpp-ocl-jitprecise-usm,cpu,gemm,512,iso,129,8805700,8917900
P3,sycl,dpcpp-ocl-jitprecise-usm,cpu,gemm,512,iso,130,8717500,9010800
P3,sycl,dpcpp-ocl-jitprecise-usm,cpu,gemm,512,iso,131,8708600,8739700
P3,sycl,dpcpp-ocl-jitprecise-usm,cpu,gemm,512,iso,132,8696900,8908000
P3,sycl,dpcpp-ocl-jitprecise-usm,cpu,gemm,512,iso,133,8809900,8896400
P3,sycl,dpcpp-ocl-jitprecise-usm,cpu,gemm,512,iso,134,8714000,9043000
P3,sycl,dpcpp-ocl-jitprecise-usm,cpu,gemm,512,iso,135,8799100,8905700
P3,sycl,dpcpp-ocl-jitprecise-usm,cpu,gemm,512,iso,136,8573100,8993300
P3,sycl,dpcpp-ocl-jitprecise-usm,cpu,gemm,512,iso,137,8720500,8923700
P3,sycl,dpcpp-ocl-jitprecise-usm,cpu,gemm,512,iso,138,8726800,9028000
P3,sycl,dpcpp-ocl-jitprecise-usm,cpu,gemm,512,iso,139,8794200,9268700
P3,sycl,dpcpp-ocl-jitprecise-usm,cpu,gemm,512,iso,140,8601200,9030500
P3,sycl,dpcpp-ocl-jitprecise-usm,cpu,gemm,512,iso,141,8767000,8965100
P3,sycl,dpcpp-ocl-jitprecise-usm,cpu,gemm,512,iso,142,8903000,8968900
P3,sycl,dpcpp-ocl-jitprecise-usm,cpu,gemm,512,iso,143,8792100,8927700
P3,sycl,dpcpp-ocl-jitprecise-usm,cpu,gemm,512,iso,144,8697200,9093800
P3,sycl,dpcpp-ocl-jitprecise-usm,cpu,gemm,512,iso,145,8553200,9013400
P3,sycl,dpcpp-ocl-jitprecise-usm,cpu,gemm,512,iso,146,8807700,9104300
P3,sycl,dpcpp-ocl-jitprecise-usm,cpu,gemm,512,iso,147,8716900,9012400
P3,sycl,dpcpp-ocl-jitprecise-usm,cpu,gemm,512,iso,148,8870900,8926100
P3,sycl,dpcpp-ocl-jitprecise-usm,cpu,gemm,512,iso,149,8588200,8912700
P3,sycl,dpcpp-ocl-jitprecise-usm,cpu,gemm,512,iso,150,8815700,8945800
P3,sycl,dpcpp-ocl-jitprecise-usm,cpu,gemm,512,iso,151,8864100,9040700
P3,sycl,dpcpp-ocl-jitprecise-usm,cpu,gemm,512,iso,152,8722900,9190700
P3,sycl,dpcpp-ocl-jitprecise-usm,cpu,gemm,512,iso,153,8739300,9079700
P3,sycl,dpcpp-ocl-jitprecise-usm,cpu,gemm,512,iso,154,8607200,8939700
P3,sycl,dpcpp-ocl-jitprecise-usm,cpu,gemm,512,iso,155,8732200,8990300
P3,sycl,dpcpp-ocl-jitprecise-usm,cpu,gemm,512,iso,156,8727100,8948500
P3,sycl,dpcpp-ocl-jitprecise-usm,cpu,gemm,512,iso,157,8829000,8915900
P3,sycl,dpcpp-ocl-jitprecise-usm,cpu,gemm,512,iso,158,8573400,8972800
P3,sycl,dpcpp-ocl-jitprecise-usm,cpu,gemm,512,iso,159,8844700,8910600
P3,sycl,dpcpp-ocl-jitprecise-usm,cpu,gemm,512,iso,160,8706800,8906300
P3,sycl,dpcpp-ocl-jitprecise-usm,cpu,gemm,512,iso,161,8797800,8933500
P3,sycl,dpcpp-ocl-jitprecise-usm,cpu,gemm,512,iso,162,8709100,8755700
P3,sycl,dpcpp-ocl-jitprecise-usm,cpu,gemm,512,iso,163,8804800,8992000
P3,sycl,dpcpp-ocl-jitprecise-usm,cpu,gemm,512,iso,164,8725100,9018000
P3,sycl,dpcpp-ocl-jitprecise-usm,cpu,gemm,512,iso,165,8721400,8897800
P3,sycl,dpcpp-ocl-jitprecise-usm,cpu,gemm,512,iso,166,8710800,8744300
P3,sycl,dpcpp-ocl-jitprecise-usm,cpu,gemm,512,iso,167,8901200,8951400
P3,sycl,dpcpp-ocl-jitprecise-usm,cpu,gemm,512,iso,168,8700000,9062500
P3,sycl,dpcpp-ocl-jitprecise-usm,cpu,gemm,512,iso,169,8794200,9014600
P3,sycl,dpcpp-ocl-jitprecise-usm,cpu,gemm,512,iso,170,8840300,8947600
P3,sycl,dpcpp-ocl-jitprecise-usm,cpu,gemm,512,iso,171,8660700,9010700
P3,sycl,dpcpp-ocl-jitprecise-usm,cpu,gemm,512,iso,172,8820200,9048200
P3,sycl,dpcpp-ocl-jitprecise-usm,cpu,gemm,512,iso,173,8816500,9021900
P3,sycl,dpcpp-ocl-jitprecise-usm,cpu,gemm,512,iso,174,8807900,8987900
P3,sycl,dpcpp-ocl-jitprecise-usm,cpu,gemm,512,iso,175,8858500,8919500
P3,sycl,dpcpp-ocl-jitprecise-usm,cpu,gemm,512,iso,176,8798000,9044900
P3,sycl,dpcpp-ocl-jitprecise-usm,cpu,gemm,512,iso,177,8798300,9001700
P3,sycl,dpcpp-ocl-jitprecise-usm,cpu,gemm,512,iso,178,8828800,9027000
P3,sycl,dpcpp-ocl-jitprecise-usm,cpu,gemm,512,iso,179,8853600,8907000
P3,sycl,dpcpp-ocl-jitprecise-usm,cpu,gemm,512,iso,180,8646300,9018800
P3,sycl,dpcpp-ocl-jitprecise-usm,cpu,gemm,512,iso,181,8798600,8990000
P3,sycl,dpcpp-ocl-jitprecise-usm,cpu,gemm,512,iso,182,8814800,9025100
P3,sycl,dpcpp-ocl-jitprecise-usm,cpu,gemm,512,iso,183,8819400,9033000
P3,sycl,dpcpp-ocl-jitprecise-usm,cpu,gemm,512,iso,184,8704800,8888100
P3,sycl,dpcpp-ocl-jitprecise-usm,cpu,gemm,512,iso,185,8824200,9024500
P3,sycl,dpcpp-ocl-jitprecise-usm,cpu,gemm,512,iso,186,8813400,9074600
P3,sycl,dpcpp-ocl-jitprecise-usm,cpu,gemm,512,iso,187,8801000,9061100
P3,sycl,dpcpp-ocl-jitprecise-usm,cpu,gemm,512,iso,188,8842200,8942000
P3,sycl,dpcpp-ocl-jitprecise-usm,cpu,gemm,512,iso,189,8651700,9028200
P3,sycl,dpcpp-ocl-jitprecise-usm,cpu,gemm,512,iso,190,8842400,9099100
P3,sycl,dpcpp-ocl-jitprecise-usm,cpu,gemm,512,iso,191,8902700,9223600
P3,sycl,dpcpp-ocl-jitprecise-usm,cpu,gemm,512,iso,192,8919300,9191300
P3,sycl,dpcpp-ocl-jitprecise-usm,cpu,gemm,512,iso,193,8824200,8970500
P3,sycl,dpcpp-ocl-jitprecise-usm,cpu,gemm,512,iso,194,8697300,9047700
P3,sycl,dpcpp-ocl-jitprecise-usm,cpu,gemm,512,iso,195,8894700,9475100
P3,sycl,dpcpp-ocl-jitprecise-usm,cpu,gemm,512,iso,196,8885700,9145900
P3,sycl,dpcpp-ocl-jitprecise-usm,cpu,gemm,512,iso,197,8807700,9089700
P3,sycl,dpcpp-ocl-jitprecise-usm,cpu,gemm,512,iso,198,8817000,9008900
P3,sycl,dpcpp-ocl-jitprecise-usm,cpu,gemm,512,iso,199,8680200,9066100
P3,sycl,dpcpp-ocl-jitprecise-usm,cpu,gemm,512,iso,200,8811300,9087800
P3,sycl,dpcpp-ocl-jitprecise-usm,cpu,gemm,512,iso,201,8785600,9084600
P3,sycl,dpcpp-ocl-jitprecise-usm,cpu,gemm,512,iso,202,8818700,9054000
P3,sycl,dpcpp-ocl-jitprecise-usm,cpu,gemm,512,iso,203,8830800,8916000
P3,sycl,dpcpp-ocl-jitprecise-usm,cpu,gemm,512,iso,204,8801300,9066700
P3,sycl,dpcpp-ocl-jitprecise-usm,cpu,gemm,512,iso,205,8809300,9004700
P3,sycl,dpcpp-ocl-jitprecise-usm,cpu,gemm,512,iso,206,8857800,9051500
P3,sycl,dpcpp-ocl-jitprecise-usm,cpu,gemm,512,iso,207,8839400,8909400
P3,sycl,dpcpp-ocl-jitprecise-usm,cpu,gemm,512,iso,208,8686600,9005300
P3,sycl,dpcpp-ocl-jitprecise-usm,cpu,gemm,512,iso,209,8823200,9178400
P3,sycl,dpcpp-ocl-jitprecise-usm,cpu,gemm,512,iso,210,8821900,9292800
P3,sycl,dpcpp-ocl-jitprecise-usm,cpu,gemm,512,iso,211,8812800,9304700
P3,sycl,dpcpp-ocl-jitprecise-usm,cpu,gemm,512,iso,212,8851100,9021100
P3,sycl,dpcpp-ocl-jitprecise-usm,cpu,gemm,512,iso,213,8680700,9085300
P3,sycl,dpcpp-ocl-jitprecise-usm,cpu,gemm,512,iso,214,8836000,9222000
P3,sycl,dpcpp-ocl-jitprecise-usm,cpu,gemm,512,iso,215,8878400,9081400
P3,sycl,dpcpp-ocl-jitprecise-usm,cpu,gemm,512,iso,216,8869600,9112200
P3,sycl,dpcpp-ocl-jitprecise-usm,cpu,gemm,512,iso,217,8829800,9000600
P3,sycl,dpcpp-ocl-jitprecise-usm,cpu,gemm,512,iso,218,8669500,9088700
P3,sycl,dpcpp-ocl-jitprecise-usm,cpu,gemm,512,iso,219,8816700,9147800
P3,sycl,dpcpp-ocl-jitprecise-usm,cpu,gemm,512,iso,220,8825600,9068100
P3,sycl,dpcpp-ocl-jitprecise-usm,cpu,gemm,512,iso,221,8803800,9134800
P3,sycl,dpcpp-ocl-jitprecise-usm,cpu,gemm,512,iso,222,8795600,9056200
P3,sycl,dpcpp-ocl-jitprecise-usm,cpu,gemm,512,iso,223,8903200,9074100
P3,sycl,dpcpp-ocl-jitprecise-usm,cpu,gemm,512,iso,224,8878000,9078700
P3,sycl,dpcpp-ocl-jitprecise-usm,cpu,gemm,512,iso,225,8805400,9048000
P3,sycl,dpcpp-ocl-jitprecise-usm,cpu,gemm,512,iso,226,8816000,9199200
P3,sycl,dpcpp-ocl-jitprecise-usm,cpu,gemm,512,iso,227,8808300,9001200
P3,sycl,dpcpp-ocl-jitprecise-usm,cpu,gemm,512,iso,228,8863400,9129800
P3,sycl,dpcpp-ocl-jitprecise-usm,cpu,gemm,512,iso,229,8814400,9053500
P3,sycl,dpcpp-ocl-jitprecise-usm,cpu,gemm,512,iso,230,8811100,9064700
P3,sycl,dpcpp-ocl-jitprecise-usm,cpu,gemm,512,iso,231,8948700,8953300
P3,sycl,dpcpp-ocl-jitprecise-usm,cpu,gemm,512,iso,232,8675400,9054700
P3,sycl,dpcpp-ocl-jitprecise-usm,cpu,gemm,512,iso,233,8849700,9067400
P3,sycl,dpcpp-ocl-jitprecise-usm,cpu,gemm,512,iso,234,8825400,9038300
P3,sycl,dpcpp-ocl-jitprecise-usm,cpu,gemm,512,iso,235,8819100,9021200
P3,sycl,dpcpp-ocl-jitprecise-usm,cpu,gemm,512,iso,236,8723500,9054700
P3,sycl,dpcpp-ocl-jitprecise-usm,cpu,gemm,512,iso,237,8700300,9064500
P3,sycl,dpcpp-ocl-jitprecise-usm,cpu,gemm,512,iso,238,8839800,9048700
P3,sycl,dpcpp-ocl-jitprecise-usm,cpu,gemm,512,iso,239,8835200,9018200
P3,sycl,dpcpp-ocl-jitprecise-usm,cpu,gemm,512,iso,240,8846900,9210800
P3,sycl,dpcpp-ocl-jitprecise-usm,cpu,gemm,512,iso,241,8772700,8986200
P3,sycl,dpcpp-ocl-jitprecise-usm,cpu,gemm,512,iso,242,8902600,9167200
P3,sycl,dpcpp-ocl-jitprecise-usm,cpu,gemm,512,iso,243,8864900,9124600
P3,sycl,dpcpp-ocl-jitprecise-usm,cpu,gemm,512,iso,244,8875900,9177600
P3,sycl,dpcpp-ocl-jitprecise-usm,cpu,gemm,512,iso,245,8862500,9046400
P3,sycl,dpcpp-ocl-jitprecise-usm,cpu,gemm,512,iso,246,8734800,8973800
P3,sycl,dpcpp-ocl-jitprecise-usm,cpu,gemm,512,iso,247,8932800,9053500
P3,sycl,dpcpp-ocl-jitprecise-usm,cpu,gemm,512,iso,248,8888900,9041900
P3,sycl,dpcpp-ocl-jitprecise-usm,cpu,gemm,512,iso,249,8801900,9037000
P3,sycl,dpcpp-ocl-jitprecise-usm,cpu,gemm,512,iso,250,8863300,8955700
P3,sycl,dpcpp-ocl-jitprecise-usm,cpu,gemm,512,iso,251,8788600,9025300
P3,sycl,dpcpp-ocl-jitprecise-usm,cpu,gemm,512,iso,252,9246700,9012200
P3,sycl,dpcpp-ocl-jitprecise-usm,cpu,gemm,512,iso,253,8676700,8888300
P3,sycl,dpcpp-ocl-jitprecise-usm,cpu,gemm,512,iso,254,8898100,9051800
P3,sycl,dpcpp-ocl-jitprecise-usm,cpu,gemm,512,iso,255,8766800,9000100
P3,sycl,dpcpp-ocl-jitprecise-usm,cpu,gemm,512,iso,256,8759600,9085700
P3,sycl,dpcpp-ocl-jitprecise-usm,cpu,gemm,512,iso,257,8831200,9015600
P3,sycl,dpcpp-ocl-jitprecise-usm,cpu,gemm,512,iso,258,8847400,9129200
P3,sycl,dpcpp-ocl-jitprecise-usm,cpu,gemm,512,iso,259,8818700,9223600
P3,sycl,dpcpp-ocl-jitprecise-usm,cpu,gemm,512,iso,260,8721600,8884200
P3,sycl,dpcpp-ocl-jitprecise-usm,cpu,gemm,512,iso,261,8832100,9017500
P3,sycl,dpcpp-ocl-jitprecise-usm,cpu,gemm,512,iso,262,8800700,9046400
P3,sycl,dpcpp-ocl-jitprecise-usm,cpu,gemm,512,iso,263,8854800,9035800
P3,sycl,dpcpp-ocl-jitprecise-usm,cpu,gemm,512,iso,264,8898300,8932500
P3,sycl,dpcpp-ocl-jitprecise-usm,cpu,gemm,512,iso,265,8698600,9001400
P3,sycl,dpcpp-ocl-jitprecise-usm,cpu,gemm,512,iso,266,8903100,9040700
P3,sycl,dpcpp-ocl-jitprecise-usm,cpu,gemm,512,iso,267,8820700,9029100
P3,sycl,dpcpp-ocl-jitprecise-usm,cpu,gemm,512,iso,268,8795200,9041100
P3,sycl,dpcpp-ocl-jitprecise-usm,cpu,gemm,512,iso,269,8711500,8859900
P3,sycl,dpcpp-ocl-jitprecise-usm,cpu,gemm,512,iso,270,8795300,9020000
P3,sycl,dpcpp-ocl-jitprecise-usm,cpu,gemm,512,iso,271,8835200,8980200
P3,sycl,dpcpp-ocl-jitprecise-usm,cpu,gemm,512,iso,272,8819200,9046200
P3,sycl,dpcpp-ocl-jitprecise-usm,cpu,gemm,512,iso,273,8827700,8913300
P3,sycl,dpcpp-ocl-jitprecise-usm,cpu,gemm,512,iso,274,8641300,9014100
P3,sycl,dpcpp-ocl-jitprecise-usm,cpu,gemm,512,iso,275,8921800,9016600
P3,sycl,dpcpp-ocl-jitprecise-usm,cpu,gemm,512,iso,276,8821100,9005200
P3,sycl,dpcpp-ocl-jitprecise-usm,cpu,gemm,512,iso,277,8801300,9005400
P3,sycl,dpcpp-ocl-jitprecise-usm,cpu,gemm,512,iso,278,8727800,9029500
P3,sycl,dpcpp-ocl-jitprecise-usm,cpu,gemm,512,iso,279,8716800,9003900
P3,sycl,dpcpp-ocl-jitprecise-usm,cpu,gemm,512,iso,280,8816400,9018500
P3,sycl,dpcpp-ocl-jitprecise-usm,cpu,gemm,512,iso,281,8829100,9002700
P3,sycl,dpcpp-ocl-jitprecise-usm,cpu,gemm,512,iso,282,9040400,9042400
P3,sycl,dpcpp-ocl-jitprecise-usm,cpu,gemm,512,iso,283,8751300,8915600
P3,sycl,dpcpp-ocl-jitprecise-usm,cpu,gemm,512,iso,284,8827400,9054500
P3,sycl,dpcpp-ocl-jitprecise-usm,cpu,gemm,512,iso,285,8805000,9000200
P3,sycl,dpcpp-ocl-jitprecise-usm,cpu,gemm,512,iso,286,8799400,8970400
P3,sycl,dpcpp-ocl-jitprecise-usm,cpu,gemm,512,iso,287,8872600,8899000
P3,sycl,dpcpp-ocl-jitprecise-usm,cpu,gemm,512,iso,288,8664800,9024800
P3,sycl,dpcpp-ocl-jitprecise-usm,cpu,gemm,512,iso,289,8710800,8863900
P3,sycl,dpcpp-ocl-jitprecise-usm,cpu,gemm,512,iso,290,8838000,8942600
P3,sycl,dpcpp-ocl-jitprecise-usm,cpu,gemm,512,iso,291,8714200,8899300
P3,sycl,dpcpp-ocl-jitprecise-usm,cpu,gemm,512,iso,292,8653300,9030200
P3,sycl,dpcpp-ocl-jitprecise-usm,cpu,gemm,512,iso,293,8824700,8978400
P3,sycl,dpcpp-ocl-jitprecise-usm,cpu,gemm,512,iso,294,8781600,8904100
P3,sycl,dpcpp-ocl-jitprecise-usm,cpu,gemm,512,iso,295,8710100,9027900
P3,sycl,dpcpp-ocl-jitprecise-usm,cpu,gemm,512,iso,296,8723600,8764000
P3,sycl,dpcpp-ocl-jitprecise-usm,cpu,gemm,512,iso,297,8683200,9007900
P3,sycl,dpcpp-ocl-jitprecise-usm,cpu,gemm,512,iso,298,8708000,8900800
P3,sycl,dpcpp-ocl-jitprecise-usm,cpu,gemm,512,iso,299,8820200,8923100
P3,opencl,intel-ocl,cpu,conv,512,iso,0,1668300,1915300
P3,opencl,intel-ocl,cpu,conv,512,iso,1,1627700,1707100
P3,opencl,intel-ocl,cpu,conv,512,iso,2,1663200,1738500
P3,opencl,intel-ocl,cpu,conv,512,iso,3,1844000,1860700
P3,opencl,intel-ocl,cpu,conv,512,iso,4,1687900,1701500
P3,opencl,intel-ocl,cpu,conv,512,iso,5,1639300,1763900
P3,opencl,intel-ocl,cpu,conv,512,iso,6,1712800,1955500
P3,opencl,intel-ocl,cpu,conv,512,iso,7,1525200,1590600
P3,opencl,intel-ocl,cpu,conv,512,iso,8,1514000,1593100
P3,opencl,intel-ocl,cpu,conv,512,iso,9,1514200,1741100
P3,opencl,intel-ocl,cpu,conv,512,iso,10,1521700,1588000
P3,opencl,intel-ocl,cpu,conv,512,iso,11,1515200,1596600
P3,opencl,intel-ocl,cpu,conv,512,iso,12,1513300,1748500
P3,opencl,intel-ocl,cpu,conv,512,iso,13,1531800,1597900
P3,opencl,intel-ocl,cpu,conv,512,iso,14,1519700,1587300
P3,opencl,intel-ocl,cpu,conv,512,iso,15,1596500,1596600
P3,opencl,intel-ocl,cpu,conv,512,iso,16,1757000,1596300
P3,opencl,intel-ocl,cpu,conv,512,iso,17,1512200,1592100
P3,opencl,intel-ocl,cpu,conv,512,iso,18,1532500,1589300
P3,opencl,intel-ocl,cpu,conv,512,iso,19,1663200,1596500
P3,opencl,intel-ocl,cpu,conv,512,iso,20,1517900,1594600
P3,opencl,intel-ocl,cpu,conv,512,iso,21,1515700,1594300
P3,opencl,intel-ocl,cpu,conv,512,iso,22,1656300,1720800
P3,opencl,intel-ocl,cpu,conv,512,iso,23,1513300,1588100
P3,opencl,intel-ocl,cpu,conv,512,iso,24,1526300,1589600
P3,opencl,intel-ocl,cpu,conv,512,iso,25,1515900,1845500
P3,opencl,intel-ocl,cpu,conv,512,iso,26,1517100,1592300
P3,opencl,intel-ocl,cpu,conv,512,iso,27,1514000,1601100
P3,opencl,intel-ocl,cpu,conv,512,iso,28,1519100,1735300
P3,opencl,intel-ocl,cpu,conv,512,iso,29,1618800,1602000
P3,opencl,intel-ocl,cpu,conv,512,iso,30,1521000,1593000
P3,opencl,intel-ocl,cpu,conv,512,iso,31,1516800,1741000
P3,opencl,intel-ocl,cpu,conv,512,iso,32,1616800,1621100
P3,opencl,intel-ocl,cpu,conv,512,iso,33,1515900,1593900
P3,opencl,intel-ocl,cpu,conv,512,iso,34,1518200,1753800
P3,opencl,intel-ocl,cpu,conv,512,iso,35,1663000,1596100
P3,opencl,intel-ocl,cpu,conv,512,iso,36,1517000,1600100
P3,opencl,intel-ocl,cpu,conv,512,iso,37,1522200,1590500
P3,opencl,intel-ocl,cpu,conv,512,iso,38,1764700,1603500
P3,opencl,intel-ocl,cpu,conv,512,iso,39,1511700,1593600
P3,opencl,intel-ocl,cpu,conv,512,iso,40,1516500,1594300
P3,opencl,intel-ocl,cpu,conv,512,iso,41,1665400,1708400
P3,opencl,intel-ocl,cpu,conv,512,iso,42,1514100,1592400
P3,opencl,intel-ocl,cpu,conv,512,iso,43,1517300,1595500
P3,opencl,intel-ocl,cpu,conv,512,iso,44,1663400,1703300
P3,opencl,intel-ocl,cpu,conv,512,iso,45,1524900,1587600
P3,opencl,intel-ocl,cpu,conv,512,iso,46,1513200,1590900
P3,opencl,intel-ocl,cpu,conv,512,iso,47,1663300,1701200
P3,opencl,intel-ocl,cpu,conv,512,iso,48,1514100,1593200
P3,opencl,intel-ocl,cpu,conv,512,iso,49,1519900,1595600
P3,opencl,intel-ocl,cpu,conv,512,iso,50,1517900,1843000
P3,opencl,intel-ocl,cpu,conv,512,iso,51,1518600,1587700
P3,opencl,intel-ocl,cpu,conv,512,iso,52,1512900,1594700
P3,opencl,intel-ocl,cpu,conv,512,iso,53,1515700,1743200
P3,opencl,intel-ocl,cpu,conv,512,iso,54,1613800,1605500
P3,opencl,intel-ocl,cpu,conv,512,iso,55,1522000,1613400
P3,opencl,intel-ocl,cpu,conv,512,iso,56,1514600,1744400
P3,opencl,intel-ocl,cpu,conv,512,iso,57,1521300,1726800
P3,opencl,intel-ocl,cpu,conv,512,iso,58,1514400,1587700
P3,opencl,intel-ocl,cpu,conv,512,iso,59,1520900,1743100
P3,opencl,intel-ocl,cpu,conv,512,iso,60,1667700,1597300
P3,opencl,intel-ocl,cpu,conv,512,iso,61,1513600,1590400
P3,opencl,intel-ocl,cpu,conv,512,iso,62,1521900,1589500
P3,opencl,intel-ocl,cpu,conv,512,iso,63,1763000,1599100
P3,opencl,intel-ocl,cpu,conv,512,iso,64,1516500,1590800
P3,opencl,intel-ocl,cpu,conv,512,iso,65,1530800,1595600
P3,opencl,intel-ocl,cpu,conv,512,iso,66,1673700,1698700
P3,opencl,intel-ocl,cpu,conv,512,iso,67,1514900,1587700
P3,opencl,intel-ocl,cpu,conv,512,iso,68,1520400,1604200
P3,opencl,intel-ocl,cpu,conv,512,iso,69,1663200,1696500
P3,opencl,intel-ocl,cpu,conv,512,iso,70,1526500,1589200
P3,opencl,intel-ocl,cpu,conv,512,iso,71,1517000,1595100
P3,opencl,intel-ocl,cpu,conv,512,iso,72,1666600,1709300
P3,opencl,intel-ocl,cpu,conv,512,iso,73,1513600,1587400
P3,opencl,intel-ocl,cpu,conv,512,iso,74,1520500,1606600
P3,opencl,intel-ocl,cpu,conv,512,iso,75,1523100,1834700
P3,opencl,intel-ocl,cpu,conv,512,iso,76,1513300,1597800
P3,opencl,intel-ocl,cpu,conv,512,iso,77,1515200,1586200
P3,opencl,intel-ocl,cpu,conv,512,iso,78,1518900,1741900
P3,opencl,intel-ocl,cpu,conv,512,iso,79,1627400,1595500
P3,opencl,intel-ocl,cpu,conv,512,iso,80,1516400,1594800
P3,opencl,intel-ocl,cpu,conv,512,iso,81,1519800,1739500
P3,opencl,intel-ocl,cpu,conv,512,iso,82,1617100,1593800
P3,opencl,intel-ocl,cpu,conv,512,iso,83,1519400,1590300
P3,opencl,intel-ocl,cpu,conv,512,iso,84,1541700,1738200
P3,opencl,intel-ocl,cpu,conv,512,iso,85,1654600,1595600
P3,opencl,intel-ocl,cpu,conv,512,iso,86,1517400,1585300
P3,opencl,intel-ocl,cpu,conv,512,iso,87,1527100,1594700
P3,opencl,intel-ocl,cpu,conv,512,iso,88,1761600,1610000
P3,opencl,intel-ocl,cpu,conv,512,iso,89,1511600,1590700
P3,opencl,intel-ocl,cpu,conv,512,iso,90,1520900,1596300
P3,opencl,intel-ocl,cpu,conv,512,iso,91,1667600,1697900
P3,opencl,intel-ocl,cpu,conv,512,iso,92,1512500,1589800
P3,opencl,intel-ocl,cpu,conv,512,iso,93,1527300,1594800
P3,opencl,intel-ocl,cpu,conv,512,iso,94,1667300,1707300
P3,opencl,intel-ocl,cpu,conv,512,iso,95,1512500,1587700
P3,opencl,intel-ocl,cpu,conv,512,iso,96,1516900,1592200
P3,opencl,intel-ocl,cpu,conv,512,iso,97,1660700,1717200
P3,opencl,intel-ocl,cpu,conv,512,iso,98,1526300,1587600
P3,opencl,intel-ocl,cpu,conv,512,iso,99,1519000,1596300
P3,opencl,intel-ocl,cpu,conv,512,iso,100,1521500,1844500
P3,opencl,intel-ocl,cpu,conv,512,iso,101,1520200,1590100
P3,opencl,intel-ocl,cpu,conv,512,iso,102,1521300,1601400
P3,opencl,intel-ocl,cpu,conv,512,iso,103,1520000,1738600
P3,opencl,intel-ocl,cpu,conv,512,iso,104,1612900,1593500
P3,opencl,intel-ocl,cpu,conv,512,iso,105,1516100,1589400
P3,opencl,intel-ocl,cpu,conv,512,iso,106,1515100,1746700
P3,opencl,intel-ocl,cpu,conv,512,iso,107,1622900,1604700
P3,opencl,intel-ocl,cpu,conv,512,iso,108,1521000,1592200
P3,opencl,intel-ocl,cpu,conv,512,iso,109,1521100,1590800
P3,opencl,intel-ocl,cpu,conv,512,iso,110,1790900,1595200
P3,opencl,intel-ocl,cpu,conv,512,iso,111,1515800,1592600
P3,opencl,intel-ocl,cpu,conv,512,iso,112,1528600,1595500
P3,opencl,intel-ocl,cpu,conv,512,iso,113,1667000,1695600
P3,opencl,intel-ocl,cpu,conv,512,iso,114,1518000,1587000
P3,opencl,intel-ocl,cpu,conv,512,iso,115,1521600,1594200
P3,opencl,intel-ocl,cpu,conv,512,iso,116,1660500,1713200
P3,opencl,intel-ocl,cpu,conv,512,iso,117,1514700,1591600
P3,opencl,intel-ocl,cpu,conv,512,iso,118,1521400,1594400
P3,opencl,intel-ocl,cpu,conv,512,iso,119,1662500,1707500
P3,opencl,intel-ocl,cpu,conv,512,iso,120,1520100,1588500
P3,opencl,intel-ocl,cpu,conv,512,iso,121,1521300,1602800
P3,opencl,intel-ocl,cpu,conv,512,iso,122,1517000,1839500
P3,opencl,intel-ocl,cpu,conv,512,iso,123,1514700,1587100
P3,opencl,intel-ocl,cpu,conv,512,iso,124,1518500,1595200
P3,opencl,intel-ocl,cpu,conv,512,iso,125,1520700,1742600
P3,opencl,intel-ocl,cpu,conv,512,iso,126,1628800,1592900
P3,opencl,intel-ocl,cpu,conv,512,iso,127,1517600,1595300
P3,opencl,intel-ocl,cpu,conv,512,iso,128,1516300,1741300
P3,opencl,intel-ocl,cpu,conv,512,iso,129,1619700,1602000
P3,opencl,intel-ocl,cpu,conv,512,iso,130,1513300,1595600
P3,opencl,intel-ocl,cpu,conv,512,iso,131,1517900,1744100
P3,opencl,intel-ocl,cpu,conv,512,iso,132,1630200,1599300
P3,opencl,intel-ocl,cpu,conv,512,iso,133,1513500,1590200
P3,opencl,intel-ocl,cpu,conv,512,iso,134,1521900,1590700
P3,opencl,intel-ocl,cpu,conv,512,iso,135,1791400,1620500
P3,opencl,intel-ocl,cpu,conv,512,iso,136,1513300,1587500
P3,opencl,intel-ocl,cpu,conv,512,iso,137,1522800,1586400
P3,opencl,intel-ocl,cpu,conv,512,iso,138,1664400,1706600
P3,opencl,intel-ocl,cpu,conv,512,iso,139,1516000,1600500
P3,opencl,intel-ocl,cpu,conv,512,iso,140,1529400,1591400
P3,opencl,intel-ocl,cpu,conv,512,iso,141,1663600,1708500
P3,opencl,intel-ocl,cpu,conv,512,iso,142,1516300,1589100
P3,opencl,intel-ocl,cpu,conv,512,iso,143,1521800,1585000
P3,opencl,intel-ocl,cpu,conv,512,iso,144,1658900,1704100
P3,opencl,intel-ocl,cpu,conv,512,iso,145,1534400,1597400
P3,opencl,intel-ocl,cpu,conv,512,iso,146,1511000,1609500
P3,opencl,intel-ocl,cpu,conv,512,iso,147,1521600,1837800
P3,opencl,intel-ocl,cpu,conv,512,iso,148,1515100,1588000
P3,opencl,intel-ocl,cpu,conv,512,iso,149,1530900,1608000
P3,opencl,intel-ocl,cpu,conv,512,iso,150,1529400,1736400
P3,opencl,intel-ocl,cpu,conv,512,iso,151,1613300,1672200
P3,opencl,intel-ocl,cpu,conv,512,iso,152,1513400,1588800
P3,opencl,intel-ocl,cpu,conv,512,iso,153,1521400,1741500
P3,opencl,intel-ocl,cpu,conv,512,iso,154,1632000,1595000
P3,opencl,intel-ocl,cpu,conv,512,iso,155,1514100,1590000
P3,opencl,intel-ocl,cpu,conv,512,iso,156,1516700,1739900
P3,opencl,intel-ocl,cpu,conv,512,iso,157,1622000,1594000
P3,opencl,intel-ocl,cpu,conv,512,iso,158,1512000,1588700
P3,opencl,intel-ocl,cpu,conv,512,iso,159,1531900,1594800
P3,opencl,intel-ocl,cpu,conv,512,iso,160,1792900,1593100
P3,opencl,intel-ocl,cpu,conv,512,iso,161,1521700,1588600
P3,opencl,intel-ocl,cpu,conv,512,iso,162,1521800,1589600
P3,opencl,intel-ocl,cpu,conv,512,iso,163,1665600,1713100
P3,opencl,intel-ocl,cpu,conv,512,iso,164,1514700,1586600
P3,opencl,intel-ocl,cpu,conv,512,iso,165,1521100,1588300
P3,opencl,intel-ocl,cpu,conv,512,iso,166,1668500,1698400
P3,opencl,intel-ocl,cpu,conv,512,iso,167,1515100,1595500
P3,opencl,intel-ocl,cpu,conv,512,iso,168,1525300,1592100
P3,opencl,intel-ocl,cpu,conv,512,iso,169,1664300,1709900
P3,opencl,intel-ocl,cpu,conv,512,iso,170,1515600,1586000
P3,opencl,intel-ocl,cpu,conv,512,iso,171,1515500,1673100
P3,opencl,intel-ocl,cpu,conv,512,iso,172,1513300,1836800
P3,opencl,intel-ocl,cpu,conv,512,iso,173,1526100,1585400
P3,opencl,intel-ocl,cpu,conv,512,iso,174,1519200,1591700
P3,opencl,intel-ocl,cpu,conv,512,iso,175,1514100,1751900
P3,opencl,intel-ocl,cpu,conv,512,iso,176,1617900,1600600
P3,opencl,intel-ocl,cpu,conv,512,iso,177,1520800,1598700
P3,opencl,intel-ocl,cpu,conv,512,iso,178,1517000,1733100
P3,opencl,intel-ocl,cpu,conv,512,iso,179,1617300,1598800
P3,opencl,intel-ocl,cpu,conv,512,iso,180,1520100,2148400
P3,opencl,intel-ocl,cpu,conv,512,iso,181,1515100,1609500
P3,opencl,intel-ocl,cpu,conv,512,iso,182,1628000,1609500
P3,opencl,intel-ocl,cpu,conv,512,iso,183,1514100,1592900
P3,opencl,intel-ocl,cpu,conv,512,iso,184,1513900,1608200
P3,opencl,intel-ocl,cpu,conv,512,iso,185,1625200,1595000
P3,opencl,intel-ocl,cpu,conv,512,iso,186,1513100,1594400
P3,opencl,intel-ocl,cpu,conv,512,iso,187,1523300,1600000
P3,opencl,intel-ocl,cpu,conv,512,iso,188,1530800,1681000
P3,opencl,intel-ocl,cpu,conv,512,iso,189,1516000,1595700
P3,opencl,intel-ocl,cpu,conv,512,iso,190,1512000,1586900
P3,opencl,intel-ocl,cpu,conv,512,iso,191,1535700,1682300
P3,opencl,intel-ocl,cpu,conv,512,iso,192,1514300,1619500
P3,opencl,intel-ocl,cpu,conv,512,iso,193,1530700,1590300
P3,opencl,intel-ocl,cpu,conv,512,iso,194,1666900,1705200
P3,opencl,intel-ocl,cpu,conv,512,iso,195,1512200,1587500
P3,opencl,intel-ocl,cpu,conv,512,iso,196,1513700,1604300
P3,opencl,intel-ocl,cpu,conv,512,iso,197,1520800,1834900
P3,opencl,intel-ocl,cpu,conv,512,iso,198,1513200,1607100
P3,opencl,intel-ocl,cpu,conv,512,iso,199,1521200,1592700
P3,opencl,intel-ocl,cpu,conv,512,iso,200,1511500,1736800
P3,opencl,intel-ocl,cpu,conv,512,iso,201,1623500,1595100
P3,opencl,intel-ocl,cpu,conv,512,iso,202,1523900,1593100
P3,opencl,intel-ocl,cpu,conv,512,iso,203,1518100,1757800
P3,opencl,intel-ocl,cpu,conv,512,iso,204,1623600,1602100
P3,opencl,intel-ocl,cpu,conv,512,iso,205,1513200,1595600
P3,opencl,intel-ocl,cpu,conv,512,iso,206,1530000,1742000
P3,opencl,intel-ocl,cpu,conv,512,iso,207,1623000,1599700
P3,opencl,intel-ocl,cpu,conv,512,iso,208,1513900,1590500
P3,opencl,intel-ocl,cpu,conv,512,iso,209,1521400,1594900
P3,opencl,intel-ocl,cpu,conv,512,iso,210,1793100,1606900
P3,opencl,intel-ocl,cpu,conv,512,iso,211,1515600,1594300
P3,opencl,intel-ocl,cpu,conv,512,iso,212,1521200,1594500
P3,opencl,intel-ocl,cpu,conv,512,iso,213,1657300,1697000
P3,opencl,intel-ocl,cpu,conv,512,iso,214,1601400,1589900
P3,opencl,intel-ocl,cpu,conv,512,iso,215,1526100,1593200
P3,opencl,intel-ocl,cpu,conv,512,iso,216,1662500,1700200
P3,opencl,intel-ocl,cpu,conv,512,iso,217,1518400,1592100
P3,opencl,intel-ocl,cpu,conv,512,iso,218,1516200,1595900
P3,opencl,intel-ocl,cpu,conv,512,iso,219,1665400,1698800
P3,opencl,intel-ocl,cpu,conv,512,iso,220,1526200,1586300
P3,opencl,intel-ocl,cpu,conv,512,iso,221,1520500,1595000
P3,opencl,intel-ocl,cpu,conv,512,iso,222,1521800,1843500
P3,opencl,intel-ocl,cpu,conv,512,iso,223,1516800,1587900
P3,opencl,intel-ocl,cpu,conv,512,iso,224,1512300,1609900
P3,opencl,intel-ocl,cpu,conv,512,iso,225,1526400,1741900
P3,opencl,intel-ocl,cpu,conv,512,iso,226,1624600,1597400
P3,opencl,intel-ocl,cpu,conv,512,iso,227,1513300,1593700
P3,opencl,intel-ocl,cpu,conv,512,iso,228,1517800,1738200
P3,opencl,intel-ocl,cpu,conv,512,iso,229,1621700,1605400
P3,opencl,intel-ocl,cpu,conv,512,iso,230,1513000,1586100
P3,opencl,intel-ocl,cpu,conv,512,iso,231,1517500,1593900
P3,opencl,intel-ocl,cpu,conv,512,iso,232,1764000,1595500
P3,opencl,intel-ocl,cpu,conv,512,iso,233,1514300,1593400
P3,opencl,intel-ocl,cpu,conv,512,iso,234,1537600,1590100
P3,opencl,intel-ocl,cpu,conv,512,iso,235,1805500,1601500
P3,opencl,intel-ocl,cpu,conv,512,iso,236,1513500,1583500
P3,opencl,intel-ocl,cpu,conv,512,iso,237,1521300,1594700
P3,opencl,intel-ocl,cpu,conv,512,iso,238,1662600,1706300
P3,opencl,intel-ocl,cpu,conv,512,iso,239,1515100,1585700
P3,opencl,intel-ocl,cpu,conv,512,iso,240,1519200,1591700
P3,opencl,intel-ocl,cpu,conv,512,iso,241,1659300,1706900
P3,opencl,intel-ocl,cpu,conv,512,iso,242,1518700,1587300
P3,opencl,intel-ocl,cpu,conv,512,iso,243,1516900,1605100
P3,opencl,intel-ocl,cpu,conv,512,iso,244,1516500,1831200
P3,opencl,intel-ocl,cpu,conv,512,iso,245,1514900,1596000
P3,opencl,intel-ocl,cpu,conv,512,iso,246,1519900,1591100
P3,opencl,intel-ocl,cpu,conv,512,iso,247,1520700,1742300
P3,opencl,intel-ocl,cpu,conv,512,iso,248,1624800,1596000
P3,opencl,intel-ocl,cpu,conv,512,iso,249,1520300,1588000
P3,opencl,intel-ocl,cpu,conv,512,iso,250,1513000,1741000
P3,opencl,intel-ocl,cpu,conv,512,iso,251,1620700,1593500
P3,opencl,intel-ocl,cpu,conv,512,iso,252,1514600,1591600
P3,opencl,intel-ocl,cpu,conv,512,iso,253,1530800,1739400
P3,opencl,intel-ocl,cpu,conv,512,iso,254,1613800,1593900
P3,opencl,intel-ocl,cpu,conv,512,iso,255,1519000,1592400
P3,opencl,intel-ocl,cpu,conv,512,iso,256,1517400,1610500
P3,opencl,intel-ocl,cpu,conv,512,iso,257,1619300,1610300
P3,opencl,intel-ocl,cpu,conv,512,iso,258,1582300,1590700
P3,opencl,intel-ocl,cpu,conv,512,iso,259,1514000,1590200
P3,opencl,intel-ocl,cpu,conv,512,iso,260,1700000,1702900
P3,opencl,intel-ocl,cpu,conv,512,iso,261,1513300,1593700
P3,opencl,intel-ocl,cpu,conv,512,iso,262,1514200,1602900
P3,opencl,intel-ocl,cpu,conv,512,iso,263,1663400,1717400
P3,opencl,intel-ocl,cpu,conv,512,iso,264,1513300,1587000
P3,opencl,intel-ocl,cpu,conv,512,iso,265,1516400,1592300
P3,opencl,intel-ocl,cpu,conv,512,iso,266,1656400,1720600
P3,opencl,intel-ocl,cpu,conv,512,iso,267,1526100,1592200
P3,opencl,intel-ocl,cpu,conv,512,iso,268,1521400,1587700
P3,opencl,intel-ocl,cpu,conv,512,iso,269,1518100,1840400
P3,opencl,intel-ocl,cpu,conv,512,iso,270,1523200,1588400
P3,opencl,intel-ocl,cpu,conv,512,iso,271,1514100,1598800
P3,opencl,intel-ocl,cpu,conv,512,iso,272,1511900,1741600
P3,opencl,intel-ocl,cpu,conv,512,iso,273,1614400,1593800
P3,opencl,intel-ocl,cpu,conv,512,iso,274,1522000,1594900
P3,opencl,intel-ocl,cpu,conv,512,iso,275,1518000,1743700
P3,opencl,intel-ocl,cpu,conv,512,iso,276,1621500,1605900
P3,opencl,intel-ocl,cpu,conv,512,iso,277,1514000,1603600
P3,opencl,intel-ocl,cpu,conv,512,iso,278,1513800,1735100
P3,opencl,intel-ocl,cpu,conv,512,iso,279,1621800,1594000
P3,opencl,intel-ocl,cpu,conv,512,iso,280,1518000,1586100
P3,opencl,intel-ocl,cpu,conv,512,iso,281,1538100,1595100
P3,opencl,intel-ocl,cpu,conv,512,iso,282,1666300,1700900
P3,opencl,intel-ocl,cpu,conv,512,iso,283,1511900,1585800
P3,opencl,intel-ocl,cpu,conv,512,iso,284,1516200,1595000
P3,opencl,intel-ocl,cpu,conv,512,iso,285,1696200,1705700
P3,opencl,intel-ocl,cpu,conv,512,iso,286,1512200,1596100
P3,opencl,intel-ocl,cpu,conv,512,iso,287,1516200,1595200
P3,opencl,intel-ocl,cpu,conv,512,iso,288,1665100,1719200
P3,opencl,intel-ocl,cpu,conv,512,iso,289,1519300,1594000
P3,opencl,intel-ocl,cpu,conv,512,iso,290,1518100,1604900
P3,opencl,intel-ocl,cpu,conv,512,iso,291,1515100,1835800
P3,opencl,intel-ocl,cpu,conv,512,iso,292,1514700,1587000
P3,opencl,intel-ocl,cpu,conv,512,iso,293,1514600,1594100
P3,opencl,intel-ocl,cpu,conv,512,iso,294,1520300,1736600
P3,opencl,intel-ocl,cpu,conv,512,iso,295,1627000,1594700
P3,opencl,intel-ocl,cpu,conv,512,iso,296,1513400,1593000
P3,opencl,intel-ocl,cpu,conv,512,iso,297,1520500,1737900
P3,opencl,intel-ocl,cpu,conv,512,iso,298,1517000,1713500
P3,opencl,intel-ocl,cpu,conv,512,iso,299,1518600,1598600
P3,opencl,intel-ocl,cpu,conv,512,iso,300,1518400,1737700
P3,opencl,intel-ocl,cpu,conv,512,iso,301,1622100,1592700
P3,opencl,intel-ocl,cpu,conv,512,iso,302,1513900,1590100
P3,opencl,intel-ocl,cpu,conv,512,iso,303,1516000,1594700
P3,opencl,intel-ocl,cpu,conv,512,iso,304,1674500,1762600
P3,opencl,intel-ocl,cpu,conv,512,iso,305,1515600,1596000
P3,opencl,intel-ocl,cpu,conv,512,iso,306,1518800,1590900
P3,opencl,intel-ocl,cpu,conv,512,iso,307,1669400,1723100
P3,opencl,intel-ocl,cpu,conv,512,iso,308,1514300,1591900
P3,opencl,intel-ocl,cpu,conv,512,iso,309,1550200,1645700
P3,opencl,intel-ocl,cpu,conv,512,iso,310,1662100,1747400
P3,opencl,intel-ocl,cpu,conv,512,iso,311,1514800,1593600
P3,opencl,intel-ocl,cpu,conv,512,iso,312,1514400,1595400
P3,opencl,intel-ocl,cpu,conv,512,iso,313,1665000,1699600
P3,opencl,intel-ocl,cpu,conv,512,iso,314,1518500,1587100
P3,opencl,intel-ocl,cpu,conv,512,iso,315,1516800,1592800
P3,opencl,intel-ocl,cpu,conv,512,iso,316,1520500,1840000
P3,opencl,intel-ocl,cpu,conv,512,iso,317,1512000,1591700
P3,opencl,intel-ocl,cpu,conv,512,iso,318,1520300,1615600
P3,opencl,intel-ocl,cpu,conv,512,iso,319,1521400,1738700
P3,opencl,intel-ocl,cpu,conv,512,iso,320,1625600,1596100
P3,opencl,intel-ocl,cpu,conv,512,iso,321,1520100,1593500
P3,opencl,intel-ocl,cpu,conv,512,iso,322,1513800,1737700
P3,opencl,intel-ocl,cpu,conv,512,iso,323,1632400,1603500
P3,opencl,intel-ocl,cpu,conv,512,iso,324,1513300,1588200
P3,opencl,intel-ocl,cpu,conv,512,iso,325,1519900,1742300
P3,opencl,intel-ocl,cpu,conv,512,iso,326,1623100,1595100
P3,opencl,intel-ocl,cpu,conv,512,iso,327,1519300,1585100
P3,opencl,intel-ocl,cpu,conv,512,iso,328,1598200,1742500
P3,opencl,intel-ocl,cpu,conv,512,iso,329,1628600,1594500
P3,opencl,intel-ocl,cpu,conv,512,iso,330,1521600,1585100
P3,opencl,intel-ocl,cpu,conv,512,iso,331,1513100,1593400
P3,opencl,intel-ocl,cpu,conv,512,iso,332,1667400,1712100
P3,opencl,intel-ocl,cpu,conv,512,iso,333,1512200,1587200
P3,opencl,intel-ocl,cpu,conv,512,iso,334,1521300,1594400
P3,opencl,intel-ocl,cpu,conv,512,iso,335,1702000,1695300
P3,opencl,intel-ocl,cpu,conv,512,iso,336,1514200,1586300
P3,opencl,intel-ocl,cpu,conv,512,iso,337,1530200,1594100
P3,opencl,intel-ocl,cpu,conv,512,iso,338,1668700,1703400
P3,opencl,intel-ocl,cpu,conv,512,iso,339,1515400,1586700
P3,opencl,intel-ocl,cpu,conv,512,iso,340,1515400,1593800
P3,opencl,intel-ocl,cpu,conv,512,iso,341,1527100,1838900
P3,opencl,intel-ocl,cpu,conv,512,iso,342,1526200,1587800
P3,opencl,intel-ocl,cpu,conv,512,iso,343,1518700,1590100
P3,opencl,intel-ocl,cpu,conv,512,iso,344,1514100,1743300
P3,opencl,intel-ocl,cpu,conv,512,iso,345,1622500,1594500
P3,opencl,intel-ocl,cpu,conv,512,iso,346,1517800,1606000
P3,opencl,intel-ocl,cpu,conv,512,iso,347,1516000,1745900
P3,opencl,intel-ocl,cpu,conv,512,iso,348,1614600,1592100
P3,opencl,intel-ocl,cpu,conv,512,iso,349,1515700,1589800
P3,opencl,intel-ocl,cpu,conv,512,iso,350,1515900,1745100
P3,opencl,intel-ocl,cpu,conv,512,iso,351,1623600,1594600
P3,opencl,intel-ocl,cpu,conv,512,iso,352,1525600,1596300
P3,opencl,intel-ocl,cpu,conv,512,iso,353,1516500,1595400
P3,opencl,intel-ocl,cpu,conv,512,iso,354,1756300,1592900
P3,opencl,intel-ocl,cpu,conv,512,iso,355,1517200,1589800
P3,opencl,intel-ocl,cpu,conv,512,iso,356,1529100,1592400
P3,opencl,intel-ocl,cpu,conv,512,iso,357,1663400,1701400
P3,opencl,intel-ocl,cpu,conv,512,iso,358,1514100,1587300
P3,opencl,intel-ocl,cpu,conv,512,iso,359,1514400,1592500
P3,opencl,intel-ocl,cpu,conv,512,iso,360,1657000,1743900
P3,opencl,intel-ocl,cpu,conv,512,iso,361,1514900,1593400
P3,opencl,intel-ocl,cpu,conv,512,iso,362,1517300,1589500
P3,opencl,intel-ocl,cpu,conv,512,iso,363,1677600,1705900
P3,opencl,intel-ocl,cpu,conv,512,iso,364,1514800,1591500
P3,opencl,intel-ocl,cpu,conv,512,iso,365,1516800,1604100
P3,opencl,intel-ocl,cpu,conv,512,iso,366,1513600,1841000
P3,opencl,intel-ocl,cpu,conv,512,iso,367,1518100,1601500
P3,opencl,intel-ocl,cpu,conv,512,iso,368,1515400,1592300
P3,opencl,intel-ocl,cpu,conv,512,iso,369,1520800,1735800
P3,opencl,intel-ocl,cpu,conv,512,iso,370,1517500,1766400
P3,opencl,intel-ocl,cpu,conv,512,iso,371,1513000,1588400
P3,opencl,intel-ocl,cpu,conv,512,iso,372,1516800,1746500
P3,opencl,intel-ocl,cpu,conv,512,iso,373,1626200,1647600
P3,opencl,intel-ocl,cpu,conv,512,iso,374,1513200,1604000
P3,opencl,intel-ocl,cpu,conv,512,iso,375,1521000,1746600
P3,opencl,intel-ocl,cpu,conv,512,iso,376,1620800,1595400
P3,opencl,intel-ocl,cpu,conv,512,iso,377,1518700,1594600
P3,opencl,intel-ocl,cpu,conv,512,iso,378,1516000,1592500
P3,opencl,intel-ocl,cpu,conv,512,iso,379,1665300,1723600
P3,opencl,intel-ocl,cpu,conv,512,iso,380,1515200,1587400
P3,opencl,intel-ocl,cpu,conv,512,iso,381,1520300,1592700
P3,opencl,intel-ocl,cpu,conv,512,iso,382,1657200,1702200
P3,opencl,intel-ocl,cpu,conv,512,iso,383,1514800,1595800
P3,opencl,intel-ocl,cpu,conv,512,iso,384,1535900,1596900
P3,opencl,intel-ocl,cpu,conv,512,iso,385,1662700,1741300
P3,opencl,intel-ocl,cpu,conv,512,iso,386,1515000,1589600
P3,opencl,intel-ocl,cpu,conv,512,iso,387,1520400,1595200
P3,opencl,intel-ocl,cpu,conv,512,iso,388,1663200,1718500
P3,opencl,intel-ocl,cpu,conv,512,iso,389,1514800,1586200
P3,opencl,intel-ocl,cpu,conv,512,iso,390,1511500,1592700
P3,opencl,intel-ocl,cpu,conv,512,iso,391,1517000,1842300
P3,opencl,intel-ocl,cpu,conv,512,iso,392,1517500,1587400
P3,opencl,intel-ocl,cpu,conv,512,iso,393,1517500,1605900
P3,opencl,intel-ocl,cpu,conv,512,iso,394,1529800,1740700
P3,opencl,intel-ocl,cpu,conv,512,iso,395,1613000,1594300
P3,opencl,intel-ocl,cpu,conv,512,iso,396,1521200,1589900
P3,opencl,intel-ocl,cpu,conv,512,iso,397,1517100,1738000
P3,opencl,intel-ocl,cpu,conv,512,iso,398,1631200,1594500
P3,opencl,intel-ocl,cpu,conv,512,iso,399,1513100,1591600
P3,opencl,intel-ocl,cpu,conv,512,iso,400,1521500,1743600
P3,opencl,intel-ocl,cpu,conv,512,iso,401,1617600,1593600
P3,opencl,intel-ocl,cpu,conv,512,iso,402,1513700,1587000
P3,opencl,intel-ocl,cpu,conv,512,iso,403,1524100,1589700
P3,opencl,intel-ocl,cpu,conv,512,iso,404,1658400,1695700
P3,opencl,intel-ocl,cpu,conv,512,iso,405,1523800,1587100
P3,opencl,intel-ocl,cpu,conv,512,iso,406,1515900,1593800
P3,opencl,intel-ocl,cpu,conv,512,iso,407,1655900,1705800
P3,opencl,intel-ocl,cpu,conv,512,iso,408,1514900,1595400
P3,opencl,intel-ocl,cpu,conv,512,iso,409,1514800,1589000
P3,opencl,intel-ocl,cpu,conv,512,iso,410,1666000,1737700
P3,opencl,intel-ocl,cpu,conv,512,iso,411,1514800,1588500
P3,opencl,intel-ocl,cpu,conv,512,iso,412,1519300,1599500
P3,opencl,intel-ocl,cpu,conv,512,iso,413,1518600,1851500
P3,opencl,intel-ocl,cpu,conv,512,iso,414,1519100,1597200
P3,opencl,intel-ocl,cpu,conv,512,iso,415,1518500,1603900
P3,opencl,intel-ocl,cpu,conv,512,iso,416,1514200,1842200
P3,opencl,intel-ocl,cpu,conv,512,iso,417,1529700,1585900
P3,opencl,intel-ocl,cpu,conv,512,iso,418,1518700,1592500
P3,opencl,intel-ocl,cpu,conv,512,iso,419,1522900,1739100
P3,opencl,intel-ocl,cpu,conv,512,iso,420,1614700,1591100
P3,opencl,intel-ocl,cpu,conv,512,iso,421,1514000,1604400
P3,opencl,intel-ocl,cpu,conv,512,iso,422,1518100,1740100
P3,opencl,intel-ocl,cpu,conv,512,iso,423,1618900,1595500
P3,opencl,intel-ocl,cpu,conv,512,iso,424,1514700,1595300
P3,opencl,intel-ocl,cpu,conv,512,iso,425,1514400,1584300
P3,opencl,intel-ocl,cpu,conv,512,iso,426,1773800,1609800
P3,opencl,intel-ocl,cpu,conv,512,iso,427,1513000,1587000
P3,opencl,intel-ocl,cpu,conv,512,iso,428,1516800,1594300
P3,opencl,intel-ocl,cpu,conv,512,iso,429,1659900,1701900
P3,opencl,intel-ocl,cpu,conv,512,iso,430,1520400,1585000
P3,opencl,intel-ocl,cpu,conv,512,iso,431,1536900,1595700
P3,opencl,intel-ocl,cpu,conv,512,iso,432,1657100,1696100
P3,opencl,intel-ocl,cpu,conv,512,iso,433,1513200,1587100
P3,opencl,intel-ocl,cpu,conv,512,iso,434,1517300,1595600
P3,opencl,intel-ocl,cpu,conv,512,iso,435,1667700,1736500
P3,opencl,intel-ocl,cpu,conv,512,iso,436,1525000,1596000
P3,opencl,intel-ocl,cpu,conv,512,iso,437,1520400,1594500
P3,opencl,intel-ocl,cpu,conv,512,iso,438,1517500,1840700
P3,opencl,intel-ocl,cpu,conv,512,iso,439,1514300,1585100
P3,opencl,intel-ocl,cpu,conv,512,iso,440,1519100,1605900
P3,opencl,intel-ocl,cpu,conv,512,iso,441,1514000,1735800
P3,opencl,intel-ocl,cpu,conv,512,iso,442,1616400,1593300
P3,opencl,intel-ocl,cpu,conv,512,iso,443,1513400,1586900
P3,opencl,intel-ocl,cpu,conv,512,iso,444,1517600,1739900
P3,opencl,intel-ocl,cpu,conv,512,iso,445,1621600,1595100
P3,opencl,intel-ocl,cpu,conv,512,iso,446,1514500,1594800
P3,opencl,intel-ocl,cpu,conv,512,iso,447,1523800,1735000
P3,opencl,intel-ocl,cpu,conv,512,iso,448,1631300,1598400
P3,opencl,intel-ocl,cpu,conv,512,iso,449,1513100,1586500
P3,opencl,intel-ocl,cpu,conv,512,iso,450,1522800,1594700
P3,opencl,intel-ocl,cpu,conv,512,iso,451,1754400,1595500
P3,opencl,intel-ocl,cpu,conv,512,iso,452,1513300,1597400
P3,opencl,intel-ocl,cpu,conv,512,iso,453,1521300,1587900
P3,opencl,intel-ocl,cpu,conv,512,iso,454,1659600,1706300
P3,opencl,intel-ocl,cpu,conv,512,iso,455,1512600,1595500
P3,opencl,intel-ocl,cpu,conv,512,iso,456,1520500,1590900
P3,opencl,intel-ocl,cpu,conv,512,iso,457,1659800,1714200
P3,opencl,intel-ocl,cpu,conv,512,iso,458,1512300,1588500
P3,opencl,intel-ocl,cpu,conv,512,iso,459,1528200,1587400
P3,opencl,intel-ocl,cpu,conv,512,iso,460,1667000,1730500
P3,opencl,intel-ocl,cpu,conv,512,iso,461,1512000,1587100
P3,opencl,intel-ocl,cpu,conv,512,iso,462,1613800,1594000
P3,opencl,intel-ocl,cpu,conv,512,iso,463,1511400,1845400
P3,opencl,intel-ocl,cpu,conv,512,iso,464,1528600,1589000
P3,opencl,intel-ocl,cpu,conv,512,iso,465,1512900,1588200
P3,opencl,intel-ocl,cpu,conv,512,iso,466,1516000,1742500
P3,opencl,intel-ocl,cpu,conv,512,iso,467,1621400,1596600
P3,opencl,intel-ocl,cpu,conv,512,iso,468,1521900,1600200
P3,opencl,intel-ocl,cpu,conv,512,iso,469,1516000,1740500
P3,opencl,intel-ocl,cpu,conv,512,iso,470,1620800,1593700
P3,opencl,intel-ocl,cpu,conv,512,iso,471,1514200,1588100
P3,opencl,intel-ocl,cpu,conv,512,iso,472,1513500,1742400
P3,opencl,intel-ocl,cpu,conv,512,iso,473,1621100,1607500
P3,opencl,intel-ocl,cpu,conv,512,iso,474,1512300,1588900
P3,opencl,intel-ocl,cpu,conv,512,iso,475,1520700,1586600
P3,opencl,intel-ocl,cpu,conv,512,iso,476,1761200,1601500
P3,opencl,intel-ocl,cpu,conv,512,iso,477,1514200,1586900
P3,opencl,intel-ocl,cpu,conv,512,iso,478,1527600,1604200
P3,opencl,intel-ocl,cpu,conv,512,iso,479,1657800,1693700
P3,opencl,intel-ocl,cpu,conv,512,iso,480,1519900,1592200
P3,opencl,intel-ocl,cpu,conv,512,iso,481,1518200,1584300
P3,opencl,intel-ocl,cpu,conv,512,iso,482,1665700,1722900
P3,opencl,intel-ocl,cpu,conv,512,iso,483,1514800,1586700
P3,opencl,intel-ocl,cpu,conv,512,iso,484,1512100,1665900
P3,opencl,intel-ocl,cpu,conv,512,iso,485,1657800,1732800
P3,opencl,intel-ocl,cpu,conv,512,iso,486,1517100,1591000
P3,opencl,intel-ocl,cpu,conv,512,iso,487,1517900,1597800
P3,opencl,intel-ocl,cpu,conv,512,iso,488,1513300,1733300
P3,opencl,intel-ocl,cpu,conv,512,iso,489,1622100,1591400
P3,opencl,intel-ocl,cpu,conv,512,iso,490,1513500,1588500
P3,opencl,intel-ocl,cpu,conv,512,iso,491,1518300,1737500
P3,opencl,intel-ocl,cpu,conv,512,iso,492,1629100,1592900
P3,opencl,intel-ocl,cpu,conv,512,iso,493,1516200,1593800
P3,opencl,intel-ocl,cpu,conv,512,iso,494,1516000,1737200
P3,opencl,intel-ocl,cpu,conv,512,iso,495,1622400,1599300
P3,opencl,intel-ocl,cpu,conv,512,iso,496,1928800,1604100
P3,opencl,intel-ocl,cpu,conv,512,iso,497,1511600,1641300
P3,opencl,intel-ocl,cpu,conv,512,iso,498,1605400,1600500
P3,opencl,intel-ocl,cpu,conv,512,iso,499,1513500,1602900
P3,opencl,intel-ocl,cpu,conv,512,iso,500,1549400,1593500
P3,opencl,intel-ocl,cpu,conv,512,iso,501,1624500,1602100
P3,opencl,intel-ocl,cpu,conv,512,iso,502,1514500,1592800
P3,opencl,intel-ocl,cpu,conv,512,iso,503,1513600,1588200
P3,opencl,intel-ocl,cpu,conv,512,iso,504,1538100,1687400
P3,opencl,intel-ocl,cpu,conv,512,iso,505,1516200,1588200
P3,opencl,intel-ocl,cpu,conv,512,iso,506,1512500,1609600
P3,opencl,intel-ocl,cpu,conv,512,iso,507,1663300,1699200
P3,opencl,intel-ocl,cpu,conv,512,iso,508,1515600,1594700
P3,opencl,intel-ocl,cpu,conv,512,iso,509,1513100,1592000
P3,opencl,intel-ocl,cpu,conv,512,iso,510,1530800,1869700
P3,opencl,intel-ocl,cpu,conv,512,iso,511,1523000,1591400
P3,opencl,intel-ocl,cpu,conv,512,iso,512,1520300,1591800
P3,opencl,intel-ocl,cpu,conv,512,iso,513,1516000,1744700
P3,opencl,intel-ocl,cpu,conv,512,iso,514,1612800,1595300
P3,opencl,intel-ocl,cpu,conv,512,iso,515,1517700,1607000
P3,opencl,intel-ocl,cpu,conv,512,iso,516,1516200,1732200
P3,opencl,intel-ocl,cpu,conv,512,iso,517,1613300,1594100
P3,opencl,intel-ocl,cpu,conv,512,iso,518,1513900,1592000
P3,opencl,intel-ocl,cpu,conv,512,iso,519,1518300,1737400
P3,opencl,intel-ocl,cpu,conv,512,iso,520,1615800,1616300
P3,opencl,intel-ocl,cpu,conv,512,iso,521,1520200,1589800
P3,opencl,intel-ocl,cpu,conv,512,iso,522,1519500,1591800
P3,opencl,intel-ocl,cpu,conv,512,iso,523,1757100,1595800
P3,opencl,intel-ocl,cpu,conv,512,iso,524,1517600,1589100
P3,opencl,intel-ocl,cpu,conv,512,iso,525,1523600,1592500
P3,opencl,intel-ocl,cpu,conv,512,iso,526,1657900,1702300
P3,opencl,intel-ocl,cpu,conv,512,iso,527,1590500,1589100
P3,opencl,intel-ocl,cpu,conv,512,iso,528,1514800,1594400
P3,opencl,intel-ocl,cpu,conv,512,iso,529,1672800,1695900
P3,opencl,intel-ocl,cpu,conv,512,iso,530,1538200,1585400
P3,opencl,intel-ocl,cpu,conv,512,iso,531,1517800,1601900
P3,opencl,intel-ocl,cpu,conv,512,iso,532,1662300,1708800
P3,opencl,intel-ocl,cpu,conv,512,iso,533,1512600,1593200
P3,opencl,intel-ocl,cpu,conv,512,iso,534,1516000,1606200
P3,opencl,intel-ocl,cpu,conv,512,iso,535,1515000,1864300
P3,opencl,intel-ocl,cpu,conv,512,iso,536,1513200,1587100
P3,opencl,intel-ocl,cpu,conv,512,iso,537,1518500,1594100
P3,opencl,intel-ocl,cpu,conv,512,iso,538,1514300,1741400
P3,opencl,intel-ocl,cpu,conv,512,iso,539,1624200,1594600
P3,opencl,intel-ocl,cpu,conv,512,iso,540,1521400,1589400
P3,opencl,intel-ocl,cpu,conv,512,iso,541,1522100,1735500
P3,opencl,intel-ocl,cpu,conv,512,iso,542,1624700,1595000
P3,opencl,intel-ocl,cpu,conv,512,iso,543,1513500,1585800
P3,opencl,intel-ocl,cpu,conv,512,iso,544,1531900,1743100
P3,opencl,intel-ocl,cpu,conv,512,iso,545,1612100,1593700
P3,opencl,intel-ocl,cpu,conv,512,iso,546,1513900,1589000
P3,opencl,intel-ocl,cpu,conv,512,iso,547,1518600,1585700
P3,opencl,intel-ocl,cpu,conv,512,iso,548,1656500,1709100
P3,opencl,intel-ocl,cpu,conv,512,iso,549,1513700,1585700
P3,opencl,intel-ocl,cpu,conv,512,iso,550,1521500,1589600
P3,opencl,intel-ocl,cpu,conv,512,iso,551,1661200,1694600
P3,opencl,intel-ocl,cpu,conv,512,iso,552,1513600,1597100
P3,opencl,intel-ocl,cpu,conv,512,iso,553,1531400,1586500
P3,opencl,intel-ocl,cpu,conv,512,iso,554,1662600,1704600
P3,opencl,intel-ocl,cpu,conv,512,iso,555,1512600,1587700
P3,opencl,intel-ocl,cpu,conv,512,iso,556,1521200,1587700
P3,opencl,intel-ocl,cpu,conv,512,iso,557,1513000,1846800
P3,opencl,intel-ocl,cpu,conv,512,iso,558,1526600,1588000
P3,opencl,intel-ocl,cpu,conv,512,iso,559,1513000,1591100
P3,opencl,intel-ocl,cpu,conv,512,iso,560,1517700,1865000
P3,opencl,intel-ocl,cpu,conv,512,iso,561,1516600,1588800
P3,opencl,intel-ocl,cpu,conv,512,iso,562,1513400,1610800
P3,opencl,intel-ocl,cpu,conv,512,iso,563,1514800,1750900
P3,opencl,intel-ocl,cpu,conv,512,iso,564,1615300,1594700
P3,opencl,intel-ocl,cpu,conv,512,iso,565,1513200,1585900
P3,opencl,intel-ocl,cpu,conv,512,iso,566,1521900,1741900
P3,opencl,intel-ocl,cpu,conv,512,iso,567,1616500,1605200
P3,opencl,intel-ocl,cpu,conv,512,iso,568,1511700,1586400
P3,opencl,intel-ocl,cpu,conv,512,iso,569,1519600,1611400
P3,opencl,intel-ocl,cpu,conv,512,iso,570,1755300,1595100
P3,opencl,intel-ocl,cpu,conv,512,iso,571,1512800,1592900
P3,opencl,intel-ocl,cpu,conv,512,iso,572,1535000,1591800
P3,opencl,intel-ocl,cpu,conv,512,iso,573,1855500,1698700
P3,opencl,intel-ocl,cpu,conv,512,iso,574,1512900,1594900
P3,opencl,intel-ocl,cpu,conv,512,iso,575,1512900,1586000
P3,opencl,intel-ocl,cpu,conv,512,iso,576,1662200,1709300
P3,opencl,intel-ocl,cpu,conv,512,iso,577,1521500,1587000
P3,opencl,intel-ocl,cpu,conv,512,iso,578,1512600,1589700
P3,opencl,intel-ocl,cpu,conv,512,iso,579,1665700,1701100
P3,opencl,intel-ocl,cpu,conv,512,iso,580,1513800,1586600
P3,opencl,intel-ocl,cpu,conv,512,iso,581,1514200,1590100
P3,opencl,intel-ocl,cpu,conv,512,iso,582,1515700,1843400
P3,opencl,intel-ocl,cpu,conv,512,iso,583,1515900,1586100
P3,opencl,intel-ocl,cpu,conv,512,iso,584,1513500,1588800
P3,opencl,intel-ocl,cpu,conv,512,iso,585,1525000,1874800
P3,opencl,intel-ocl,cpu,conv,512,iso,586,1525500,1592700
P3,opencl,intel-ocl,cpu,conv,512,iso,587,1517000,1585500
P3,opencl,intel-ocl,cpu,conv,512,iso,588,1512600,1733900
P3,opencl,intel-ocl,cpu,conv,512,iso,589,1615600,1594300
P3,opencl,intel-ocl,cpu,conv,512,iso,590,1518200,1601200
P3,opencl,intel-ocl,cpu,conv,512,iso,591,1514900,1742000
P3,opencl,intel-ocl,cpu,conv,512,iso,592,1617200,1592600
P3,opencl,intel-ocl,cpu,conv,512,iso,593,1518300,1595700
P3,opencl,intel-ocl,cpu,conv,512,iso,594,1521900,1586900
P3,opencl,intel-ocl,cpu,conv,512,iso,595,1757900,1604400
P3,opencl,intel-ocl,cpu,conv,512,iso,596,1528000,1586600
P3,opencl,intel-ocl,cpu,conv,512,iso,597,1513000,1592800
P3,opencl,intel-ocl,cpu,conv,512,iso,598,1661600,1695400
P3,opencl,intel-ocl,cpu,conv,512,iso,599,1515500,1588300
P3,opencl,intel-ocl,cpu,conv,512,iso,600,1518500,1599800
P3,opencl,intel-ocl,cpu,conv,512,iso,601,1660600,1700100
P3,opencl,intel-ocl,cpu,conv,512,iso,602,1515000,1587300
P3,opencl,intel-ocl,cpu,conv,512,iso,603,1513000,1595300
P3,opencl,intel-ocl,cpu,conv,512,iso,604,1658200,1700700
P3,opencl,intel-ocl,cpu,conv,512,iso,605,1526100,1591900
P3,opencl,intel-ocl,cpu,conv,512,iso,606,1515400,1593200
P3,opencl,intel-ocl,cpu,conv,512,iso,607,1522200,1836700
P3,opencl,intel-ocl,cpu,conv,512,iso,608,1514900,1587200
P3,opencl,intel-ocl,cpu,conv,512,iso,609,1511800,1601500
P3,opencl,intel-ocl,cpu,conv,512,iso,610,1518600,1777600
P3,opencl,intel-ocl,cpu,conv,512,iso,611,1613400,1593100
P3,opencl,intel-ocl,cpu,conv,512,iso,612,1511400,1586600
P3,opencl,intel-ocl,cpu,conv,512,iso,613,1513200,1740100
P3,opencl,intel-ocl,cpu,conv,512,iso,614,1624300,1593000
P3,opencl,intel-ocl,cpu,conv,512,iso,615,1513800,1586500
P3,opencl,intel-ocl,cpu,conv,512,iso,616,1520100,1738900
P3,opencl,intel-ocl,cpu,conv,512,iso,617,1612300,1591500
P3,opencl,intel-ocl,cpu,conv,512,iso,618,1526600,1595800
P3,opencl,intel-ocl,cpu,conv,512,iso,619,1527800,1612200
P3,opencl,intel-ocl,cpu,conv,512,iso,620,1723200,1707500
P3,opencl,intel-ocl,cpu,conv,512,iso,621,1514500,1585900
P3,opencl,intel-ocl,cpu,conv,512,iso,622,1512200,1586300
P3,opencl,intel-ocl,cpu,conv,512,iso,623,1664800,1715800
P3,opencl,intel-ocl,cpu,conv,512,iso,624,1517200,1588000
P3,opencl,intel-ocl,cpu,conv,512,iso,625,1511600,1586800
P3,opencl,intel-ocl,cpu,conv,512,iso,626,1665500,1707900
P3,opencl,intel-ocl,cpu,conv,512,iso,627,1514700,1587000
P3,opencl,intel-ocl,cpu,conv,512,iso,628,1511100,1615100
P3,opencl,intel-ocl,cpu,conv,512,iso,629,1662000,1705700
P3,opencl,intel-ocl,cpu,conv,512,iso,630,1514300,1592100
P3,opencl,intel-ocl,cpu,conv,512,iso,631,1520300,1591200
P3,opencl,intel-ocl,cpu,conv,512,iso,632,1513400,1740000
P3,opencl,intel-ocl,cpu,conv,512,iso,633,1638100,1594100
P3,opencl,intel-ocl,cpu,conv,512,iso,634,1511600,1596900
P3,opencl,intel-ocl,cpu,conv,512,iso,635,1516100,1776900
P3,opencl,intel-ocl,cpu,conv,512,iso,636,1615500,1591500
P3,opencl,intel-ocl,cpu,conv,512,iso,637,1516200,1594200
P3,opencl,intel-ocl,cpu,conv,512,iso,638,1523800,1752000
P3,opencl,intel-ocl,cpu,conv,512,iso,639,1613800,1604200
P3,opencl,intel-ocl,cpu,conv,512,iso,640,1518800,1587500
P3,opencl,intel-ocl,cpu,conv,512,iso,641,1593700,1738100
P3,opencl,intel-ocl,cpu,conv,512,iso,642,1620400,1605800
P3,opencl,intel-ocl,cpu,conv,512,iso,643,1514100,1587100
P3,opencl,intel-ocl,cpu,conv,512,iso,644,1516000,1594300
P3,opencl,intel-ocl,cpu,conv,512,iso,645,1659700,1696000
P3,opencl,intel-ocl,cpu,conv,512,iso,646,1513100,1588300
P3,opencl,intel-ocl,cpu,conv,512,iso,647,1524100,1585600
P3,opencl,intel-ocl,cpu,conv,512,iso,648,1661000,1699200
P3,opencl,intel-ocl,cpu,conv,512,iso,649,1514600,1587600
P3,opencl,intel-ocl,cpu,conv,512,iso,650,1526500,1588100
P3,opencl,intel-ocl,cpu,conv,512,iso,651,1661500,1716400
P3,opencl,intel-ocl,cpu,conv,512,iso,652,1515100,1587900
P3,opencl,intel-ocl,cpu,conv,512,iso,653,1520300,1590200
P3,opencl,intel-ocl,cpu,conv,512,iso,654,1517400,1833200
P3,opencl,intel-ocl,cpu,conv,512,iso,655,1514800,1586200
P3,opencl,intel-ocl,cpu,conv,512,iso,656,1513600,1602000
P3,opencl,intel-ocl,cpu,conv,512,iso,657,1514900,1740100
P3,opencl,intel-ocl,cpu,conv,512,iso,658,1620600,1595600
P3,opencl,intel-ocl,cpu,conv,512,iso,659,1513000,1585500
P3,opencl,intel-ocl,cpu,conv,512,iso,660,1517700,1786300
P3,opencl,intel-ocl,cpu,conv,512,iso,661,1617800,1604400
P3,opencl,intel-ocl,cpu,conv,512,iso,662,1513900,1586900
P3,opencl,intel-ocl,cpu,conv,512,iso,663,1521200,1742400
P3,opencl,intel-ocl,cpu,conv,512,iso,664,1611600,1594100
P3,opencl,intel-ocl,cpu,conv,512,iso,665,1512700,1591500
P3,opencl,intel-ocl,cpu,conv,512,iso,666,1524200,1584700
P3,opencl,intel-ocl,cpu,conv,512,iso,667,1752700,1594500
P3,opencl,intel-ocl,cpu,conv,512,iso,668,1513700,1586300
P3,opencl,intel-ocl,cpu,conv,512,iso,669,1512100,1592200
P3,opencl,intel-ocl,cpu,conv,512,iso,670,1661200,1712900
P3,opencl,intel-ocl,cpu,conv,512,iso,671,1523400,1587400
P3,opencl,intel-ocl,cpu,conv,512,iso,672,1513600,1591000
P3,opencl,intel-ocl,cpu,conv,512,iso,673,1658200,1705300
P3,opencl,intel-ocl,cpu,conv,512,iso,674,1514500,1585400
P3,opencl,intel-ocl,cpu,conv,512,iso,675,1517900,1606400
P3,opencl,intel-ocl,cpu,conv,512,iso,676,1663100,1697500
P3,opencl,intel-ocl,cpu,conv,512,iso,677,1515100,1586700
P3,opencl,intel-ocl,cpu,conv,512,iso,678,1512600,1591700
P3,opencl,intel-ocl,cpu,conv,512,iso,679,1518900,1741100
P3,opencl,intel-ocl,cpu,conv,512,iso,680,1714100,1608700
P3,opencl,intel-ocl,cpu,conv,512,iso,681,1519400,1605400
P3,opencl,intel-ocl,cpu,conv,512,iso,682,1520500,1752500
P3,opencl,intel-ocl,cpu,conv,512,iso,683,1514100,1722900
P3,opencl,intel-ocl,cpu,conv,512,iso,684,1514000,1601700
P3,opencl,intel-ocl,cpu,conv,512,iso,685,1517200,1741100
P3,opencl,intel-ocl,cpu,conv,512,iso,686,1511800,1586600
P3,opencl,intel-ocl,cpu,conv,512,iso,687,1513600,1589800
P3,opencl,intel-ocl,cpu,conv,512,iso,688,1521300,1728500
P3,opencl,intel-ocl,cpu,conv,512,iso,689,1649500,1605800
P3,opencl,intel-ocl,cpu,conv,512,iso,690,1513700,1586400
P3,opencl,intel-ocl,cpu,conv,512,iso,691,1516400,1594600
P3,opencl,intel-ocl,cpu,conv,512,iso,692,1678400,1591900
P3,opencl,intel-ocl,cpu,conv,512,iso,693,1515000,1593100
P3,opencl,intel-ocl,cpu,conv,512,iso,694,1524500,1586400
P3,opencl,intel-ocl,cpu,conv,512,iso,695,1656600,1705800
P3,opencl,intel-ocl,cpu,conv,512,iso,696,1517500,1587100
P3,opencl,intel-ocl,cpu,conv,512,iso,697,1513100,1594900
P3,opencl,intel-ocl,cpu,conv,512,iso,698,1659100,1703300
P3,opencl,intel-ocl,cpu,conv,512,iso,699,1523500,1587000
P3,opencl,intel-ocl,cpu,conv,512,iso,700,1516200,1588600
P3,opencl,intel-ocl,cpu,conv,512,iso,701,1516600,1842700
P3,opencl,intel-ocl,cpu,conv,512,iso,702,1514900,1596000
P3,opencl,intel-ocl,cpu,conv,512,iso,703,1512800,1596900
P3,opencl,intel-ocl,cpu,conv,512,iso,704,1512800,1741000
P3,opencl,intel-ocl,cpu,conv,512,iso,705,1512300,1586500
P3,opencl,intel-ocl,cpu,conv,512,iso,706,1515800,1587900
P3,opencl,intel-ocl,cpu,conv,512,iso,707,1516300,1729400
P3,opencl,intel-ocl,cpu,conv,512,iso,708,1634300,1595800
P3,opencl,intel-ocl,cpu,conv,512,iso,709,1513200,1589600
P3,opencl,intel-ocl,cpu,conv,512,iso,710,1519700,1734900
P3,opencl,intel-ocl,cpu,conv,512,iso,711,1620800,1593700
P3,opencl,intel-ocl,cpu,conv,512,iso,712,1513800,1587000
P3,opencl,intel-ocl,cpu,conv,512,iso,713,1542400,1587700
P3,opencl,intel-ocl,cpu,conv,512,iso,714,1660800,1589700
P3,opencl,intel-ocl,cpu,conv,512,iso,715,1511800,1587800
P3,opencl,intel-ocl,cpu,conv,512,iso,716,1515900,1589600
P3,opencl,intel-ocl,cpu,conv,512,iso,717,1655700,1600900
P3,opencl,intel-ocl,cpu,conv,512,iso,718,1514000,1587900
P3,opencl,intel-ocl,cpu,conv,512,iso,719,1521500,1587100
P3,opencl,intel-ocl,cpu,conv,512,iso,720,1648900,1709700
P3,opencl,intel-ocl,cpu,conv,512,iso,721,1514300,1587000
P3,opencl,intel-ocl,cpu,conv,512,iso,722,1518000,1601900
P3,opencl,intel-ocl,cpu,conv,512,iso,723,1517300,1745700
P3,opencl,intel-ocl,cpu,conv,512,iso,724,1514100,1593000
P3,opencl,intel-ocl,cpu,conv,512,iso,725,1513300,1597900
P3,opencl,intel-ocl,cpu,conv,512,iso,726,1516100,1732100
P3,opencl,intel-ocl,cpu,conv,512,iso,727,1513800,1598800
P3,opencl,intel-ocl,cpu,conv,512,iso,728,1520100,1587900
P3,opencl,intel-ocl,cpu,conv,512,iso,729,1520600,1729500
P3,opencl,intel-ocl,cpu,conv,512,iso,730,1514200,1586700
P3,opencl,intel-ocl,cpu,conv,512,iso,731,1511100,1592700
P3,opencl,intel-ocl,cpu,conv,512,iso,732,1541100,1590400
P3,opencl,intel-ocl,cpu,conv,512,iso,733,1659100,1697100
P3,opencl,intel-ocl,cpu,conv,512,iso,734,1513000,1596300
P3,opencl,intel-ocl,cpu,conv,512,iso,735,1515600,1598600
P3,opencl,intel-ocl,cpu,conv,512,iso,736,1668900,1603300
P3,opencl,intel-ocl,cpu,conv,512,iso,737,1513500,1592000
P3,opencl,intel-ocl,cpu,conv,512,iso,738,1513100,1590000
P3,opencl,intel-ocl,cpu,conv,512,iso,739,1654800,1594000
P3,opencl,intel-ocl,cpu,conv,512,iso,740,1513700,1592500
P3,opencl,intel-ocl,cpu,conv,512,iso,741,1514500,1601800
P3,opencl,intel-ocl,cpu,conv,512,iso,742,1514800,1862900
P3,opencl,intel-ocl,cpu,conv,512,iso,743,1513900,1586500
P3,opencl,intel-ocl,cpu,conv,512,iso,744,1518300,1593400
P3,opencl,intel-ocl,cpu,conv,512,iso,745,1515300,1745800
P3,opencl,intel-ocl,cpu,conv,512,iso,746,1515600,1588000
P3,opencl,intel-ocl,cpu,conv,512,iso,747,1510900,1586200
P3,opencl,intel-ocl,cpu,conv,512,iso,748,1520900,1725600
P3,opencl,intel-ocl,cpu,conv,512,iso,749,1513500,1589200
P3,opencl,intel-ocl,cpu,conv,512,iso,750,1518300,1593500
P3,opencl,intel-ocl,cpu,conv,512,iso,751,1524400,1587900
P3,opencl,intel-ocl,cpu,conv,512,iso,752,1753100,1598100
P3,opencl,intel-ocl,cpu,conv,512,iso,753,1515700,1589800
P3,opencl,intel-ocl,cpu,conv,512,iso,754,1521600,1593000
P3,opencl,intel-ocl,cpu,conv,512,iso,755,1665100,1610800
P3,opencl,intel-ocl,cpu,conv,512,iso,756,1543000,1586100
P3,opencl,intel-ocl,cpu,conv,512,iso,757,1512800,1583900
P3,opencl,intel-ocl,cpu,conv,512,iso,758,1649400,1589800
P3,opencl,intel-ocl,cpu,conv,512,iso,759,1515300,1593700
P3,opencl,intel-ocl,cpu,conv,512,iso,760,1514200,1604300
P3,opencl,intel-ocl,cpu,conv,512,iso,761,1521800,1725600
P3,opencl,intel-ocl,cpu,conv,512,iso,762,1513500,1584800
P3,opencl,intel-ocl,cpu,conv,512,iso,763,1518700,1591200
P3,opencl,intel-ocl,cpu,conv,512,iso,764,1519400,1732400
P3,opencl,intel-ocl,cpu,conv,512,iso,765,1619600,1592200
P3,opencl,intel-ocl,cpu,conv,512,iso,766,1512600,1595900
P3,opencl,intel-ocl,cpu,conv,512,iso,767,1517100,1742300
P3,opencl,intel-ocl,cpu,conv,512,iso,768,1512500,1587300
P3,opencl,intel-ocl,cpu,conv,512,iso,769,1513800,1591100
P3,opencl,intel-ocl,cpu,conv,512,iso,770,1521500,1585200
P3,opencl,intel-ocl,cpu,conv,512,iso,771,1656600,1593000
P3,opencl,intel-ocl,cpu,conv,512,iso,772,1514300,1587000
P3,opencl,intel-ocl,cpu,conv,512,iso,773,1519400,1592700
P3,opencl,intel-ocl,cpu,conv,512,iso,774,1651600,1710000
P3,opencl,intel-ocl,cpu,conv,512,iso,775,1515100,1603200
P3,opencl,intel-ocl,cpu,conv,512,iso,776,1511900,1591600
P3,opencl,intel-ocl,cpu,conv,512,iso,777,1669500,1590400
P3,opencl,intel-ocl,cpu,conv,512,iso,778,1512900,1590600
P3,opencl,intel-ocl,cpu,conv,512,iso,779,1521100,1657200
P3,opencl,intel-ocl,cpu,conv,512,iso,780,1668700,1606500
P3,opencl,intel-ocl,cpu,conv,512,iso,781,1514600,1585900
P3,opencl,intel-ocl,cpu,conv,512,iso,782,1520400,1595400
P3,opencl,intel-ocl,cpu,conv,512,iso,783,1513700,1731000
P3,opencl,intel-ocl,cpu,conv,512,iso,784,1645700,1596400
P3,opencl,intel-ocl,cpu,conv,512,iso,785,1512300,1585900
P3,opencl,intel-ocl,cpu,conv,512,iso,786,1512400,1744900
P3,opencl,intel-ocl,cpu,conv,512,iso,787,1514500,1595300
P3,opencl,intel-ocl,cpu,conv,512,iso,788,1512400,1585800
P3,opencl,intel-ocl,cpu,conv,512,iso,789,1524700,1735500
P3,opencl,intel-ocl,cpu,conv,512,iso,790,1513600,1588500
P3,opencl,intel-ocl,cpu,conv,512,iso,791,1517200,1591300
P3,opencl,intel-ocl,cpu,conv,512,iso,792,1511500,1588300
P3,opencl,intel-ocl,cpu,conv,512,iso,793,1656400,1604200
P3,opencl,intel-ocl,cpu,conv,512,iso,794,1512900,1590800
P3,opencl,intel-ocl,cpu,conv,512,iso,795,1545100,1586500
P3,opencl,intel-ocl,cpu,conv,512,iso,796,1657400,1709800
P3,opencl,intel-ocl,cpu,conv,512,iso,797,1514000,1592100
P3,opencl,intel-ocl,cpu,conv,512,iso,798,1528600,1673200
P3,opencl,intel-ocl,cpu,conv,512,iso,799,1666200,1594700
P3,opencl,intel-ocl,cpu,conv,512,iso,800,1513600,1585100
P3,opencl,intel-ocl,cpu,conv,512,iso,801,1513400,1591700
P3,opencl,intel-ocl,cpu,conv,512,iso,802,1517800,1726900
P3,opencl,intel-ocl,cpu,conv,512,iso,803,1524600,1587700
P3,opencl,intel-ocl,cpu,conv,512,iso,804,1522400,1591900
P3,opencl,intel-ocl,cpu,conv,512,iso,805,1513500,1741700
P3,opencl,intel-ocl,cpu,conv,512,iso,806,1617200,1592700
P3,opencl,intel-ocl,cpu,conv,512,iso,807,1513400,1598600
P3,opencl,intel-ocl,cpu,conv,512,iso,808,1521800,1748900
P3,opencl,intel-ocl,cpu,conv,512,iso,809,1618700,1606600
P3,opencl,intel-ocl,cpu,conv,512,iso,810,1514900,1586100
P3,opencl,intel-ocl,cpu,conv,512,iso,811,1518900,1740800
P3,opencl,intel-ocl,cpu,conv,512,iso,812,1523500,1600100
P3,opencl,intel-ocl,cpu,conv,512,iso,813,1512600,1597800
P3,opencl,intel-ocl,cpu,conv,512,iso,814,1878600,1644000
P3,opencl,intel-ocl,cpu,conv,512,iso,815,1599800,1591700
P3,opencl,intel-ocl,cpu,conv,512,iso,816,1514300,1611800
P3,opencl,intel-ocl,cpu,conv,512,iso,817,1514200,1587800
P3,opencl,intel-ocl,cpu,conv,512,iso,818,1531500,1594400
P3,opencl,intel-ocl,cpu,conv,512,iso,819,1512500,1594100
P3,opencl,intel-ocl,cpu,conv,512,iso,820,1526300,1587200
P3,opencl,intel-ocl,cpu,conv,512,iso,821,1539400,1626100
P3,opencl,intel-ocl,cpu,conv,512,iso,822,1612200,1597800
P3,opencl,intel-ocl,cpu,conv,512,iso,823,1514000,1587900
P3,opencl,intel-ocl,cpu,conv,512,iso,824,1512800,1606700
P3,opencl,intel-ocl,cpu,conv,512,iso,825,1519700,1606600
P3,opencl,intel-ocl,cpu,conv,512,iso,826,1513700,1599400
P3,opencl,intel-ocl,cpu,conv,512,iso,827,1518000,1735200
P3,opencl,intel-ocl,cpu,conv,512,iso,828,1520900,1588100
P3,opencl,intel-ocl,cpu,conv,512,iso,829,1515400,1586800
P3,opencl,intel-ocl,cpu,conv,512,iso,830,1512900,1749300
P3,opencl,intel-ocl,cpu,conv,512,iso,831,1628600,1596100
P3,opencl,intel-ocl,cpu,conv,512,iso,832,1514000,1587000
P3,opencl,intel-ocl,cpu,conv,512,iso,833,1512800,1594700
P3,opencl,intel-ocl,cpu,conv,512,iso,834,1755900,1599100
P3,opencl,intel-ocl,cpu,conv,512,iso,835,1513500,1587100
P3,opencl,intel-ocl,cpu,conv,512,iso,836,1552600,1586200
P3,opencl,intel-ocl,cpu,conv,512,iso,837,1657500,1696900
P3,opencl,intel-ocl,cpu,conv,512,iso,838,1517300,1590300
P3,opencl,intel-ocl,cpu,conv,512,iso,839,1514200,1586200
P3,opencl,intel-ocl,cpu,conv,512,iso,840,1659000,1599000
P3,opencl,intel-ocl,cpu,conv,512,iso,841,1609900,1590900
P3,opencl,intel-ocl,cpu,conv,512,iso,842,1514800,1592600
P3,opencl,intel-ocl,cpu,conv,512,iso,843,1513800,1825000
P3,opencl,intel-ocl,cpu,conv,512,iso,844,1514500,1586000
P3,opencl,intel-ocl,cpu,conv,512,iso,845,1513300,1598700
P3,opencl,intel-ocl,cpu,conv,512,iso,846,1516000,1742700
P3,opencl,intel-ocl,cpu,conv,512,iso,847,1517100,1586900
P3,opencl,intel-ocl,cpu,conv,512,iso,848,1517900,1587600
P3,opencl,intel-ocl,cpu,conv,512,iso,849,1513000,1727600
P3,opencl,intel-ocl,cpu,conv,512,iso,850,1512800,1597500
P3,opencl,intel-ocl,cpu,conv,512,iso,851,1522300,1601000
P3,opencl,intel-ocl,cpu,conv,512,iso,852,1512400,1732900
P3,opencl,intel-ocl,cpu,conv,512,iso,853,1614500,1593500
P3,opencl,intel-ocl,cpu,conv,512,iso,854,1513600,1586000
P3,opencl,intel-ocl,cpu,conv,512,iso,855,1530600,1592800
P3,opencl,intel-ocl,cpu,conv,512,iso,856,1660800,1591100
P3,opencl,intel-ocl,cpu,conv,512,iso,857,1519500,1589400
P3,opencl,intel-ocl,cpu,conv,512,iso,858,1512300,1591200
P3,opencl,intel-ocl,cpu,conv,512,iso,859,1650400,1714200
P3,opencl,intel-ocl,cpu,conv,512,iso,860,1514300,1586200
P3,opencl,intel-ocl,cpu,conv,512,iso,861,1511600,1585700
P3,opencl,intel-ocl,cpu,conv,512,iso,862,1666800,1700900
P3,opencl,intel-ocl,cpu,conv,512,iso,863,1514300,1584500
P3,opencl,intel-ocl,cpu,conv,512,iso,864,1516000,1606900
P3,opencl,intel-ocl,cpu,conv,512,iso,865,1522000,1742400
P3,opencl,intel-ocl,cpu,conv,512,iso,866,1513600,1585400
P3,opencl,intel-ocl,cpu,conv,512,iso,867,1512900,1591500
P3,opencl,intel-ocl,cpu,conv,512,iso,868,1513100,1725400
P3,opencl,intel-ocl,cpu,conv,512,iso,869,1649500,1596100
P3,opencl,intel-ocl,cpu,conv,512,iso,870,1522600,1595000
P3,opencl,intel-ocl,cpu,conv,512,iso,871,1513500,1736900
P3,opencl,intel-ocl,cpu,conv,512,iso,872,1519800,1598400
P3,opencl,intel-ocl,cpu,conv,512,iso,873,1512600,1591300
P3,opencl,intel-ocl,cpu,conv,512,iso,874,1531300,1590000
P3,opencl,intel-ocl,cpu,conv,512,iso,875,1783700,1597700
P3,opencl,intel-ocl,cpu,conv,512,iso,876,1516700,1589900
P3,opencl,intel-ocl,cpu,conv,512,iso,877,1519600,1588200
P3,opencl,intel-ocl,cpu,conv,512,iso,878,1668600,1607900
P3,opencl,intel-ocl,cpu,conv,512,iso,879,1514100,1590900
P3,opencl,intel-ocl,cpu,conv,512,iso,880,1513600,1586900
P3,opencl,intel-ocl,cpu,conv,512,iso,881,1657300,1593500
P3,opencl,intel-ocl,cpu,conv,512,iso,882,1519500,1586200
P3,opencl,intel-ocl,cpu,conv,512,iso,883,1526500,1613600
P3,opencl,intel-ocl,cpu,conv,512,iso,884,1512500,1849200
P3,opencl,intel-ocl,cpu,conv,512,iso,885,1516400,1590500
P3,opencl,intel-ocl,cpu,conv,512,iso,886,1519600,1586800
P3,opencl,intel-ocl,cpu,conv,512,iso,887,1522800,1831500
P3,opencl,intel-ocl,cpu,conv,512,iso,888,1523600,1588000
P3,opencl,intel-ocl,cpu,conv,512,iso,889,1513800,1585900
P3,opencl,intel-ocl,cpu,conv,512,iso,890,1518700,1728400
P3,opencl,intel-ocl,cpu,conv,512,iso,891,1515300,1587000
P3,opencl,intel-ocl,cpu,conv,512,iso,892,1515200,1586200
P3,opencl,intel-ocl,cpu,conv,512,iso,893,1529900,1744000
P3,opencl,intel-ocl,cpu,conv,512,iso,894,1621500,1601100
P3,opencl,intel-ocl,cpu,conv,512,iso,895,1518300,1587600
P3,opencl,intel-ocl,cpu,conv,512,iso,896,1512400,1596500
P3,opencl,intel-ocl,cpu,conv,512,iso,897,1664400,1603200
P3,opencl,intel-ocl,cpu,conv,512,iso,898,1513600,1592600
P3,opencl,intel-ocl,cpu,conv,512,iso,899,1511700,1586600
P3,opencl,intel-ocl,cpu,conv,512,iso,900,1656300,1591600
P3,opencl,intel-ocl,cpu,conv,512,iso,901,1513600,1584500
P3,opencl,intel-ocl,cpu,conv,512,iso,902,1531900,1587600
P3,opencl,intel-ocl,cpu,conv,512,iso,903,1652900,1591200
P3,opencl,intel-ocl,cpu,conv,512,iso,904,1521200,1584700
P3,opencl,intel-ocl,cpu,conv,512,iso,905,1520300,1595400
P3,opencl,intel-ocl,cpu,conv,512,iso,906,1512900,1832600
P3,opencl,intel-ocl,cpu,conv,512,iso,907,1525500,1586100
P3,opencl,intel-ocl,cpu,conv,512,iso,908,1518000,1593300
P3,opencl,intel-ocl,cpu,conv,512,iso,909,1515300,1738200
P3,opencl,intel-ocl,cpu,conv,512,iso,910,1513500,1584200
P3,opencl,intel-ocl,cpu,conv,512,iso,911,1520400,1601100
P3,opencl,intel-ocl,cpu,conv,512,iso,912,1513200,1727400
P3,opencl,intel-ocl,cpu,conv,512,iso,913,1516100,1587600
P3,opencl,intel-ocl,cpu,conv,512,iso,914,1513400,1602700
P3,opencl,intel-ocl,cpu,conv,512,iso,915,1515500,1585200
P3,opencl,intel-ocl,cpu,conv,512,iso,916,1748900,1601500
P3,opencl,intel-ocl,cpu,conv,512,iso,917,1512800,1587400
P3,opencl,intel-ocl,cpu,conv,512,iso,918,1516400,1591400
P3,opencl,intel-ocl,cpu,conv,512,iso,919,1665000,1591700
P3,opencl,intel-ocl,cpu,conv,512,iso,920,1514100,1591900
P3,opencl,intel-ocl,cpu,conv,512,iso,921,1512400,1590000
P3,opencl,intel-ocl,cpu,conv,512,iso,922,1649500,1599000
P3,opencl,intel-ocl,cpu,conv,512,iso,923,1513300,1585100
P3,opencl,intel-ocl,cpu,conv,512,iso,924,1521300,1593300
P3,opencl,intel-ocl,cpu,conv,512,iso,925,1522200,1834900
P3,opencl,intel-ocl,cpu,conv,512,iso,926,1517400,1591700
P3,opencl,intel-ocl,cpu,conv,512,iso,927,1518700,1586200
P3,opencl,intel-ocl,cpu,conv,512,iso,928,1514300,1746600
P3,opencl,intel-ocl,cpu,conv,512,iso,929,1514800,1586600
P3,opencl,intel-ocl,cpu,conv,512,iso,930,1516800,1593700
P3,opencl,intel-ocl,cpu,conv,512,iso,931,1530500,1727300
P3,opencl,intel-ocl,cpu,conv,512,iso,932,1519200,1588500
P3,opencl,intel-ocl,cpu,conv,512,iso,933,1515600,1587700
P3,opencl,intel-ocl,cpu,conv,512,iso,934,1520900,1591000
P3,opencl,intel-ocl,cpu,conv,512,iso,935,1648900,1610400
P3,opencl,intel-ocl,cpu,conv,512,iso,936,1511200,1665700
P3,opencl,intel-ocl,cpu,conv,512,iso,937,1513600,1592700
P3,opencl,intel-ocl,cpu,conv,512,iso,938,1657100,1695900
P3,opencl,intel-ocl,cpu,conv,512,iso,939,1515200,1586700
P3,opencl,intel-ocl,cpu,conv,512,iso,940,1526100,1594900
P3,opencl,intel-ocl,cpu,conv,512,iso,941,1667500,1599300
P3,opencl,intel-ocl,cpu,conv,512,iso,942,1516700,1588700
P3,opencl,intel-ocl,cpu,conv,512,iso,943,1530300,1586900
P3,opencl,intel-ocl,cpu,conv,512,iso,944,1648700,1597000
P3,opencl,intel-ocl,cpu,conv,512,iso,945,1523600,1591000
P3,opencl,intel-ocl,cpu,conv,512,iso,946,1513800,1600300
P3,opencl,intel-ocl,cpu,conv,512,iso,947,1521700,1729300
P3,opencl,intel-ocl,cpu,conv,512,iso,948,1617800,1592000
P3,opencl,intel-ocl,cpu,conv,512,iso,949,1512700,1597900
P3,opencl,intel-ocl,cpu,conv,512,iso,950,1513800,1741300
P3,opencl,intel-ocl,cpu,conv,512,iso,951,1519900,1587500
P3,opencl,intel-ocl,cpu,conv,512,iso,952,1518700,1586100
P3,opencl,intel-ocl,cpu,conv,512,iso,953,1514300,1734900
P3,opencl,intel-ocl,cpu,conv,512,iso,954,1519100,1597500
P3,opencl,intel-ocl,cpu,conv,512,iso,955,1513000,1591900
P3,opencl,intel-ocl,cpu,conv,512,iso,956,1593300,1596600
P3,opencl,intel-ocl,cpu,conv,512,iso,957,1790900,1595500
P3,opencl,intel-ocl,cpu,conv,512,iso,958,1515200,1592200
P3,opencl,intel-ocl,cpu,conv,512,iso,959,1515500,1586900
P3,opencl,intel-ocl,cpu,conv,512,iso,960,1659500,1591900
P3,opencl,intel-ocl,cpu,conv,512,iso,961,1521100,1587300
P3,opencl,intel-ocl,cpu,conv,512,iso,962,1517900,1591100
P3,opencl,intel-ocl,cpu,conv,512,iso,963,1651800,1711900
P3,opencl,intel-ocl,cpu,conv,512,iso,964,1524100,1594200
P3,opencl,intel-ocl,cpu,conv,512,iso,965,1517600,1595800
P3,opencl,intel-ocl,cpu,conv,512,iso,966,1519200,1841700
P3,opencl,intel-ocl,cpu,conv,512,iso,967,1515400,1595700
P3,opencl,intel-ocl,cpu,conv,512,iso,968,1519000,1602100
P3,opencl,intel-ocl,cpu,conv,512,iso,969,1518200,1742300
P3,opencl,intel-ocl,cpu,conv,512,iso,970,1614900,1595800
P3,opencl,intel-ocl,cpu,conv,512,iso,971,1513700,1585800
P3,opencl,intel-ocl,cpu,conv,512,iso,972,1511900,1744300
P3,opencl,intel-ocl,cpu,conv,512,iso,973,1634300,1595300
P3,opencl,intel-ocl,cpu,conv,512,iso,974,1513700,1586200
P3,opencl,intel-ocl,cpu,conv,512,iso,975,1522900,1754900
P3,opencl,intel-ocl,cpu,conv,512,iso,976,1614200,1594400
P3,opencl,intel-ocl,cpu,conv,512,iso,977,1514700,1594800
P3,opencl,intel-ocl,cpu,conv,512,iso,978,1525000,1599600
P3,opencl,intel-ocl,cpu,conv,512,iso,979,1765700,1603700
P3,opencl,intel-ocl,cpu,conv,512,iso,980,1513500,1586000
P3,opencl,intel-ocl,cpu,conv,512,iso,981,1512700,1594000
P3,opencl,intel-ocl,cpu,conv,512,iso,982,1663100,1712800
P3,opencl,intel-ocl,cpu,conv,512,iso,983,1514600,1586400
P3,opencl,intel-ocl,cpu,conv,512,iso,984,1513400,1590400
P3,opencl,intel-ocl,cpu,conv,512,iso,985,1667100,1732400
P3,opencl,intel-ocl,cpu,conv,512,iso,986,1513900,1587900
P3,opencl,intel-ocl,cpu,conv,512,iso,987,1518700,1598100
P3,opencl,intel-ocl,cpu,conv,512,iso,988,1662200,1706400
P3,opencl,intel-ocl,cpu,conv,512,iso,989,1523600,1591100
P3,opencl,intel-ocl,cpu,conv,512,iso,990,1518600,1587500
P3,opencl,intel-ocl,cpu,conv,512,iso,991,1516600,1735800
P3,opencl,intel-ocl,cpu,conv,512,iso,992,1627000,1592900
P3,opencl,intel-ocl,cpu,conv,512,iso,993,1513400,1598200
P3,opencl,intel-ocl,cpu,conv,512,iso,994,1521200,1738000
P3,opencl,intel-ocl,cpu,conv,512,iso,995,1614400,1596800
P3,opencl,intel-ocl,cpu,conv,512,iso,996,1512600,1587900
P3,opencl,intel-ocl,cpu,conv,512,iso,997,1523600,1744800
P3,opencl,intel-ocl,cpu,conv,512,iso,998,1522400,1729600
P3,opencl,intel-ocl,cpu,conv,512,iso,999,1523200,1603400
P3,sycl,dpcpp-ocl-jit-usm,cpu,conv,512,iso,0,1582400,1702700
P3,sycl,dpcpp-ocl-jit-usm,cpu,conv,512,iso,1,1436700,1561800
P3,sycl,dpcpp-ocl-jit-usm,cpu,conv,512,iso,2,1439000,1557200
P3,sycl,dpcpp-ocl-jit-usm,cpu,conv,512,iso,3,1435700,1818600
P3,sycl,dpcpp-ocl-jit-usm,cpu,conv,512,iso,4,1440500,1554800
P3,sycl,dpcpp-ocl-jit-usm,cpu,conv,512,iso,5,1432900,1560200
P3,sycl,dpcpp-ocl-jit-usm,cpu,conv,512,iso,6,1429900,1706400
P3,sycl,dpcpp-ocl-jit-usm,cpu,conv,512,iso,7,1536900,1568200
P3,sycl,dpcpp-ocl-jit-usm,cpu,conv,512,iso,8,1433200,1550600
P3,sycl,dpcpp-ocl-jit-usm,cpu,conv,512,iso,9,1449200,1559600
P3,sycl,dpcpp-ocl-jit-usm,cpu,conv,512,iso,10,1681000,1568000
P3,sycl,dpcpp-ocl-jit-usm,cpu,conv,512,iso,11,1432200,1552800
P3,sycl,dpcpp-ocl-jit-usm,cpu,conv,512,iso,12,1431200,1547600
P3,sycl,dpcpp-ocl-jit-usm,cpu,conv,512,iso,13,1581800,1674500
P3,sycl,dpcpp-ocl-jit-usm,cpu,conv,512,iso,14,1447900,1551600
P3,sycl,dpcpp-ocl-jit-usm,cpu,conv,512,iso,15,1431800,1547900
P3,sycl,dpcpp-ocl-jit-usm,cpu,conv,512,iso,16,1429300,1707600
P3,sycl,dpcpp-ocl-jit-usm,cpu,conv,512,iso,17,1539800,1559100
P3,sycl,dpcpp-ocl-jit-usm,cpu,conv,512,iso,18,1434900,1553700
P3,sycl,dpcpp-ocl-jit-usm,cpu,conv,512,iso,19,1433700,1702600
P3,sycl,dpcpp-ocl-jit-usm,cpu,conv,512,iso,20,1537700,1561200
P3,sycl,dpcpp-ocl-jit-usm,cpu,conv,512,iso,21,1429000,1545200
P3,sycl,dpcpp-ocl-jit-usm,cpu,conv,512,iso,22,1433800,1548500
P3,sycl,dpcpp-ocl-jit-usm,cpu,conv,512,iso,23,1714900,1607100
P3,sycl,dpcpp-ocl-jit-usm,cpu,conv,512,iso,24,1430100,1547200
P3,sycl,dpcpp-ocl-jit-usm,cpu,conv,512,iso,25,1431400,1556400
P3,sycl,dpcpp-ocl-jit-usm,cpu,conv,512,iso,26,1576500,1670300
P3,sycl,dpcpp-ocl-jit-usm,cpu,conv,512,iso,27,1434500,1548200
P3,sycl,dpcpp-ocl-jit-usm,cpu,conv,512,iso,28,1426800,1671500
P3,sycl,dpcpp-ocl-jit-usm,cpu,conv,512,iso,29,1435200,1820800
P3,sycl,dpcpp-ocl-jit-usm,cpu,conv,512,iso,30,1434100,1547500
P3,sycl,dpcpp-ocl-jit-usm,cpu,conv,512,iso,31,1431000,1548300
P3,sycl,dpcpp-ocl-jit-usm,cpu,conv,512,iso,32,1429900,1703700
P3,sycl,dpcpp-ocl-jit-usm,cpu,conv,512,iso,33,1534500,1564200
P3,sycl,dpcpp-ocl-jit-usm,cpu,conv,512,iso,34,1430300,1545700
P3,sycl,dpcpp-ocl-jit-usm,cpu,conv,512,iso,35,1443900,1558100
P3,sycl,dpcpp-ocl-jit-usm,cpu,conv,512,iso,36,1585700,1672600
P3,sycl,dpcpp-ocl-jit-usm,cpu,conv,512,iso,37,1430400,1552900
P3,sycl,dpcpp-ocl-jit-usm,cpu,conv,512,iso,38,1440200,1562700
P3,sycl,dpcpp-ocl-jit-usm,cpu,conv,512,iso,39,1586200,1675500
P3,sycl,dpcpp-ocl-jit-usm,cpu,conv,512,iso,40,1435000,1554700
P3,sycl,dpcpp-ocl-jit-usm,cpu,conv,512,iso,41,1434100,1546000
P3,sycl,dpcpp-ocl-jit-usm,cpu,conv,512,iso,42,1436200,1705000
P3,sycl,dpcpp-ocl-jit-usm,cpu,conv,512,iso,43,1549200,1642800
P3,sycl,dpcpp-ocl-jit-usm,cpu,conv,512,iso,44,1430000,1547600
P3,sycl,dpcpp-ocl-jit-usm,cpu,conv,512,iso,45,1429100,1699600
P3,sycl,dpcpp-ocl-jit-usm,cpu,conv,512,iso,46,1533300,1561200
P3,sycl,dpcpp-ocl-jit-usm,cpu,conv,512,iso,47,1428400,1548300
P3,sycl,dpcpp-ocl-jit-usm,cpu,conv,512,iso,48,1436700,1555700
P3,sycl,dpcpp-ocl-jit-usm,cpu,conv,512,iso,49,1611700,1666000
P3,sycl,dpcpp-ocl-jit-usm,cpu,conv,512,iso,50,1429900,1550400
P3,sycl,dpcpp-ocl-jit-usm,cpu,conv,512,iso,51,1437500,1556600
P3,sycl,dpcpp-ocl-jit-usm,cpu,conv,512,iso,52,1581400,1670200
P3,sycl,dpcpp-ocl-jit-usm,cpu,conv,512,iso,53,1446500,1552100
P3,sycl,dpcpp-ocl-jit-usm,cpu,conv,512,iso,54,1429700,1553400
P3,sycl,dpcpp-ocl-jit-usm,cpu,conv,512,iso,55,1428700,1810300
P3,sycl,dpcpp-ocl-jit-usm,cpu,conv,512,iso,56,1433800,1549900
P3,sycl,dpcpp-ocl-jit-usm,cpu,conv,512,iso,57,1426200,1545300
P3,sycl,dpcpp-ocl-jit-usm,cpu,conv,512,iso,58,1442400,1705300
P3,sycl,dpcpp-ocl-jit-usm,cpu,conv,512,iso,59,1535200,1562200
P3,sycl,dpcpp-ocl-jit-usm,cpu,conv,512,iso,60,1430900,1561600
P3,sycl,dpcpp-ocl-jit-usm,cpu,conv,512,iso,61,1437500,1554600
P3,sycl,dpcpp-ocl-jit-usm,cpu,conv,512,iso,62,1580900,1683200
P3,sycl,dpcpp-ocl-jit-usm,cpu,conv,512,iso,63,1433600,1576200
P3,sycl,dpcpp-ocl-jit-usm,cpu,conv,512,iso,64,1433800,1626700
P3,sycl,dpcpp-ocl-jit-usm,cpu,conv,512,iso,65,1579100,1667000
P3,sycl,dpcpp-ocl-jit-usm,cpu,conv,512,iso,66,1440700,1550400
P3,sycl,dpcpp-ocl-jit-usm,cpu,conv,512,iso,67,1428800,1565800
P3,sycl,dpcpp-ocl-jit-usm,cpu,conv,512,iso,68,1429900,1709200
P3,sycl,dpcpp-ocl-jit-usm,cpu,conv,512,iso,69,1537300,1562800
P3,sycl,dpcpp-ocl-jit-usm,cpu,conv,512,iso,70,1429900,1548400
P3,sycl,dpcpp-ocl-jit-usm,cpu,conv,512,iso,71,1428900,1706800
P3,sycl,dpcpp-ocl-jit-usm,cpu,conv,512,iso,72,1538600,1587200
P3,sycl,dpcpp-ocl-jit-usm,cpu,conv,512,iso,73,1429700,1547300
P3,sycl,dpcpp-ocl-jit-usm,cpu,conv,512,iso,74,1431100,1546000
P3,sycl,dpcpp-ocl-jit-usm,cpu,conv,512,iso,75,1610200,1668800
P3,sycl,dpcpp-ocl-jit-usm,cpu,conv,512,iso,76,1434600,1548500
P3,sycl,dpcpp-ocl-jit-usm,cpu,conv,512,iso,77,1435500,1561800
P3,sycl,dpcpp-ocl-jit-usm,cpu,conv,512,iso,78,1577900,1673900
P3,sycl,dpcpp-ocl-jit-usm,cpu,conv,512,iso,79,1434500,1546400
P3,sycl,dpcpp-ocl-jit-usm,cpu,conv,512,iso,80,1429500,1544700
P3,sycl,dpcpp-ocl-jit-usm,cpu,conv,512,iso,81,1427900,1700100
P3,sycl,dpcpp-ocl-jit-usm,cpu,conv,512,iso,82,1546900,1569000
P3,sycl,dpcpp-ocl-jit-usm,cpu,conv,512,iso,83,1433300,2007900
P3,sycl,dpcpp-ocl-jit-usm,cpu,conv,512,iso,84,1439800,1667200
P3,sycl,dpcpp-ocl-jit-usm,cpu,conv,512,iso,85,1525400,1589000
P3,sycl,dpcpp-ocl-jit-usm,cpu,conv,512,iso,86,1432200,1561800
P3,sycl,dpcpp-ocl-jit-usm,cpu,conv,512,iso,87,1430300,1547900
P3,sycl,dpcpp-ocl-jit-usm,cpu,conv,512,iso,88,1538800,1569400
P3,sycl,dpcpp-ocl-jit-usm,cpu,conv,512,iso,89,1433600,1551300
P3,sycl,dpcpp-ocl-jit-usm,cpu,conv,512,iso,90,1428900,1547400
P3,sycl,dpcpp-ocl-jit-usm,cpu,conv,512,iso,91,1448100,1652500
P3,sycl,dpcpp-ocl-jit-usm,cpu,conv,512,iso,92,1434100,1550900
P3,sycl,dpcpp-ocl-jit-usm,cpu,conv,512,iso,93,1443700,1559500
P3,sycl,dpcpp-ocl-jit-usm,cpu,conv,512,iso,94,1429000,1712100
P3,sycl,dpcpp-ocl-jit-usm,cpu,conv,512,iso,95,1538200,1562000
P3,sycl,dpcpp-ocl-jit-usm,cpu,conv,512,iso,96,1428500,1549000
P3,sycl,dpcpp-ocl-jit-usm,cpu,conv,512,iso,97,1442000,1704200
P3,sycl,dpcpp-ocl-jit-usm,cpu,conv,512,iso,98,1539000,1558900
P3,sycl,dpcpp-ocl-jit-usm,cpu,conv,512,iso,99,1430600,1554300
P3,sycl,dpcpp-ocl-jit-usm,cpu,conv,512,iso,100,1429800,1544500
P3,sycl,dpcpp-ocl-jit-usm,cpu,conv,512,iso,101,1617700,1681600
P3,sycl,dpcpp-ocl-jit-usm,cpu,conv,512,iso,102,1434800,1553800
P3,sycl,dpcpp-ocl-jit-usm,cpu,conv,512,iso,103,1437000,1555700
P3,sycl,dpcpp-ocl-jit-usm,cpu,conv,512,iso,104,1578900,1682000
P3,sycl,dpcpp-ocl-jit-usm,cpu,conv,512,iso,105,1431300,1547600
P3,sycl,dpcpp-ocl-jit-usm,cpu,conv,512,iso,106,1429500,1569200
P3,sycl,dpcpp-ocl-jit-usm,cpu,conv,512,iso,107,1428200,1703000
P3,sycl,dpcpp-ocl-jit-usm,cpu,conv,512,iso,108,1536700,1644500
P3,sycl,dpcpp-ocl-jit-usm,cpu,conv,512,iso,109,1431400,1547900
P3,sycl,dpcpp-ocl-jit-usm,cpu,conv,512,iso,110,1427600,1698700
P3,sycl,dpcpp-ocl-jit-usm,cpu,conv,512,iso,111,1535500,1575700
P3,sycl,dpcpp-ocl-jit-usm,cpu,conv,512,iso,112,1437800,1555300
P3,sycl,dpcpp-ocl-jit-usm,cpu,conv,512,iso,113,1436900,1553700
P3,sycl,dpcpp-ocl-jit-usm,cpu,conv,512,iso,114,1578900,1670300
P3,sycl,dpcpp-ocl-jit-usm,cpu,conv,512,iso,115,1434500,1554000
P3,sycl,dpcpp-ocl-jit-usm,cpu,conv,512,iso,116,1429400,1559500
P3,sycl,dpcpp-ocl-jit-usm,cpu,conv,512,iso,117,1585900,1673700
P3,sycl,dpcpp-ocl-jit-usm,cpu,conv,512,iso,118,1435200,1548500
P3,sycl,dpcpp-ocl-jit-usm,cpu,conv,512,iso,119,1429000,1545600
P3,sycl,dpcpp-ocl-jit-usm,cpu,conv,512,iso,120,1429100,1727700
P3,sycl,dpcpp-ocl-jit-usm,cpu,conv,512,iso,121,1550000,1560900
P3,sycl,dpcpp-ocl-jit-usm,cpu,conv,512,iso,122,1428200,1553200
P3,sycl,dpcpp-ocl-jit-usm,cpu,conv,512,iso,123,1433900,1713500
P3,sycl,dpcpp-ocl-jit-usm,cpu,conv,512,iso,124,1539100,1559900
P3,sycl,dpcpp-ocl-jit-usm,cpu,conv,512,iso,125,1429000,1551900
P3,sycl,dpcpp-ocl-jit-usm,cpu,conv,512,iso,126,1457800,1554300
P3,sycl,dpcpp-ocl-jit-usm,cpu,conv,512,iso,127,1593100,1671100
P3,sycl,dpcpp-ocl-jit-usm,cpu,conv,512,iso,128,1436400,1545600
P3,sycl,dpcpp-ocl-jit-usm,cpu,conv,512,iso,129,1431100,1547600
P3,sycl,dpcpp-ocl-jit-usm,cpu,conv,512,iso,130,1580400,1674800
P3,sycl,dpcpp-ocl-jit-usm,cpu,conv,512,iso,131,1444200,1549100
P3,sycl,dpcpp-ocl-jit-usm,cpu,conv,512,iso,132,1429700,1551300
P3,sycl,dpcpp-ocl-jit-usm,cpu,conv,512,iso,133,1435900,1709700
P3,sycl,dpcpp-ocl-jit-usm,cpu,conv,512,iso,134,1537400,1561000
P3,sycl,dpcpp-ocl-jit-usm,cpu,conv,512,iso,135,1427100,1558400
P3,sycl,dpcpp-ocl-jit-usm,cpu,conv,512,iso,136,1431300,1705600
P3,sycl,dpcpp-ocl-jit-usm,cpu,conv,512,iso,137,1536700,1559200
P3,sycl,dpcpp-ocl-jit-usm,cpu,conv,512,iso,138,1408200,1550000
P3,sycl,dpcpp-ocl-jit-usm,cpu,conv,512,iso,139,1439400,1559900
P3,sycl,dpcpp-ocl-jit-usm,cpu,conv,512,iso,140,1578700,1682500
P3,sycl,dpcpp-ocl-jit-usm,cpu,conv,512,iso,141,1435400,1549400
P3,sycl,dpcpp-ocl-jit-usm,cpu,conv,512,iso,142,1427500,1568400
P3,sycl,dpcpp-ocl-jit-usm,cpu,conv,512,iso,143,1581500,1672000
P3,sycl,dpcpp-ocl-jit-usm,cpu,conv,512,iso,144,1432600,1549200
P3,sycl,dpcpp-ocl-jit-usm,cpu,conv,512,iso,145,1433700,1564600
P3,sycl,dpcpp-ocl-jit-usm,cpu,conv,512,iso,146,1436000,1699300
P3,sycl,dpcpp-ocl-jit-usm,cpu,conv,512,iso,147,1534900,1561700
P3,sycl,dpcpp-ocl-jit-usm,cpu,conv,512,iso,148,1428700,1549900
P3,sycl,dpcpp-ocl-jit-usm,cpu,conv,512,iso,149,1415200,1703400
P3,sycl,dpcpp-ocl-jit-usm,cpu,conv,512,iso,150,1538700,1572000
P3,sycl,dpcpp-ocl-jit-usm,cpu,conv,512,iso,151,1431300,1547200
P3,sycl,dpcpp-ocl-jit-usm,cpu,conv,512,iso,152,1433300,1549700
P3,sycl,dpcpp-ocl-jit-usm,cpu,conv,512,iso,153,1619400,1677500
P3,sycl,dpcpp-ocl-jit-usm,cpu,conv,512,iso,154,1442600,1548500
P3,sycl,dpcpp-ocl-jit-usm,cpu,conv,512,iso,155,1445400,1556400
P3,sycl,dpcpp-ocl-jit-usm,cpu,conv,512,iso,156,1435100,1816500
P3,sycl,dpcpp-ocl-jit-usm,cpu,conv,512,iso,157,1431900,1548100
P3,sycl,dpcpp-ocl-jit-usm,cpu,conv,512,iso,158,1429500,1552900
P3,sycl,dpcpp-ocl-jit-usm,cpu,conv,512,iso,159,1427800,1701000
P3,sycl,dpcpp-ocl-jit-usm,cpu,conv,512,iso,160,1540400,1566900
P3,sycl,dpcpp-ocl-jit-usm,cpu,conv,512,iso,161,1429100,1545300
P3,sycl,dpcpp-ocl-jit-usm,cpu,conv,512,iso,162,1435300,1555600
P3,sycl,dpcpp-ocl-jit-usm,cpu,conv,512,iso,163,1671300,1564200
P3,sycl,dpcpp-ocl-jit-usm,cpu,conv,512,iso,164,1470600,1549600
P3,sycl,dpcpp-ocl-jit-usm,cpu,conv,512,iso,165,1446400,1555800
P3,sycl,dpcpp-ocl-jit-usm,cpu,conv,512,iso,166,1583200,1668800
P3,sycl,dpcpp-ocl-jit-usm,cpu,conv,512,iso,167,1434000,1548300
P3,sycl,dpcpp-ocl-jit-usm,cpu,conv,512,iso,168,1427800,1552300
P3,sycl,dpcpp-ocl-jit-usm,cpu,conv,512,iso,169,1432700,1803700
P3,sycl,dpcpp-ocl-jit-usm,cpu,conv,512,iso,170,1446500,1547500
P3,sycl,dpcpp-ocl-jit-usm,cpu,conv,512,iso,171,1425600,1548000
P3,sycl,dpcpp-ocl-jit-usm,cpu,conv,512,iso,172,1427400,1702600
P3,sycl,dpcpp-ocl-jit-usm,cpu,conv,512,iso,173,1539400,1564800
P3,sycl,dpcpp-ocl-jit-usm,cpu,conv,512,iso,174,1437300,1561500
P3,sycl,dpcpp-ocl-jit-usm,cpu,conv,512,iso,175,1429800,1546600
P3,sycl,dpcpp-ocl-jit-usm,cpu,conv,512,iso,176,1679700,1561100
P3,sycl,dpcpp-ocl-jit-usm,cpu,conv,512,iso,177,1428300,1547900
P3,sycl,dpcpp-ocl-jit-usm,cpu,conv,512,iso,178,1432900,1544400
P3,sycl,dpcpp-ocl-jit-usm,cpu,conv,512,iso,179,1579700,1727800
P3,sycl,dpcpp-ocl-jit-usm,cpu,conv,512,iso,180,1433600,1547000
P3,sycl,dpcpp-ocl-jit-usm,cpu,conv,512,iso,181,1429700,1551100
P3,sycl,dpcpp-ocl-jit-usm,cpu,conv,512,iso,182,1424300,1809500
P3,sycl,dpcpp-ocl-jit-usm,cpu,conv,512,iso,183,1431000,1550800
P3,sycl,dpcpp-ocl-jit-usm,cpu,conv,512,iso,184,1437900,1566700
P3,sycl,dpcpp-ocl-jit-usm,cpu,conv,512,iso,185,1431400,1706500
P3,sycl,dpcpp-ocl-jit-usm,cpu,conv,512,iso,186,1542700,1561200
P3,sycl,dpcpp-ocl-jit-usm,cpu,conv,512,iso,187,1429500,1548300
P3,sycl,dpcpp-ocl-jit-usm,cpu,conv,512,iso,188,1431000,1553100
P3,sycl,dpcpp-ocl-jit-usm,cpu,conv,512,iso,189,1672000,1574900
P3,sycl,dpcpp-ocl-jit-usm,cpu,conv,512,iso,190,1449200,1558900
P3,sycl,dpcpp-ocl-jit-usm,cpu,conv,512,iso,191,1428300,1544200
P3,sycl,dpcpp-ocl-jit-usm,cpu,conv,512,iso,192,1579800,1676200
P3,sycl,dpcpp-ocl-jit-usm,cpu,conv,512,iso,193,1433500,1553800
P3,sycl,dpcpp-ocl-jit-usm,cpu,conv,512,iso,194,1436900,1568800
P3,sycl,dpcpp-ocl-jit-usm,cpu,conv,512,iso,195,1432800,1810700
P3,sycl,dpcpp-ocl-jit-usm,cpu,conv,512,iso,196,1443400,1549900
P3,sycl,dpcpp-ocl-jit-usm,cpu,conv,512,iso,197,1429200,1545800
P3,sycl,dpcpp-ocl-jit-usm,cpu,conv,512,iso,198,1427500,1707200
P3,sycl,dpcpp-ocl-jit-usm,cpu,conv,512,iso,199,1549400,1564000
P3,sycl,dpcpp-ocl-jit-usm,cpu,conv,512,iso,200,1428100,1545300
P3,sycl,dpcpp-ocl-jit-usm,cpu,conv,512,iso,201,1430300,1551200
P3,sycl,dpcpp-ocl-jit-usm,cpu,conv,512,iso,202,1576100,1666200
P3,sycl,dpcpp-ocl-jit-usm,cpu,conv,512,iso,203,1428400,1552600
P3,sycl,dpcpp-ocl-jit-usm,cpu,conv,512,iso,204,1442100,1567000
P3,sycl,dpcpp-ocl-jit-usm,cpu,conv,512,iso,205,1583300,1704600
P3,sycl,dpcpp-ocl-jit-usm,cpu,conv,512,iso,206,1434000,1547800
P3,sycl,dpcpp-ocl-jit-usm,cpu,conv,512,iso,207,1427500,1629000
P3,sycl,dpcpp-ocl-jit-usm,cpu,conv,512,iso,208,1430100,1807600
P3,sycl,dpcpp-ocl-jit-usm,cpu,conv,512,iso,209,1447900,1548800
P3,sycl,dpcpp-ocl-jit-usm,cpu,conv,512,iso,210,1428600,1551800
P3,sycl,dpcpp-ocl-jit-usm,cpu,conv,512,iso,211,1428700,1705500
P3,sycl,dpcpp-ocl-jit-usm,cpu,conv,512,iso,212,1536100,1562200
P3,sycl,dpcpp-ocl-jit-usm,cpu,conv,512,iso,213,1431200,1544200
P3,sycl,dpcpp-ocl-jit-usm,cpu,conv,512,iso,214,1446900,1555100
P3,sycl,dpcpp-ocl-jit-usm,cpu,conv,512,iso,215,1579900,1669300
P3,sycl,dpcpp-ocl-jit-usm,cpu,conv,512,iso,216,1438000,1553000
P3,sycl,dpcpp-ocl-jit-usm,cpu,conv,512,iso,217,1434500,1555600
P3,sycl,dpcpp-ocl-jit-usm,cpu,conv,512,iso,218,1578800,1679900
P3,sycl,dpcpp-ocl-jit-usm,cpu,conv,512,iso,219,1435700,1546900
P3,sycl,dpcpp-ocl-jit-usm,cpu,conv,512,iso,220,1426600,1545400
P3,sycl,dpcpp-ocl-jit-usm,cpu,conv,512,iso,221,1433700,1702900
P3,sycl,dpcpp-ocl-jit-usm,cpu,conv,512,iso,222,1534000,1563600
P3,sycl,dpcpp-ocl-jit-usm,cpu,conv,512,iso,223,1430300,1548400
P3,sycl,dpcpp-ocl-jit-usm,cpu,conv,512,iso,224,1444300,1709500
P3,sycl,dpcpp-ocl-jit-usm,cpu,conv,512,iso,225,1538800,1562000
P3,sycl,dpcpp-ocl-jit-usm,cpu,conv,512,iso,226,1428500,1552400
P3,sycl,dpcpp-ocl-jit-usm,cpu,conv,512,iso,227,1513900,1569600
P3,sycl,dpcpp-ocl-jit-usm,cpu,conv,512,iso,228,1578300,1693400
P3,sycl,dpcpp-ocl-jit-usm,cpu,conv,512,iso,229,1430600,1548000
P3,sycl,dpcpp-ocl-jit-usm,cpu,conv,512,iso,230,1428200,1545400
P3,sycl,dpcpp-ocl-jit-usm,cpu,conv,512,iso,231,1574800,1711800
P3,sycl,dpcpp-ocl-jit-usm,cpu,conv,512,iso,232,1439900,1551000
P3,sycl,dpcpp-ocl-jit-usm,cpu,conv,512,iso,233,1446700,1572000
P3,sycl,dpcpp-ocl-jit-usm,cpu,conv,512,iso,234,1429200,1704600
P3,sycl,dpcpp-ocl-jit-usm,cpu,conv,512,iso,235,1543000,1560500
P3,sycl,dpcpp-ocl-jit-usm,cpu,conv,512,iso,236,1430000,1553800
P3,sycl,dpcpp-ocl-jit-usm,cpu,conv,512,iso,237,1437700,1700600
P3,sycl,dpcpp-ocl-jit-usm,cpu,conv,512,iso,238,1534200,1573700
P3,sycl,dpcpp-ocl-jit-usm,cpu,conv,512,iso,239,1429300,1547700
P3,sycl,dpcpp-ocl-jit-usm,cpu,conv,512,iso,240,1431600,1555500
P3,sycl,dpcpp-ocl-jit-usm,cpu,conv,512,iso,241,1588300,1677200
P3,sycl,dpcpp-ocl-jit-usm,cpu,conv,512,iso,242,1439200,1594200
P3,sycl,dpcpp-ocl-jit-usm,cpu,conv,512,iso,243,1434000,1560800
P3,sycl,dpcpp-ocl-jit-usm,cpu,conv,512,iso,244,1588900,1678300
P3,sycl,dpcpp-ocl-jit-usm,cpu,conv,512,iso,245,1442700,1551700
P3,sycl,dpcpp-ocl-jit-usm,cpu,conv,512,iso,246,1427200,1545200
P3,sycl,dpcpp-ocl-jit-usm,cpu,conv,512,iso,247,1433300,1701400
P3,sycl,dpcpp-ocl-jit-usm,cpu,conv,512,iso,248,1554300,1561100
P3,sycl,dpcpp-ocl-jit-usm,cpu,conv,512,iso,249,1429100,1546300
P3,sycl,dpcpp-ocl-jit-usm,cpu,conv,512,iso,250,1433000,1701900
P3,sycl,dpcpp-ocl-jit-usm,cpu,conv,512,iso,251,1537800,1563400
P3,sycl,dpcpp-ocl-jit-usm,cpu,conv,512,iso,252,1429000,1546000
P3,sycl,dpcpp-ocl-jit-usm,cpu,conv,512,iso,253,1451200,1555700
P3,sycl,dpcpp-ocl-jit-usm,cpu,conv,512,iso,254,1581100,1674500
P3,sycl,dpcpp-ocl-jit-usm,cpu,conv,512,iso,255,1430500,1546900
P3,sycl,dpcpp-ocl-jit-usm,cpu,conv,512,iso,256,1427900,1549200
P3,sycl,dpcpp-ocl-jit-usm,cpu,conv,512,iso,257,1577800,1698900
P3,sycl,dpcpp-ocl-jit-usm,cpu,conv,512,iso,258,1448100,1549000
P3,sycl,dpcpp-ocl-jit-usm,cpu,conv,512,iso,259,1438900,1549300
P3,sycl,dpcpp-ocl-jit-usm,cpu,conv,512,iso,260,1435900,1698900
P3,sycl,dpcpp-ocl-jit-usm,cpu,conv,512,iso,261,1534800,1559900
P3,sycl,dpcpp-ocl-jit-usm,cpu,conv,512,iso,262,1432800,1549400
P3,sycl,dpcpp-ocl-jit-usm,cpu,conv,512,iso,263,1439900,1707800
P3,sycl,dpcpp-ocl-jit-usm,cpu,conv,512,iso,264,1537300,1562200
P3,sycl,dpcpp-ocl-jit-usm,cpu,conv,512,iso,265,1427800,1546900
P3,sycl,dpcpp-ocl-jit-usm,cpu,conv,512,iso,266,1425500,1551100
P3,sycl,dpcpp-ocl-jit-usm,cpu,conv,512,iso,267,1578300,1675300
P3,sycl,dpcpp-ocl-jit-usm,cpu,conv,512,iso,268,1434000,1548900
P3,sycl,dpcpp-ocl-jit-usm,cpu,conv,512,iso,269,1428400,1552200
P3,sycl,dpcpp-ocl-jit-usm,cpu,conv,512,iso,270,1583500,1561300
P3,sycl,dpcpp-ocl-jit-usm,cpu,conv,512,iso,271,1430900,1548400
P3,sycl,dpcpp-ocl-jit-usm,cpu,conv,512,iso,272,1556600,1577800
P3,sycl,dpcpp-ocl-jit-usm,cpu,conv,512,iso,273,1432000,1705700
P3,sycl,dpcpp-ocl-jit-usm,cpu,conv,512,iso,274,1433700,1547500
P3,sycl,dpcpp-ocl-jit-usm,cpu,conv,512,iso,275,1428200,1554200
P3,sycl,dpcpp-ocl-jit-usm,cpu,conv,512,iso,276,1429700,1546100
P3,sycl,dpcpp-ocl-jit-usm,cpu,conv,512,iso,277,1670600,1566500
P3,sycl,dpcpp-ocl-jit-usm,cpu,conv,512,iso,278,1430800,1550100
P3,sycl,dpcpp-ocl-jit-usm,cpu,conv,512,iso,279,1432100,1551200
P3,sycl,dpcpp-ocl-jit-usm,cpu,conv,512,iso,280,1577800,1668900
P3,sycl,dpcpp-ocl-jit-usm,cpu,conv,512,iso,281,1436400,1547600
P3,sycl,dpcpp-ocl-jit-usm,cpu,conv,512,iso,282,1430500,1553300
P3,sycl,dpcpp-ocl-jit-usm,cpu,conv,512,iso,283,1429400,1823000
P3,sycl,dpcpp-ocl-jit-usm,cpu,conv,512,iso,284,1435200,1549600
P3,sycl,dpcpp-ocl-jit-usm,cpu,conv,512,iso,285,1431900,1548100
P3,sycl,dpcpp-ocl-jit-usm,cpu,conv,512,iso,286,1427100,1708900
P3,sycl,dpcpp-ocl-jit-usm,cpu,conv,512,iso,287,1438100,1553700
P3,sycl,dpcpp-ocl-jit-usm,cpu,conv,512,iso,288,1427800,1549000
P3,sycl,dpcpp-ocl-jit-usm,cpu,conv,512,iso,289,1430600,1554600
P3,sycl,dpcpp-ocl-jit-usm,cpu,conv,512,iso,290,1612900,1682200
P3,sycl,dpcpp-ocl-jit-usm,cpu,conv,512,iso,291,1434400,1550800
P3,sycl,dpcpp-ocl-jit-usm,cpu,conv,512,iso,292,1430300,1573900
P3,sycl,dpcpp-ocl-jit-usm,cpu,conv,512,iso,293,1578100,1556900
P3,sycl,dpcpp-ocl-jit-usm,cpu,conv,512,iso,294,1432400,1549300
P3,sycl,dpcpp-ocl-jit-usm,cpu,conv,512,iso,295,1429700,1544400
P3,sycl,dpcpp-ocl-jit-usm,cpu,conv,512,iso,296,1428900,1691200
P3,sycl,dpcpp-ocl-jit-usm,cpu,conv,512,iso,297,1445200,1550100
P3,sycl,dpcpp-ocl-jit-usm,cpu,conv,512,iso,298,1434600,1547700
P3,sycl,dpcpp-ocl-jit-usm,cpu,conv,512,iso,299,1437500,1699100
P3,sycl,dpcpp-ocl-jit-usm,cpu,conv,512,iso,300,1544800,1566100
P3,sycl,dpcpp-ocl-jit-usm,cpu,conv,512,iso,301,1429200,1546600
P3,sycl,dpcpp-ocl-jit-usm,cpu,conv,512,iso,302,1440300,1547600
P3,sycl,dpcpp-ocl-jit-usm,cpu,conv,512,iso,303,1564700,1674100
P3,sycl,dpcpp-ocl-jit-usm,cpu,conv,512,iso,304,1436100,1547600
P3,sycl,dpcpp-ocl-jit-usm,cpu,conv,512,iso,305,1427000,1547500
P3,sycl,dpcpp-ocl-jit-usm,cpu,conv,512,iso,306,1583500,1559700
P3,sycl,dpcpp-ocl-jit-usm,cpu,conv,512,iso,307,1439500,1549200
P3,sycl,dpcpp-ocl-jit-usm,cpu,conv,512,iso,308,1429600,1552500
P3,sycl,dpcpp-ocl-jit-usm,cpu,conv,512,iso,309,1430900,1690100
P3,sycl,dpcpp-ocl-jit-usm,cpu,conv,512,iso,310,1437000,1553900
P3,sycl,dpcpp-ocl-jit-usm,cpu,conv,512,iso,311,1426100,1545500
P3,sycl,dpcpp-ocl-jit-usm,cpu,conv,512,iso,312,1444100,1552600
P3,sycl,dpcpp-ocl-jit-usm,cpu,conv,512,iso,313,1577600,1558100
P3,sycl,dpcpp-ocl-jit-usm,cpu,conv,512,iso,314,1417200,1552300
P3,sycl,dpcpp-ocl-jit-usm,cpu,conv,512,iso,315,1436800,1552300
P3,sycl,dpcpp-ocl-jit-usm,cpu,conv,512,iso,316,1573500,1687800
P3,sycl,dpcpp-ocl-jit-usm,cpu,conv,512,iso,317,1434200,1550400
P3,sycl,dpcpp-ocl-jit-usm,cpu,conv,512,iso,318,1432200,1548000
P3,sycl,dpcpp-ocl-jit-usm,cpu,conv,512,iso,319,1433700,1708300
P3,sycl,dpcpp-ocl-jit-usm,cpu,conv,512,iso,320,1435600,1546000
P3,sycl,dpcpp-ocl-jit-usm,cpu,conv,512,iso,321,1432200,1569000
P3,sycl,dpcpp-ocl-jit-usm,cpu,conv,512,iso,322,1427200,1694800
P3,sycl,dpcpp-ocl-jit-usm,cpu,conv,512,iso,323,1441200,1554400
P3,sycl,dpcpp-ocl-jit-usm,cpu,conv,512,iso,324,1426500,1545000
P3,sycl,dpcpp-ocl-jit-usm,cpu,conv,512,iso,325,1429400,1552800
P3,sycl,dpcpp-ocl-jit-usm,cpu,conv,512,iso,326,1566100,1670900
P3,sycl,dpcpp-ocl-jit-usm,cpu,conv,512,iso,327,1434200,1551300
P3,sycl,dpcpp-ocl-jit-usm,cpu,conv,512,iso,328,1435900,1555400
P3,sycl,dpcpp-ocl-jit-usm,cpu,conv,512,iso,329,1436000,1709900
P3,sycl,dpcpp-ocl-jit-usm,cpu,conv,512,iso,330,1430200,1545700
P3,sycl,dpcpp-ocl-jit-usm,cpu,conv,512,iso,331,1429300,1560200
P3,sycl,dpcpp-ocl-jit-usm,cpu,conv,512,iso,332,1437200,1688100
P3,sycl,dpcpp-ocl-jit-usm,cpu,conv,512,iso,333,1433000,1551800
P3,sycl,dpcpp-ocl-jit-usm,cpu,conv,512,iso,334,1433500,1545900
P3,sycl,dpcpp-ocl-jit-usm,cpu,conv,512,iso,335,1429600,1546200
P3,sycl,dpcpp-ocl-jit-usm,cpu,conv,512,iso,336,1564400,1561300
P3,sycl,dpcpp-ocl-jit-usm,cpu,conv,512,iso,337,1450000,1548400
P3,sycl,dpcpp-ocl-jit-usm,cpu,conv,512,iso,338,1433100,1555200
P3,sycl,dpcpp-ocl-jit-usm,cpu,conv,512,iso,339,1574600,1681400
P3,sycl,dpcpp-ocl-jit-usm,cpu,conv,512,iso,340,1435100,1548900
P3,sycl,dpcpp-ocl-jit-usm,cpu,conv,512,iso,341,1434400,1564900
P3,sycl,dpcpp-ocl-jit-usm,cpu,conv,512,iso,342,1436800,1705200
P3,sycl,dpcpp-ocl-jit-usm,cpu,conv,512,iso,343,1435200,1549400
P3,sycl,dpcpp-ocl-jit-usm,cpu,conv,512,iso,344,1428500,1547000
P3,sycl,dpcpp-ocl-jit-usm,cpu,conv,512,iso,345,1434900,1696600
P3,sycl,dpcpp-ocl-jit-usm,cpu,conv,512,iso,346,1439400,1565900
P3,sycl,dpcpp-ocl-jit-usm,cpu,conv,512,iso,347,1437000,1533100
P3,sycl,dpcpp-ocl-jit-usm,cpu,conv,512,iso,348,1432600,1555500
P3,sycl,dpcpp-ocl-jit-usm,cpu,conv,512,iso,349,1573100,1667500
P3,sycl,dpcpp-ocl-jit-usm,cpu,conv,512,iso,350,1433500,1549200
P3,sycl,dpcpp-ocl-jit-usm,cpu,conv,512,iso,351,1443800,1553200
P3,sycl,dpcpp-ocl-jit-usm,cpu,conv,512,iso,352,1433700,1703100
P3,sycl,dpcpp-ocl-jit-usm,cpu,conv,512,iso,353,1440600,1553700
P3,sycl,dpcpp-ocl-jit-usm,cpu,conv,512,iso,354,1438200,1554500
P3,sycl,dpcpp-ocl-jit-usm,cpu,conv,512,iso,355,1436100,1690200
P3,sycl,dpcpp-ocl-jit-usm,cpu,conv,512,iso,356,1442700,1548800
P3,sycl,dpcpp-ocl-jit-usm,cpu,conv,512,iso,357,1434700,1554100
P3,sycl,dpcpp-ocl-jit-usm,cpu,conv,512,iso,358,1429900,1542000
P3,sycl,dpcpp-ocl-jit-usm,cpu,conv,512,iso,359,1579600,1686100
P3,sycl,dpcpp-ocl-jit-usm,cpu,conv,512,iso,360,1429200,1545700
P3,sycl,dpcpp-ocl-jit-usm,cpu,conv,512,iso,361,1441700,1551100
P3,sycl,dpcpp-ocl-jit-usm,cpu,conv,512,iso,362,1575400,1557600
P3,sycl,dpcpp-ocl-jit-usm,cpu,conv,512,iso,363,1429400,1547500
P3,sycl,dpcpp-ocl-jit-usm,cpu,conv,512,iso,364,1426900,1546100
P3,sycl,dpcpp-ocl-jit-usm,cpu,conv,512,iso,365,1433700,1693100
P3,sycl,dpcpp-ocl-jit-usm,cpu,conv,512,iso,366,1449400,1557700
P3,sycl,dpcpp-ocl-jit-usm,cpu,conv,512,iso,367,1439500,1555500
P3,sycl,dpcpp-ocl-jit-usm,cpu,conv,512,iso,368,1427600,1692200
P3,sycl,dpcpp-ocl-jit-usm,cpu,conv,512,iso,369,1438500,1633800
P3,sycl,dpcpp-ocl-jit-usm,cpu,conv,512,iso,370,1458600,1558400
P3,sycl,dpcpp-ocl-jit-usm,cpu,conv,512,iso,371,1498200,1553000
P3,sycl,dpcpp-ocl-jit-usm,cpu,conv,512,iso,372,1605900,1670400
P3,sycl,dpcpp-ocl-jit-usm,cpu,conv,512,iso,373,1434500,1551300
P3,sycl,dpcpp-ocl-jit-usm,cpu,conv,512,iso,374,1438700,1551200
P3,sycl,dpcpp-ocl-jit-usm,cpu,conv,512,iso,375,1591300,1571000
P3,sycl,dpcpp-ocl-jit-usm,cpu,conv,512,iso,376,1431600,1547000
P3,sycl,dpcpp-ocl-jit-usm,cpu,conv,512,iso,377,1429200,1548500
P3,sycl,dpcpp-ocl-jit-usm,cpu,conv,512,iso,378,1429400,1690700
P3,sycl,dpcpp-ocl-jit-usm,cpu,conv,512,iso,379,1431500,1546700
P3,sycl,dpcpp-ocl-jit-usm,cpu,conv,512,iso,380,1433600,1558700
P3,sycl,dpcpp-ocl-jit-usm,cpu,conv,512,iso,381,1440200,1552400
P3,sycl,dpcpp-ocl-jit-usm,cpu,conv,512,iso,382,1677000,1563000
P3,sycl,dpcpp-ocl-jit-usm,cpu,conv,512,iso,383,1433200,1546500
P3,sycl,dpcpp-ocl-jit-usm,cpu,conv,512,iso,384,1430100,1553100
P3,sycl,dpcpp-ocl-jit-usm,cpu,conv,512,iso,385,1573300,1568700
P3,sycl,dpcpp-ocl-jit-usm,cpu,conv,512,iso,386,1433000,1546900
P3,sycl,dpcpp-ocl-jit-usm,cpu,conv,512,iso,387,1429700,1548500
P3,sycl,dpcpp-ocl-jit-usm,cpu,conv,512,iso,388,1433100,1690000
P3,sycl,dpcpp-ocl-jit-usm,cpu,conv,512,iso,389,1430900,1551500
P3,sycl,dpcpp-ocl-jit-usm,cpu,conv,512,iso,390,1433000,1573000
P3,sycl,dpcpp-ocl-jit-usm,cpu,conv,512,iso,391,1504700,1705100
P3,sycl,dpcpp-ocl-jit-usm,cpu,conv,512,iso,392,1526000,1569700
P3,sycl,dpcpp-ocl-jit-usm,cpu,conv,512,iso,393,1429000,1548400
P3,sycl,dpcpp-ocl-jit-usm,cpu,conv,512,iso,394,1429700,1552200
P3,sycl,dpcpp-ocl-jit-usm,cpu,conv,512,iso,395,1580300,1569400
P3,sycl,dpcpp-ocl-jit-usm,cpu,conv,512,iso,396,1430100,1548300
P3,sycl,dpcpp-ocl-jit-usm,cpu,conv,512,iso,397,1434900,1555800
P3,sycl,dpcpp-ocl-jit-usm,cpu,conv,512,iso,398,1573500,1562700
P3,sycl,dpcpp-ocl-jit-usm,cpu,conv,512,iso,399,1429700,1547600
P3,sycl,dpcpp-ocl-jit-usm,cpu,conv,512,iso,400,1428000,1558800
P3,sycl,dpcpp-ocl-jit-usm,cpu,conv,512,iso,401,1430200,1694500
P3,sycl,dpcpp-ocl-jit-usm,cpu,conv,512,iso,402,1431100,1546600
P3,sycl,dpcpp-ocl-jit-usm,cpu,conv,512,iso,403,1424600,1556900
P3,sycl,dpcpp-ocl-jit-usm,cpu,conv,512,iso,404,1434800,1545300
P3,sycl,dpcpp-ocl-jit-usm,cpu,conv,512,iso,405,1574500,1684800
P3,sycl,dpcpp-ocl-jit-usm,cpu,conv,512,iso,406,1433300,1545000
P3,sycl,dpcpp-ocl-jit-usm,cpu,conv,512,iso,407,1428900,1551500
P3,sycl,dpcpp-ocl-jit-usm,cpu,conv,512,iso,408,1588200,1563900
P3,sycl,dpcpp-ocl-jit-usm,cpu,conv,512,iso,409,1428700,1548800
P3,sycl,dpcpp-ocl-jit-usm,cpu,conv,512,iso,410,1431000,1844500
P3,sycl,dpcpp-ocl-jit-usm,cpu,conv,512,iso,411,1473700,1597900
P3,sycl,dpcpp-ocl-jit-usm,cpu,conv,512,iso,412,1431200,1583000
P3,sycl,dpcpp-ocl-jit-usm,cpu,conv,512,iso,413,1431500,1552300
P3,sycl,dpcpp-ocl-jit-usm,cpu,conv,512,iso,414,1426100,1575200
P3,sycl,dpcpp-ocl-jit-usm,cpu,conv,512,iso,415,1432300,1684000
P3,sycl,dpcpp-ocl-jit-usm,cpu,conv,512,iso,416,1435500,1547700
P3,sycl,dpcpp-ocl-jit-usm,cpu,conv,512,iso,417,1431800,1552400
P3,sycl,dpcpp-ocl-jit-usm,cpu,conv,512,iso,418,1446500,1549500
P3,sycl,dpcpp-ocl-jit-usm,cpu,conv,512,iso,419,1425600,1578800
P3,sycl,dpcpp-ocl-jit-usm,cpu,conv,512,iso,420,1445400,1550600
P3,sycl,dpcpp-ocl-jit-usm,cpu,conv,512,iso,421,1428500,1701300
P3,sycl,dpcpp-ocl-jit-usm,cpu,conv,512,iso,422,1434200,1558400
P3,sycl,dpcpp-ocl-jit-usm,cpu,conv,512,iso,423,1433200,1548100
P3,sycl,dpcpp-ocl-jit-usm,cpu,conv,512,iso,424,1437700,1698600
P3,sycl,dpcpp-ocl-jit-usm,cpu,conv,512,iso,425,1557100,1565400
P3,sycl,dpcpp-ocl-jit-usm,cpu,conv,512,iso,426,1429800,1547400
P3,sycl,dpcpp-ocl-jit-usm,cpu,conv,512,iso,427,1435000,1551100
P3,sycl,dpcpp-ocl-jit-usm,cpu,conv,512,iso,428,1575000,1556600
P3,sycl,dpcpp-ocl-jit-usm,cpu,conv,512,iso,429,1428200,1550500
P3,sycl,dpcpp-ocl-jit-usm,cpu,conv,512,iso,430,1450100,1557300
P3,sycl,dpcpp-ocl-jit-usm,cpu,conv,512,iso,431,1574300,1555700
P3,sycl,dpcpp-ocl-jit-usm,cpu,conv,512,iso,432,1431900,1554600
P3,sycl,dpcpp-ocl-jit-usm,cpu,conv,512,iso,433,1430100,1554200
P3,sycl,dpcpp-ocl-jit-usm,cpu,conv,512,iso,434,1430900,1690700
P3,sycl,dpcpp-ocl-jit-usm,cpu,conv,512,iso,435,1444700,1630700
P3,sycl,dpcpp-ocl-jit-usm,cpu,conv,512,iso,436,1428800,1524700
P3,sycl,dpcpp-ocl-jit-usm,cpu,conv,512,iso,437,1439200,1701200
P3,sycl,dpcpp-ocl-jit-usm,cpu,conv,512,iso,438,1539000,1561300
P3,sycl,dpcpp-ocl-jit-usm,cpu,conv,512,iso,439,1429900,1548600
P3,sycl,dpcpp-ocl-jit-usm,cpu,conv,512,iso,440,1459900,1549400
P3,sycl,dpcpp-ocl-jit-usm,cpu,conv,512,iso,441,1584600,1678000
P3,sycl,dpcpp-ocl-jit-usm,cpu,conv,512,iso,442,1433700,1550300
P3,sycl,dpcpp-ocl-jit-usm,cpu,conv,512,iso,443,1434100,1550500
P3,sycl,dpcpp-ocl-jit-usm,cpu,conv,512,iso,444,1580300,1718800
P3,sycl,dpcpp-ocl-jit-usm,cpu,conv,512,iso,445,1445300,1561300
P3,sycl,dpcpp-ocl-jit-usm,cpu,conv,512,iso,446,1432600,1554900
P3,sycl,dpcpp-ocl-jit-usm,cpu,conv,512,iso,447,1435700,1686300
P3,sycl,dpcpp-ocl-jit-usm,cpu,conv,512,iso,448,1535500,1560800
P3,sycl,dpcpp-ocl-jit-usm,cpu,conv,512,iso,449,1429700,1557900
P3,sycl,dpcpp-ocl-jit-usm,cpu,conv,512,iso,450,1436900,1714800
P3,sycl,dpcpp-ocl-jit-usm,cpu,conv,512,iso,451,1543000,1561200
P3,sycl,dpcpp-ocl-jit-usm,cpu,conv,512,iso,452,1430400,1547000
P3,sycl,dpcpp-ocl-jit-usm,cpu,conv,512,iso,453,1429900,1547500
P3,sycl,dpcpp-ocl-jit-usm,cpu,conv,512,iso,454,1581100,1682100
P3,sycl,dpcpp-ocl-jit-usm,cpu,conv,512,iso,455,1434500,1547700
P3,sycl,dpcpp-ocl-jit-usm,cpu,conv,512,iso,456,1434700,1549300
P3,sycl,dpcpp-ocl-jit-usm,cpu,conv,512,iso,457,1584500,1674200
P3,sycl,dpcpp-ocl-jit-usm,cpu,conv,512,iso,458,1430800,1528800
P3,sycl,dpcpp-ocl-jit-usm,cpu,conv,512,iso,459,1429600,1560000
P3,sycl,dpcpp-ocl-jit-usm,cpu,conv,512,iso,460,1427600,1699700
P3,sycl,dpcpp-ocl-jit-usm,cpu,conv,512,iso,461,1432000,1551600
P3,sycl,dpcpp-ocl-jit-usm,cpu,conv,512,iso,462,1435200,1551700
P3,sycl,dpcpp-ocl-jit-usm,cpu,conv,512,iso,463,1428700,1549200
P3,sycl,dpcpp-ocl-jit-usm,cpu,conv,512,iso,464,1569400,1557700
P3,sycl,dpcpp-ocl-jit-usm,cpu,conv,512,iso,465,1436000,1551300
P3,sycl,dpcpp-ocl-jit-usm,cpu,conv,512,iso,466,1428900,1553700
P3,sycl,dpcpp-ocl-jit-usm,cpu,conv,512,iso,467,1574100,1560400
P3,sycl,dpcpp-ocl-jit-usm,cpu,conv,512,iso,468,1428300,1546700
P3,sycl,dpcpp-ocl-jit-usm,cpu,conv,512,iso,469,1432400,1564100
P3,sycl,dpcpp-ocl-jit-usm,cpu,conv,512,iso,470,1429700,1698200
P3,sycl,dpcpp-ocl-jit-usm,cpu,conv,512,iso,471,1536300,1562200
P3,sycl,dpcpp-ocl-jit-usm,cpu,conv,512,iso,472,1431500,1552400
P3,sycl,dpcpp-ocl-jit-usm,cpu,conv,512,iso,473,1436900,1704500
P3,sycl,dpcpp-ocl-jit-usm,cpu,conv,512,iso,474,1434500,1568200
P3,sycl,dpcpp-ocl-jit-usm,cpu,conv,512,iso,475,1433900,1551700
P3,sycl,dpcpp-ocl-jit-usm,cpu,conv,512,iso,476,1430100,1550100
P3,sycl,dpcpp-ocl-jit-usm,cpu,conv,512,iso,477,1564500,1556500
P3,sycl,dpcpp-ocl-jit-usm,cpu,conv,512,iso,478,1429500,1546400
P3,sycl,dpcpp-ocl-jit-usm,cpu,conv,512,iso,479,1426400,1563700
P3,sycl,dpcpp-ocl-jit-usm,cpu,conv,512,iso,480,1429800,1816600
P3,sycl,dpcpp-ocl-jit-usm,cpu,conv,512,iso,481,1431500,1554900
P3,sycl,dpcpp-ocl-jit-usm,cpu,conv,512,iso,482,1436500,1548100
P3,sycl,dpcpp-ocl-jit-usm,cpu,conv,512,iso,483,1427500,1705100
P3,sycl,dpcpp-ocl-jit-usm,cpu,conv,512,iso,484,1440100,1563400
P3,sycl,dpcpp-ocl-jit-usm,cpu,conv,512,iso,485,1430600,1546300
P3,sycl,dpcpp-ocl-jit-usm,cpu,conv,512,iso,486,1434300,1547700
P3,sycl,dpcpp-ocl-jit-usm,cpu,conv,512,iso,487,1572000,1562900
P3,sycl,dpcpp-ocl-jit-usm,cpu,conv,512,iso,488,1430400,1547800
P3,sycl,dpcpp-ocl-jit-usm,cpu,conv,512,iso,489,1431800,1561100
P3,sycl,dpcpp-ocl-jit-usm,cpu,conv,512,iso,490,1572100,1683600
P3,sycl,dpcpp-ocl-jit-usm,cpu,conv,512,iso,491,1434200,1548900
P3,sycl,dpcpp-ocl-jit-usm,cpu,conv,512,iso,492,1415100,1587700
P3,sycl,dpcpp-ocl-jit-usm,cpu,conv,512,iso,493,1429500,1704400
P3,sycl,dpcpp-ocl-jit-usm,cpu,conv,512,iso,494,1452700,1548000
P3,sycl,dpcpp-ocl-jit-usm,cpu,conv,512,iso,495,1430200,1546800
P3,sycl,dpcpp-ocl-jit-usm,cpu,conv,512,iso,496,1434400,1697900
P3,sycl,dpcpp-ocl-jit-usm,cpu,conv,512,iso,497,1437300,1546800
P3,sycl,dpcpp-ocl-jit-usm,cpu,conv,512,iso,498,1430700,1553200
P3,sycl,dpcpp-ocl-jit-usm,cpu,conv,512,iso,499,1439500,1549900
P3,sycl,dpcpp-ocl-jit-usm,cpu,conv,512,iso,500,1568900,1555800
P3,sycl,dpcpp-ocl-jit-usm,cpu,conv,512,iso,501,1432800,1595900
P3,sycl,dpcpp-ocl-jit-usm,cpu,conv,512,iso,502,1462800,1567800
P3,sycl,dpcpp-ocl-jit-usm,cpu,conv,512,iso,503,1563300,1717000
P3,sycl,dpcpp-ocl-jit-usm,cpu,conv,512,iso,504,1447100,1549300
P3,sycl,dpcpp-ocl-jit-usm,cpu,conv,512,iso,505,1430600,1547200
P3,sycl,dpcpp-ocl-jit-usm,cpu,conv,512,iso,506,1434400,1709500
P3,sycl,dpcpp-ocl-jit-usm,cpu,conv,512,iso,507,1429500,1547100
P3,sycl,dpcpp-ocl-jit-usm,cpu,conv,512,iso,508,1434700,1574100
P3,sycl,dpcpp-ocl-jit-usm,cpu,conv,512,iso,509,1443600,1549100
P3,sycl,dpcpp-ocl-jit-usm,cpu,conv,512,iso,510,1569400,1554800
P3,sycl,dpcpp-ocl-jit-usm,cpu,conv,512,iso,511,1427100,1546000
P3,sycl,dpcpp-ocl-jit-usm,cpu,conv,512,iso,512,1474900,1569100
P3,sycl,dpcpp-ocl-jit-usm,cpu,conv,512,iso,513,1568400,1669700
P3,sycl,dpcpp-ocl-jit-usm,cpu,conv,512,iso,514,1433300,1551700
P3,sycl,dpcpp-ocl-jit-usm,cpu,conv,512,iso,515,1426500,1547800
P3,sycl,dpcpp-ocl-jit-usm,cpu,conv,512,iso,516,1436600,1707600
P3,sycl,dpcpp-ocl-jit-usm,cpu,conv,512,iso,517,1434800,1544000
P3,sycl,dpcpp-ocl-jit-usm,cpu,conv,512,iso,518,1430200,1557900
P3,sycl,dpcpp-ocl-jit-usm,cpu,conv,512,iso,519,1428800,1689400
P3,sycl,dpcpp-ocl-jit-usm,cpu,conv,512,iso,520,1433100,1547900
P3,sycl,dpcpp-ocl-jit-usm,cpu,conv,512,iso,521,1436100,1553600
P3,sycl,dpcpp-ocl-jit-usm,cpu,conv,512,iso,522,1438000,1555000
P3,sycl,dpcpp-ocl-jit-usm,cpu,conv,512,iso,523,1571700,1668900
P3,sycl,dpcpp-ocl-jit-usm,cpu,conv,512,iso,524,1436400,1547800
P3,sycl,dpcpp-ocl-jit-usm,cpu,conv,512,iso,525,1436900,1547000
P3,sycl,dpcpp-ocl-jit-usm,cpu,conv,512,iso,526,1586300,1561300
P3,sycl,dpcpp-ocl-jit-usm,cpu,conv,512,iso,527,1429700,1547200
P3,sycl,dpcpp-ocl-jit-usm,cpu,conv,512,iso,528,1427000,1559100
P3,sycl,dpcpp-ocl-jit-usm,cpu,conv,512,iso,529,1430600,1695700
P3,sycl,dpcpp-ocl-jit-usm,cpu,conv,512,iso,530,1430000,1548400
P3,sycl,dpcpp-ocl-jit-usm,cpu,conv,512,iso,531,1431500,1564900
P3,sycl,dpcpp-ocl-jit-usm,cpu,conv,512,iso,532,1428100,1627800
P3,sycl,dpcpp-ocl-jit-usm,cpu,conv,512,iso,533,1567800,1566600
P3,sycl,dpcpp-ocl-jit-usm,cpu,conv,512,iso,534,1428700,1545100
P3,sycl,dpcpp-ocl-jit-usm,cpu,conv,512,iso,535,1429400,1553700
P3,sycl,dpcpp-ocl-jit-usm,cpu,conv,512,iso,536,1572300,1669700
P3,sycl,dpcpp-ocl-jit-usm,cpu,conv,512,iso,537,1433100,1550700
P3,sycl,dpcpp-ocl-jit-usm,cpu,conv,512,iso,538,1426900,1558100
P3,sycl,dpcpp-ocl-jit-usm,cpu,conv,512,iso,539,1431500,1706800
P3,sycl,dpcpp-ocl-jit-usm,cpu,conv,512,iso,540,1430400,1547600
P3,sycl,dpcpp-ocl-jit-usm,cpu,conv,512,iso,541,1433400,1555100
P3,sycl,dpcpp-ocl-jit-usm,cpu,conv,512,iso,542,1428200,1696800
P3,sycl,dpcpp-ocl-jit-usm,cpu,conv,512,iso,543,1440400,1571400
P3,sycl,dpcpp-ocl-jit-usm,cpu,conv,512,iso,544,1429600,1551100
P3,sycl,dpcpp-ocl-jit-usm,cpu,conv,512,iso,545,1431200,1553000
P3,sycl,dpcpp-ocl-jit-usm,cpu,conv,512,iso,546,1578600,1671200
P3,sycl,dpcpp-ocl-jit-usm,cpu,conv,512,iso,547,1434900,1550400
P3,sycl,dpcpp-ocl-jit-usm,cpu,conv,512,iso,548,1440800,1553600
P3,sycl,dpcpp-ocl-jit-usm,cpu,conv,512,iso,549,1579500,1561400
P3,sycl,dpcpp-ocl-jit-usm,cpu,conv,512,iso,550,1429600,1548400
P3,sycl,dpcpp-ocl-jit-usm,cpu,conv,512,iso,551,1429000,1546800
P3,sycl,dpcpp-ocl-jit-usm,cpu,conv,512,iso,552,1430600,1692400
P3,sycl,dpcpp-ocl-jit-usm,cpu,conv,512,iso,553,1445800,1549200
P3,sycl,dpcpp-ocl-jit-usm,cpu,conv,512,iso,554,1430700,1550200
P3,sycl,dpcpp-ocl-jit-usm,cpu,conv,512,iso,555,1513400,1562000
P3,sycl,dpcpp-ocl-jit-usm,cpu,conv,512,iso,556,1672900,1565500
P3,sycl,dpcpp-ocl-jit-usm,cpu,conv,512,iso,557,1429400,1533900
P3,sycl,dpcpp-ocl-jit-usm,cpu,conv,512,iso,558,1450100,1558000
P3,sycl,dpcpp-ocl-jit-usm,cpu,conv,512,iso,559,1577300,1557100
P3,sycl,dpcpp-ocl-jit-usm,cpu,conv,512,iso,560,1428600,1550400
P3,sycl,dpcpp-ocl-jit-usm,cpu,conv,512,iso,561,1426900,1546700
P3,sycl,dpcpp-ocl-jit-usm,cpu,conv,512,iso,562,1437000,1805500
P3,sycl,dpcpp-ocl-jit-usm,cpu,conv,512,iso,563,1449500,1548700
P3,sycl,dpcpp-ocl-jit-usm,cpu,conv,512,iso,564,1431500,1547600
P3,sycl,dpcpp-ocl-jit-usm,cpu,conv,512,iso,565,1427200,1704000
P3,sycl,dpcpp-ocl-jit-usm,cpu,conv,512,iso,566,1536200,1562500
P3,sycl,dpcpp-ocl-jit-usm,cpu,conv,512,iso,567,1432700,1546100
P3,sycl,dpcpp-ocl-jit-usm,cpu,conv,512,iso,568,1436900,1550700
P3,sycl,dpcpp-ocl-jit-usm,cpu,conv,512,iso,569,1612100,1667000
P3,sycl,dpcpp-ocl-jit-usm,cpu,conv,512,iso,570,1427400,1551200
P3,sycl,dpcpp-ocl-jit-usm,cpu,conv,512,iso,571,1440700,1544900
P3,sycl,dpcpp-ocl-jit-usm,cpu,conv,512,iso,572,1584200,1561900
P3,sycl,dpcpp-ocl-jit-usm,cpu,conv,512,iso,573,1433100,1661900
P3,sycl,dpcpp-ocl-jit-usm,cpu,conv,512,iso,574,1432500,1546900
P3,sycl,dpcpp-ocl-jit-usm,cpu,conv,512,iso,575,1428600,1797800
P3,sycl,dpcpp-ocl-jit-usm,cpu,conv,512,iso,576,1443700,1550500
P3,sycl,dpcpp-ocl-jit-usm,cpu,conv,512,iso,577,1428800,1561300
P3,sycl,dpcpp-ocl-jit-usm,cpu,conv,512,iso,578,1431200,1705100
P3,sycl,dpcpp-ocl-jit-usm,cpu,conv,512,iso,579,1536200,1559400
P3,sycl,dpcpp-ocl-jit-usm,cpu,conv,512,iso,580,1431700,1547400
P3,sycl,dpcpp-ocl-jit-usm,cpu,conv,512,iso,581,1438100,1553000
P3,sycl,dpcpp-ocl-jit-usm,cpu,conv,512,iso,582,1583500,1679700
P3,sycl,dpcpp-ocl-jit-usm,cpu,conv,512,iso,583,1438000,1548500
P3,sycl,dpcpp-ocl-jit-usm,cpu,conv,512,iso,584,1429600,1544800
P3,sycl,dpcpp-ocl-jit-usm,cpu,conv,512,iso,585,1575400,1669800
P3,sycl,dpcpp-ocl-jit-usm,cpu,conv,512,iso,586,1435300,1548200
P3,sycl,dpcpp-ocl-jit-usm,cpu,conv,512,iso,587,1426500,1560300
P3,sycl,dpcpp-ocl-jit-usm,cpu,conv,512,iso,588,1430600,1700300
P3,sycl,dpcpp-ocl-jit-usm,cpu,conv,512,iso,589,1532800,1562100
P3,sycl,dpcpp-ocl-jit-usm,cpu,conv,512,iso,590,1430000,1559700
P3,sycl,dpcpp-ocl-jit-usm,cpu,conv,512,iso,591,1433500,1701400
P3,sycl,dpcpp-ocl-jit-usm,cpu,conv,512,iso,592,1433600,1569200
P3,sycl,dpcpp-ocl-jit-usm,cpu,conv,512,iso,593,1533900,1562700
P3,sycl,dpcpp-ocl-jit-usm,cpu,conv,512,iso,594,1428200,1548500
P3,sycl,dpcpp-ocl-jit-usm,cpu,conv,512,iso,595,1620500,1667800
P3,sycl,dpcpp-ocl-jit-usm,cpu,conv,512,iso,596,1434600,1548700
P3,sycl,dpcpp-ocl-jit-usm,cpu,conv,512,iso,597,1442600,1549800
P3,sycl,dpcpp-ocl-jit-usm,cpu,conv,512,iso,598,1578700,1565300
P3,sycl,dpcpp-ocl-jit-usm,cpu,conv,512,iso,599,1431100,1684300
P3,sycl,dpcpp-ocl-jit-usm,cpu,conv,512,iso,600,1432300,1547600
P3,sycl,dpcpp-ocl-jit-usm,cpu,conv,512,iso,601,1429200,1708300
P3,sycl,dpcpp-ocl-jit-usm,cpu,conv,512,iso,602,1548000,1562400
P3,sycl,dpcpp-ocl-jit-usm,cpu,conv,512,iso,603,1430300,1546200
P3,sycl,dpcpp-ocl-jit-usm,cpu,conv,512,iso,604,1429900,1713000
P3,sycl,dpcpp-ocl-jit-usm,cpu,conv,512,iso,605,1431600,1551000
P3,sycl,dpcpp-ocl-jit-usm,cpu,conv,512,iso,606,1535500,1560400
P3,sycl,dpcpp-ocl-jit-usm,cpu,conv,512,iso,607,1441000,1549900
P3,sycl,dpcpp-ocl-jit-usm,cpu,conv,512,iso,608,1585900,1670200
P3,sycl,dpcpp-ocl-jit-usm,cpu,conv,512,iso,609,1432500,1546600
P3,sycl,dpcpp-ocl-jit-usm,cpu,conv,512,iso,610,1430900,1553800
P3,sycl,dpcpp-ocl-jit-usm,cpu,conv,512,iso,611,1582600,1678300
P3,sycl,dpcpp-ocl-jit-usm,cpu,conv,512,iso,612,1448300,1557400
P3,sycl,dpcpp-ocl-jit-usm,cpu,conv,512,iso,613,1428800,1546800
P3,sycl,dpcpp-ocl-jit-usm,cpu,conv,512,iso,614,1436300,1702000
P3,sycl,dpcpp-ocl-jit-usm,cpu,conv,512,iso,615,1536300,1562100
P3,sycl,dpcpp-ocl-jit-usm,cpu,conv,512,iso,616,1434900,1563800
P3,sycl,dpcpp-ocl-jit-usm,cpu,conv,512,iso,617,1428600,1706700
P3,sycl,dpcpp-ocl-jit-usm,cpu,conv,512,iso,618,1539100,1564000
P3,sycl,dpcpp-ocl-jit-usm,cpu,conv,512,iso,619,1430600,1550700
P3,sycl,dpcpp-ocl-jit-usm,cpu,conv,512,iso,620,1429200,1552300
P3,sycl,dpcpp-ocl-jit-usm,cpu,conv,512,iso,621,1614600,1685800
P3,sycl,dpcpp-ocl-jit-usm,cpu,conv,512,iso,622,1432300,1555100
P3,sycl,dpcpp-ocl-jit-usm,cpu,conv,512,iso,623,1432900,1555600
P3,sycl,dpcpp-ocl-jit-usm,cpu,conv,512,iso,624,1427300,1703700
P3,sycl,dpcpp-ocl-jit-usm,cpu,conv,512,iso,625,1531900,1562600
P3,sycl,dpcpp-ocl-jit-usm,cpu,conv,512,iso,626,1428100,1560200
P3,sycl,dpcpp-ocl-jit-usm,cpu,conv,512,iso,627,1430500,1704700
P3,sycl,dpcpp-ocl-jit-usm,cpu,conv,512,iso,628,1537000,1559400
P3,sycl,dpcpp-ocl-jit-usm,cpu,conv,512,iso,629,1427700,1547500
P3,sycl,dpcpp-ocl-jit-usm,cpu,conv,512,iso,630,1429800,1553400
P3,sycl,dpcpp-ocl-jit-usm,cpu,conv,512,iso,631,1681200,1576400
P3,sycl,dpcpp-ocl-jit-usm,cpu,conv,512,iso,632,1436400,1546600
P3,sycl,dpcpp-ocl-jit-usm,cpu,conv,512,iso,633,1430700,1551300
P3,sycl,dpcpp-ocl-jit-usm,cpu,conv,512,iso,634,1576600,1668400
P3,sycl,dpcpp-ocl-jit-usm,cpu,conv,512,iso,635,1432000,1547700
P3,sycl,dpcpp-ocl-jit-usm,cpu,conv,512,iso,636,1430000,1559900
P3,sycl,dpcpp-ocl-jit-usm,cpu,conv,512,iso,637,1428200,1706800
P3,sycl,dpcpp-ocl-jit-usm,cpu,conv,512,iso,638,1433100,1663400
P3,sycl,dpcpp-ocl-jit-usm,cpu,conv,512,iso,639,1432600,1554100
P3,sycl,dpcpp-ocl-jit-usm,cpu,conv,512,iso,640,1428600,1701900
P3,sycl,dpcpp-ocl-jit-usm,cpu,conv,512,iso,641,1553600,1567800
P3,sycl,dpcpp-ocl-jit-usm,cpu,conv,512,iso,642,1430700,1552500
P3,sycl,dpcpp-ocl-jit-usm,cpu,conv,512,iso,643,1427300,1546700
P3,sycl,dpcpp-ocl-jit-usm,cpu,conv,512,iso,644,1674500,1570900
P3,sycl,dpcpp-ocl-jit-usm,cpu,conv,512,iso,645,1429800,1543600
P3,sycl,dpcpp-ocl-jit-usm,cpu,conv,512,iso,646,1417300,1577200
P3,sycl,dpcpp-ocl-jit-usm,cpu,conv,512,iso,647,1580400,1704200
P3,sycl,dpcpp-ocl-jit-usm,cpu,conv,512,iso,648,1434600,1548200
P3,sycl,dpcpp-ocl-jit-usm,cpu,conv,512,iso,649,1431400,1544400
P3,sycl,dpcpp-ocl-jit-usm,cpu,conv,512,iso,650,1432900,1808100
P3,sycl,dpcpp-ocl-jit-usm,cpu,conv,512,iso,651,1454400,1551500
P3,sycl,dpcpp-ocl-jit-usm,cpu,conv,512,iso,652,1425600,1546200
P3,sycl,dpcpp-ocl-jit-usm,cpu,conv,512,iso,653,1432900,1706100
P3,sycl,dpcpp-ocl-jit-usm,cpu,conv,512,iso,654,1534400,1562000
P3,sycl,dpcpp-ocl-jit-usm,cpu,conv,512,iso,655,1429300,1546900
P3,sycl,dpcpp-ocl-jit-usm,cpu,conv,512,iso,656,1445900,1548900
P3,sycl,dpcpp-ocl-jit-usm,cpu,conv,512,iso,657,1570200,1558000
P3,sycl,dpcpp-ocl-jit-usm,cpu,conv,512,iso,658,1531900,1563300
P3,sycl,dpcpp-ocl-jit-usm,cpu,conv,512,iso,659,1429000,1547700
P3,sycl,dpcpp-ocl-jit-usm,cpu,conv,512,iso,660,1576700,1670400
P3,sycl,dpcpp-ocl-jit-usm,cpu,conv,512,iso,661,1446300,1549500
P3,sycl,dpcpp-ocl-jit-usm,cpu,conv,512,iso,662,1430200,1547200
P3,sycl,dpcpp-ocl-jit-usm,cpu,conv,512,iso,663,1433900,1706200
P3,sycl,dpcpp-ocl-jit-usm,cpu,conv,512,iso,664,1538400,1562100
P3,sycl,dpcpp-ocl-jit-usm,cpu,conv,512,iso,665,1430800,1549200
P3,sycl,dpcpp-ocl-jit-usm,cpu,conv,512,iso,666,1445300,1702300
P3,sycl,dpcpp-ocl-jit-usm,cpu,conv,512,iso,667,1534800,1562200
P3,sycl,dpcpp-ocl-jit-usm,cpu,conv,512,iso,668,1428700,1549700
P3,sycl,dpcpp-ocl-jit-usm,cpu,conv,512,iso,669,1431400,1555000
P3,sycl,dpcpp-ocl-jit-usm,cpu,conv,512,iso,670,1580200,1678100
P3,sycl,dpcpp-ocl-jit-usm,cpu,conv,512,iso,671,1432200,1546600
P3,sycl,dpcpp-ocl-jit-usm,cpu,conv,512,iso,672,1429600,1553500
P3,sycl,dpcpp-ocl-jit-usm,cpu,conv,512,iso,673,1574400,1699200
P3,sycl,dpcpp-ocl-jit-usm,cpu,conv,512,iso,674,1433600,1547000
P3,sycl,dpcpp-ocl-jit-usm,cpu,conv,512,iso,675,1436900,1558700
P3,sycl,dpcpp-ocl-jit-usm,cpu,conv,512,iso,676,1430200,1708900
P3,sycl,dpcpp-ocl-jit-usm,cpu,conv,512,iso,677,1538700,1563100
P3,sycl,dpcpp-ocl-jit-usm,cpu,conv,512,iso,678,1427300,1546200
P3,sycl,dpcpp-ocl-jit-usm,cpu,conv,512,iso,679,1428500,1712400
P3,sycl,dpcpp-ocl-jit-usm,cpu,conv,512,iso,680,1540000,1563500
P3,sycl,dpcpp-ocl-jit-usm,cpu,conv,512,iso,681,1430900,1546600
P3,sycl,dpcpp-ocl-jit-usm,cpu,conv,512,iso,682,1427000,1553000
P3,sycl,dpcpp-ocl-jit-usm,cpu,conv,512,iso,683,1579200,1668100
P3,sycl,dpcpp-ocl-jit-usm,cpu,conv,512,iso,684,1433900,1544800
P3,sycl,dpcpp-ocl-jit-usm,cpu,conv,512,iso,685,1429900,1563800
P3,sycl,dpcpp-ocl-jit-usm,cpu,conv,512,iso,686,1579300,1676600
P3,sycl,dpcpp-ocl-jit-usm,cpu,conv,512,iso,687,1433800,1546600
P3,sycl,dpcpp-ocl-jit-usm,cpu,conv,512,iso,688,1430900,1547000
P3,sycl,dpcpp-ocl-jit-usm,cpu,conv,512,iso,689,1577100,1730500
P3,sycl,dpcpp-ocl-jit-usm,cpu,conv,512,iso,690,1440500,1670000
P3,sycl,dpcpp-ocl-jit-usm,cpu,conv,512,iso,691,1432200,1554900
P3,sycl,dpcpp-ocl-jit-usm,cpu,conv,512,iso,692,1433200,1707300
P3,sycl,dpcpp-ocl-jit-usm,cpu,conv,512,iso,693,1536200,1556100
P3,sycl,dpcpp-ocl-jit-usm,cpu,conv,512,iso,694,1429900,1571700
P3,sycl,dpcpp-ocl-jit-usm,cpu,conv,512,iso,695,1452100,1553900
P3,sycl,dpcpp-ocl-jit-usm,cpu,conv,512,iso,696,1582400,1675600
P3,sycl,dpcpp-ocl-jit-usm,cpu,conv,512,iso,697,1447700,1621300
P3,sycl,dpcpp-ocl-jit-usm,cpu,conv,512,iso,698,1438600,1552500
P3,sycl,dpcpp-ocl-jit-usm,cpu,conv,512,iso,699,1578200,1701600
P3,sycl,dpcpp-ocl-jit-usm,cpu,conv,512,iso,700,1453900,1546700
P3,sycl,dpcpp-ocl-jit-usm,cpu,conv,512,iso,701,1407000,1549000
P3,sycl,dpcpp-ocl-jit-usm,cpu,conv,512,iso,702,1431500,1707200
P3,sycl,dpcpp-ocl-jit-usm,cpu,conv,512,iso,703,1434400,1662400
P3,sycl,dpcpp-ocl-jit-usm,cpu,conv,512,iso,704,1434500,1546800
P3,sycl,dpcpp-ocl-jit-usm,cpu,conv,512,iso,705,1443300,1703600
P3,sycl,dpcpp-ocl-jit-usm,cpu,conv,512,iso,706,1536300,1561700
P3,sycl,dpcpp-ocl-jit-usm,cpu,conv,512,iso,707,1432200,1547400
P3,sycl,dpcpp-ocl-jit-usm,cpu,conv,512,iso,708,1431500,1546900
P3,sycl,dpcpp-ocl-jit-usm,cpu,conv,512,iso,709,1579300,1568800
P3,sycl,dpcpp-ocl-jit-usm,cpu,conv,512,iso,710,1433000,1660400
P3,sycl,dpcpp-ocl-jit-usm,cpu,conv,512,iso,711,1431400,1548300
P3,sycl,dpcpp-ocl-jit-usm,cpu,conv,512,iso,712,1566300,1672400
P3,sycl,dpcpp-ocl-jit-usm,cpu,conv,512,iso,713,1435000,1544300
P3,sycl,dpcpp-ocl-jit-usm,cpu,conv,512,iso,714,1462100,1561500
P3,sycl,dpcpp-ocl-jit-usm,cpu,conv,512,iso,715,1430000,1700500
P3,sycl,dpcpp-ocl-jit-usm,cpu,conv,512,iso,716,1535900,1562000
P3,sycl,dpcpp-ocl-jit-usm,cpu,conv,512,iso,717,1430700,1546400
P3,sycl,dpcpp-ocl-jit-usm,cpu,conv,512,iso,718,1504700,1711600
P3,sycl,dpcpp-ocl-jit-usm,cpu,conv,512,iso,719,1542000,1575600
P3,sycl,dpcpp-ocl-jit-usm,cpu,conv,512,iso,720,1431800,1553700
P3,sycl,dpcpp-ocl-jit-usm,cpu,conv,512,iso,721,1428800,1555000
P3,sycl,dpcpp-ocl-jit-usm,cpu,conv,512,iso,722,1582900,1564400
P3,sycl,dpcpp-ocl-jit-usm,cpu,conv,512,iso,723,1428900,1668400
P3,sycl,dpcpp-ocl-jit-usm,cpu,conv,512,iso,724,1432500,1567000
P3,sycl,dpcpp-ocl-jit-usm,cpu,conv,512,iso,725,1598400,1699200
P3,sycl,dpcpp-ocl-jit-usm,cpu,conv,512,iso,726,1434500,1546600
P3,sycl,dpcpp-ocl-jit-usm,cpu,conv,512,iso,727,1429500,1549000
P3,sycl,dpcpp-ocl-jit-usm,cpu,conv,512,iso,728,1428100,1698900
P3,sycl,dpcpp-ocl-jit-usm,cpu,conv,512,iso,729,1444300,1552500
P3,sycl,dpcpp-ocl-jit-usm,cpu,conv,512,iso,730,1536400,1563200
P3,sycl,dpcpp-ocl-jit-usm,cpu,conv,512,iso,731,1431900,1707100
P3,sycl,dpcpp-ocl-jit-usm,cpu,conv,512,iso,732,1545700,1569400
P3,sycl,dpcpp-ocl-jit-usm,cpu,conv,512,iso,733,1428000,1547300
P3,sycl,dpcpp-ocl-jit-usm,cpu,conv,512,iso,734,1430500,1557000
P3,sycl,dpcpp-ocl-jit-usm,cpu,conv,512,iso,735,1572900,1559400
P3,sycl,dpcpp-ocl-jit-usm,cpu,conv,512,iso,736,1428900,1673900
P3,sycl,dpcpp-ocl-jit-usm,cpu,conv,512,iso,737,1433700,1556800
P3,sycl,dpcpp-ocl-jit-usm,cpu,conv,512,iso,738,1574100,1668500
P3,sycl,dpcpp-ocl-jit-usm,cpu,conv,512,iso,739,1446700,1545100
P3,sycl,dpcpp-ocl-jit-usm,cpu,conv,512,iso,740,1429600,1549800
P3,sycl,dpcpp-ocl-jit-usm,cpu,conv,512,iso,741,1435200,1704000
P3,sycl,dpcpp-ocl-jit-usm,cpu,conv,512,iso,742,1443900,2068800
P3,sycl,dpcpp-ocl-jit-usm,cpu,conv,512,iso,743,1438300,1552200
P3,sycl,dpcpp-ocl-jit-usm,cpu,conv,512,iso,744,1430400,1669200
P3,sycl,dpcpp-ocl-jit-usm,cpu,conv,512,iso,745,1546400,1573600
P3,sycl,dpcpp-ocl-jit-usm,cpu,conv,512,iso,746,1424300,1549900
P3,sycl,dpcpp-ocl-jit-usm,cpu,conv,512,iso,747,1429400,1561300
P3,sycl,dpcpp-ocl-jit-usm,cpu,conv,512,iso,748,1450100,1557500
P3,sycl,dpcpp-ocl-jit-usm,cpu,conv,512,iso,749,1430700,1657400
P3,sycl,dpcpp-ocl-jit-usm,cpu,conv,512,iso,750,1438300,1549500
P3,sycl,dpcpp-ocl-jit-usm,cpu,conv,512,iso,751,1645100,1715100
P3,sycl,dpcpp-ocl-jit-usm,cpu,conv,512,iso,752,1434300,1553800
P3,sycl,dpcpp-ocl-jit-usm,cpu,conv,512,iso,753,1435700,1575700
P3,sycl,dpcpp-ocl-jit-usm,cpu,conv,512,iso,754,1433300,1702800
P3,sycl,dpcpp-ocl-jit-usm,cpu,conv,512,iso,755,1431200,1659900
P3,sycl,dpcpp-ocl-jit-usm,cpu,conv,512,iso,756,1436100,1551100
P3,sycl,dpcpp-ocl-jit-usm,cpu,conv,512,iso,757,1426900,1704700
P3,sycl,dpcpp-ocl-jit-usm,cpu,conv,512,iso,758,1533700,1575600
P3,sycl,dpcpp-ocl-jit-usm,cpu,conv,512,iso,759,1429700,1549200
P3,sycl,dpcpp-ocl-jit-usm,cpu,conv,512,iso,760,1432100,1549100
P3,sycl,dpcpp-ocl-jit-usm,cpu,conv,512,iso,761,1582600,1667600
P3,sycl,dpcpp-ocl-jit-usm,cpu,conv,512,iso,762,1515600,1554800
P3,sycl,dpcpp-ocl-jit-usm,cpu,conv,512,iso,763,1432000,1553300
P3,sycl,dpcpp-ocl-jit-usm,cpu,conv,512,iso,764,1581100,1672700
P3,sycl,dpcpp-ocl-jit-usm,cpu,conv,512,iso,765,1435500,1550200
P3,sycl,dpcpp-ocl-jit-usm,cpu,conv,512,iso,766,1429900,1557400
P3,sycl,dpcpp-ocl-jit-usm,cpu,conv,512,iso,767,1429800,1703000
P3,sycl,dpcpp-ocl-jit-usm,cpu,conv,512,iso,768,1441500,1666400
P3,sycl,dpcpp-ocl-jit-usm,cpu,conv,512,iso,769,1435400,1547600
P3,sycl,dpcpp-ocl-jit-usm,cpu,conv,512,iso,770,1432900,1701500
P3,sycl,dpcpp-ocl-jit-usm,cpu,conv,512,iso,771,1539300,1566200
P3,sycl,dpcpp-ocl-jit-usm,cpu,conv,512,iso,772,1428700,1550400
P3,sycl,dpcpp-ocl-jit-usm,cpu,conv,512,iso,773,1445800,1552000
P3,sycl,dpcpp-ocl-jit-usm,cpu,conv,512,iso,774,1582900,1557300
P3,sycl,dpcpp-ocl-jit-usm,cpu,conv,512,iso,775,1532300,1569500
P3,sycl,dpcpp-ocl-jit-usm,cpu,conv,512,iso,776,1436800,1554300
P3,sycl,dpcpp-ocl-jit-usm,cpu,conv,512,iso,777,1582000,1703900
P3,sycl,dpcpp-ocl-jit-usm,cpu,conv,512,iso,778,1444200,1552000
P3,sycl,dpcpp-ocl-jit-usm,cpu,conv,512,iso,779,1429300,1551500
P3,sycl,dpcpp-ocl-jit-usm,cpu,conv,512,iso,780,1434400,1706700
P3,sycl,dpcpp-ocl-jit-usm,cpu,conv,512,iso,781,1539200,1562800
P3,sycl,dpcpp-ocl-jit-usm,cpu,conv,512,iso,782,1428800,1560200
P3,sycl,dpcpp-ocl-jit-usm,cpu,conv,512,iso,783,1433100,1700800
P3,sycl,dpcpp-ocl-jit-usm,cpu,conv,512,iso,784,1534300,1561400
P3,sycl,dpcpp-ocl-jit-usm,cpu,conv,512,iso,785,1431200,1545900
P3,sycl,dpcpp-ocl-jit-usm,cpu,conv,512,iso,786,1432600,1554200
P3,sycl,dpcpp-ocl-jit-usm,cpu,conv,512,iso,787,1580900,1566900
P3,sycl,dpcpp-ocl-jit-usm,cpu,conv,512,iso,788,1429700,1676400
P3,sycl,dpcpp-ocl-jit-usm,cpu,conv,512,iso,789,1439600,1545500
P3,sycl,dpcpp-ocl-jit-usm,cpu,conv,512,iso,790,1582200,1669700
P3,sycl,dpcpp-ocl-jit-usm,cpu,conv,512,iso,791,1435000,1560000
P3,sycl,dpcpp-ocl-jit-usm,cpu,conv,512,iso,792,1429100,1559000
P3,sycl,dpcpp-ocl-jit-usm,cpu,conv,512,iso,793,1429600,1704000
P3,sycl,dpcpp-ocl-jit-usm,cpu,conv,512,iso,794,1536200,1561900
P3,sycl,dpcpp-ocl-jit-usm,cpu,conv,512,iso,795,1430400,1547800
P3,sycl,dpcpp-ocl-jit-usm,cpu,conv,512,iso,796,1430000,1708200
P3,sycl,dpcpp-ocl-jit-usm,cpu,conv,512,iso,797,1535900,1583300
P3,sycl,dpcpp-ocl-jit-usm,cpu,conv,512,iso,798,1432700,1557500
P3,sycl,dpcpp-ocl-jit-usm,cpu,conv,512,iso,799,1436300,1549400
P3,sycl,dpcpp-ocl-jit-usm,cpu,conv,512,iso,800,1590500,1668400
P3,sycl,dpcpp-ocl-jit-usm,cpu,conv,512,iso,801,1434200,1548400
P3,sycl,dpcpp-ocl-jit-usm,cpu,conv,512,iso,802,1442100,1554000
P3,sycl,dpcpp-ocl-jit-usm,cpu,conv,512,iso,803,1576200,1699200
P3,sycl,dpcpp-ocl-jit-usm,cpu,conv,512,iso,804,1434200,1550800
P3,sycl,dpcpp-ocl-jit-usm,cpu,conv,512,iso,805,1430200,1551100
P3,sycl,dpcpp-ocl-jit-usm,cpu,conv,512,iso,806,1437300,1709000
P3,sycl,dpcpp-ocl-jit-usm,cpu,conv,512,iso,807,1554700,1563300
P3,sycl,dpcpp-ocl-jit-usm,cpu,conv,512,iso,808,1431600,1556200
P3,sycl,dpcpp-ocl-jit-usm,cpu,conv,512,iso,809,1430800,1709800
P3,sycl,dpcpp-ocl-jit-usm,cpu,conv,512,iso,810,1543600,1569100
P3,sycl,dpcpp-ocl-jit-usm,cpu,conv,512,iso,811,1436000,1548400
P3,sycl,dpcpp-ocl-jit-usm,cpu,conv,512,iso,812,1440900,1552900
P3,sycl,dpcpp-ocl-jit-usm,cpu,conv,512,iso,813,1578500,1666500
P3,sycl,dpcpp-ocl-jit-usm,cpu,conv,512,iso,814,1434700,1548600
P3,sycl,dpcpp-ocl-jit-usm,cpu,conv,512,iso,815,1430800,1551600
P3,sycl,dpcpp-ocl-jit-usm,cpu,conv,512,iso,816,1428400,1815400
P3,sycl,dpcpp-ocl-jit-usm,cpu,conv,512,iso,817,1445300,1548600
P3,sycl,dpcpp-ocl-jit-usm,cpu,conv,512,iso,818,1433000,1553400
P3,sycl,dpcpp-ocl-jit-usm,cpu,conv,512,iso,819,1430200,1704600
P3,sycl,dpcpp-ocl-jit-usm,cpu,conv,512,iso,820,1437600,1551000
P3,sycl,dpcpp-ocl-jit-usm,cpu,conv,512,iso,821,1544900,1681600
P3,sycl,dpcpp-ocl-jit-usm,cpu,conv,512,iso,822,1467700,1753900
P3,sycl,dpcpp-ocl-jit-usm,cpu,conv,512,iso,823,1543700,1563100
P3,sycl,dpcpp-ocl-jit-usm,cpu,conv,512,iso,824,1430300,1547200
P3,sycl,dpcpp-ocl-jit-usm,cpu,conv,512,iso,825,1432200,1556500
P3,sycl,dpcpp-ocl-jit-usm,cpu,conv,512,iso,826,1596100,1697800
P3,sycl,dpcpp-ocl-jit-usm,cpu,conv,512,iso,827,1437600,1555800
P3,sycl,dpcpp-ocl-jit-usm,cpu,conv,512,iso,828,1432900,1548600
P3,sycl,dpcpp-ocl-jit-usm,cpu,conv,512,iso,829,1583700,1704200
P3,sycl,dpcpp-ocl-jit-usm,cpu,conv,512,iso,830,1431800,1546400
P3,sycl,dpcpp-ocl-jit-usm,cpu,conv,512,iso,831,1435400,1557200
P3,sycl,dpcpp-ocl-jit-usm,cpu,conv,512,iso,832,1428300,1705300
P3,sycl,dpcpp-ocl-jit-usm,cpu,conv,512,iso,833,1430600,1666500
P3,sycl,dpcpp-ocl-jit-usm,cpu,conv,512,iso,834,1440700,1557200
P3,sycl,dpcpp-ocl-jit-usm,cpu,conv,512,iso,835,1428100,1698900
P3,sycl,dpcpp-ocl-jit-usm,cpu,conv,512,iso,836,1534200,1564700
P3,sycl,dpcpp-ocl-jit-usm,cpu,conv,512,iso,837,1431400,1546200
P3,sycl,dpcpp-ocl-jit-usm,cpu,conv,512,iso,838,1427300,1554500
P3,sycl,dpcpp-ocl-jit-usm,cpu,conv,512,iso,839,1582600,1563900
P3,sycl,dpcpp-ocl-jit-usm,cpu,conv,512,iso,840,1429100,1659500
P3,sycl,dpcpp-ocl-jit-usm,cpu,conv,512,iso,841,1433200,1554300
P3,sycl,dpcpp-ocl-jit-usm,cpu,conv,512,iso,842,1575300,1674500
P3,sycl,dpcpp-ocl-jit-usm,cpu,conv,512,iso,843,1434100,1548900
P3,sycl,dpcpp-ocl-jit-usm,cpu,conv,512,iso,844,1435200,1545900
P3,sycl,dpcpp-ocl-jit-usm,cpu,conv,512,iso,845,1429000,1706300
P3,sycl,dpcpp-ocl-jit-usm,cpu,conv,512,iso,846,1540200,1560000
P3,sycl,dpcpp-ocl-jit-usm,cpu,conv,512,iso,847,1434300,1554000
P3,sycl,dpcpp-ocl-jit-usm,cpu,conv,512,iso,848,1434600,1549800
P3,sycl,dpcpp-ocl-jit-usm,cpu,conv,512,iso,849,1587100,1664100
P3,sycl,dpcpp-ocl-jit-usm,cpu,conv,512,iso,850,1432500,1548400
P3,sycl,dpcpp-ocl-jit-usm,cpu,conv,512,iso,851,1444000,1549200
P3,sycl,dpcpp-ocl-jit-usm,cpu,conv,512,iso,852,1580800,1669600
P3,sycl,dpcpp-ocl-jit-usm,cpu,conv,512,iso,853,1432300,1545600
P3,sycl,dpcpp-ocl-jit-usm,cpu,conv,512,iso,854,1430000,1550400
P3,sycl,dpcpp-ocl-jit-usm,cpu,conv,512,iso,855,1426900,1717900
P3,sycl,dpcpp-ocl-jit-usm,cpu,conv,512,iso,856,1556700,1562700
P3,sycl,dpcpp-ocl-jit-usm,cpu,conv,512,iso,857,1436200,1552500
P3,sycl,dpcpp-ocl-jit-usm,cpu,conv,512,iso,858,1433300,1708400
P3,sycl,dpcpp-ocl-jit-usm,cpu,conv,512,iso,859,1432600,1544200
P3,sycl,dpcpp-ocl-jit-usm,cpu,conv,512,iso,860,1538500,1559100
P3,sycl,dpcpp-ocl-jit-usm,cpu,conv,512,iso,861,1454200,1614100
P3,sycl,dpcpp-ocl-jit-usm,cpu,conv,512,iso,862,1576400,1666600
P3,sycl,dpcpp-ocl-jit-usm,cpu,conv,512,iso,863,1430000,1545500
P3,sycl,dpcpp-ocl-jit-usm,cpu,conv,512,iso,864,1425700,1549900
P3,sycl,dpcpp-ocl-jit-usm,cpu,conv,512,iso,865,1581400,1585000
P3,sycl,dpcpp-ocl-jit-usm,cpu,conv,512,iso,866,1551700,1561500
P3,sycl,dpcpp-ocl-jit-usm,cpu,conv,512,iso,867,1429300,1553300
P3,sycl,dpcpp-ocl-jit-usm,cpu,conv,512,iso,868,1429600,1807300
P3,sycl,dpcpp-ocl-jit-usm,cpu,conv,512,iso,869,1433400,1550900
P3,sycl,dpcpp-ocl-jit-usm,cpu,conv,512,iso,870,1429500,1560200
P3,sycl,dpcpp-ocl-jit-usm,cpu,conv,512,iso,871,1430400,1702500
P3,sycl,dpcpp-ocl-jit-usm,cpu,conv,512,iso,872,1435800,1546700
P3,sycl,dpcpp-ocl-jit-usm,cpu,conv,512,iso,873,1532100,1560700
P3,sycl,dpcpp-ocl-jit-usm,cpu,conv,512,iso,874,1428700,1552700
P3,sycl,dpcpp-ocl-jit-usm,cpu,conv,512,iso,875,1676800,1579400
P3,sycl,dpcpp-ocl-jit-usm,cpu,conv,512,iso,876,1431900,1546500
P3,sycl,dpcpp-ocl-jit-usm,cpu,conv,512,iso,877,1434200,1534000
P3,sycl,dpcpp-ocl-jit-usm,cpu,conv,512,iso,878,1584900,1670200
P3,sycl,dpcpp-ocl-jit-usm,cpu,conv,512,iso,879,1433200,1547800
P3,sycl,dpcpp-ocl-jit-usm,cpu,conv,512,iso,880,1432900,1648300
P3,sycl,dpcpp-ocl-jit-usm,cpu,conv,512,iso,881,1440300,1841300
P3,sycl,dpcpp-ocl-jit-usm,cpu,conv,512,iso,882,1434500,1547700
P3,sycl,dpcpp-ocl-jit-usm,cpu,conv,512,iso,883,1430000,1548000
P3,sycl,dpcpp-ocl-jit-usm,cpu,conv,512,iso,884,1428300,1707200
P3,sycl,dpcpp-ocl-jit-usm,cpu,conv,512,iso,885,1436000,1563200
P3,sycl,dpcpp-ocl-jit-usm,cpu,conv,512,iso,886,1538700,1565700
P3,sycl,dpcpp-ocl-jit-usm,cpu,conv,512,iso,887,1428800,1548200
P3,sycl,dpcpp-ocl-jit-usm,cpu,conv,512,iso,888,1679600,1563900
P3,sycl,dpcpp-ocl-jit-usm,cpu,conv,512,iso,889,1433200,1551100
P3,sycl,dpcpp-ocl-jit-usm,cpu,conv,512,iso,890,1442200,1555900
P3,sycl,dpcpp-ocl-jit-usm,cpu,conv,512,iso,891,1580200,1668400
P3,sycl,dpcpp-ocl-jit-usm,cpu,conv,512,iso,892,1434500,1548000
P3,sycl,dpcpp-ocl-jit-usm,cpu,conv,512,iso,893,1436500,1554200
P3,sycl,dpcpp-ocl-jit-usm,cpu,conv,512,iso,894,1428700,1809200
P3,sycl,dpcpp-ocl-jit-usm,cpu,conv,512,iso,895,1442900,1549500
P3,sycl,dpcpp-ocl-jit-usm,cpu,conv,512,iso,896,1429900,1546600
P3,sycl,dpcpp-ocl-jit-usm,cpu,conv,512,iso,897,1430300,1698700
P3,sycl,dpcpp-ocl-jit-usm,cpu,conv,512,iso,898,1534900,1560200
P3,sycl,dpcpp-ocl-jit-usm,cpu,conv,512,iso,899,1441600,1553300
P3,sycl,dpcpp-ocl-jit-usm,cpu,conv,512,iso,900,1440700,1550500
P3,sycl,dpcpp-ocl-jit-usm,cpu,conv,512,iso,901,1585900,1672900
P3,sycl,dpcpp-ocl-jit-usm,cpu,conv,512,iso,902,1429400,1545100
P3,sycl,dpcpp-ocl-jit-usm,cpu,conv,512,iso,903,1430500,1544600
P3,sycl,dpcpp-ocl-jit-usm,cpu,conv,512,iso,904,1582800,1558000
P3,sycl,dpcpp-ocl-jit-usm,cpu,conv,512,iso,905,1449600,1669500
P3,sycl,dpcpp-ocl-jit-usm,cpu,conv,512,iso,906,1446300,1552900
P3,sycl,dpcpp-ocl-jit-usm,cpu,conv,512,iso,907,1429000,1836200
P3,sycl,dpcpp-ocl-jit-usm,cpu,conv,512,iso,908,1440800,1549100
P3,sycl,dpcpp-ocl-jit-usm,cpu,conv,512,iso,909,1430900,1560000
P3,sycl,dpcpp-ocl-jit-usm,cpu,conv,512,iso,910,1427700,1684600
P3,sycl,dpcpp-ocl-jit-usm,cpu,conv,512,iso,911,1543500,1561900
P3,sycl,dpcpp-ocl-jit-usm,cpu,conv,512,iso,912,1426400,1547500
P3,sycl,dpcpp-ocl-jit-usm,cpu,conv,512,iso,913,1431400,1546700
P3,sycl,dpcpp-ocl-jit-usm,cpu,conv,512,iso,914,1576300,1677800
P3,sycl,dpcpp-ocl-jit-usm,cpu,conv,512,iso,915,1435400,1547200
P3,sycl,dpcpp-ocl-jit-usm,cpu,conv,512,iso,916,1429000,1542600
P3,sycl,dpcpp-ocl-jit-usm,cpu,conv,512,iso,917,1580700,1561900
P3,sycl,dpcpp-ocl-jit-usm,cpu,conv,512,iso,918,1447800,1655900
P3,sycl,dpcpp-ocl-jit-usm,cpu,conv,512,iso,919,1433400,1557400
P3,sycl,dpcpp-ocl-jit-usm,cpu,conv,512,iso,920,1432700,1707400
P3,sycl,dpcpp-ocl-jit-usm,cpu,conv,512,iso,921,1543500,1561600
P3,sycl,dpcpp-ocl-jit-usm,cpu,conv,512,iso,922,1435200,1546600
P3,sycl,dpcpp-ocl-jit-usm,cpu,conv,512,iso,923,1429300,1699700
P3,sycl,dpcpp-ocl-jit-usm,cpu,conv,512,iso,924,1434600,1555100
P3,sycl,dpcpp-ocl-jit-usm,cpu,conv,512,iso,925,1555400,1560800
P3,sycl,dpcpp-ocl-jit-usm,cpu,conv,512,iso,926,1430100,1549600
P3,sycl,dpcpp-ocl-jit-usm,cpu,conv,512,iso,927,1581100,1674000
P3,sycl,dpcpp-ocl-jit-usm,cpu,conv,512,iso,928,1437400,1549500
P3,sycl,dpcpp-ocl-jit-usm,cpu,conv,512,iso,929,1434400,1568100
P3,sycl,dpcpp-ocl-jit-usm,cpu,conv,512,iso,930,1582500,1560700
P3,sycl,dpcpp-ocl-jit-usm,cpu,conv,512,iso,931,1429500,1659500
P3,sycl,dpcpp-ocl-jit-usm,cpu,conv,512,iso,932,1434800,1548700
P3,sycl,dpcpp-ocl-jit-usm,cpu,conv,512,iso,933,1436400,1734900
P3,sycl,dpcpp-ocl-jit-usm,cpu,conv,512,iso,934,1544500,1561100
P3,sycl,dpcpp-ocl-jit-usm,cpu,conv,512,iso,935,1429600,1549800
P3,sycl,dpcpp-ocl-jit-usm,cpu,conv,512,iso,936,1433600,1698400
P3,sycl,dpcpp-ocl-jit-usm,cpu,conv,512,iso,937,1433600,1554400
P3,sycl,dpcpp-ocl-jit-usm,cpu,conv,512,iso,938,1534500,1560600
P3,sycl,dpcpp-ocl-jit-usm,cpu,conv,512,iso,939,1441400,1552900
P3,sycl,dpcpp-ocl-jit-usm,cpu,conv,512,iso,940,1572500,1668800
P3,sycl,dpcpp-ocl-jit-usm,cpu,conv,512,iso,941,1438400,1553300
P3,sycl,dpcpp-ocl-jit-usm,cpu,conv,512,iso,942,1427400,1545600
P3,sycl,dpcpp-ocl-jit-usm,cpu,conv,512,iso,943,1574200,1673800
P3,sycl,dpcpp-ocl-jit-usm,cpu,conv,512,iso,944,1445500,1546600
P3,sycl,dpcpp-ocl-jit-usm,cpu,conv,512,iso,945,1430500,1548200
P3,sycl,dpcpp-ocl-jit-usm,cpu,conv,512,iso,946,1433200,1704500
P3,sycl,dpcpp-ocl-jit-usm,cpu,conv,512,iso,947,1535300,1561300
P3,sycl,dpcpp-ocl-jit-usm,cpu,conv,512,iso,948,1430600,1558500
P3,sycl,dpcpp-ocl-jit-usm,cpu,conv,512,iso,949,1434700,1697800
P3,sycl,dpcpp-ocl-jit-usm,cpu,conv,512,iso,950,1439400,1556300
P3,sycl,dpcpp-ocl-jit-usm,cpu,conv,512,iso,951,1529500,1560000
P3,sycl,dpcpp-ocl-jit-usm,cpu,conv,512,iso,952,1429800,1546000
P3,sycl,dpcpp-ocl-jit-usm,cpu,conv,512,iso,953,1577300,1665000
P3,sycl,dpcpp-ocl-jit-usm,cpu,conv,512,iso,954,1457500,1549400
P3,sycl,dpcpp-ocl-jit-usm,cpu,conv,512,iso,955,1431000,1547100
P3,sycl,dpcpp-ocl-jit-usm,cpu,conv,512,iso,956,1429300,1807200
P3,sycl,dpcpp-ocl-jit-usm,cpu,conv,512,iso,957,1434200,1547700
P3,sycl,dpcpp-ocl-jit-usm,cpu,conv,512,iso,958,1435000,1565500
P3,sycl,dpcpp-ocl-jit-usm,cpu,conv,512,iso,959,1434900,1740800
P3,sycl,dpcpp-ocl-jit-usm,cpu,conv,512,iso,960,1540700,1561800
P3,sycl,dpcpp-ocl-jit-usm,cpu,conv,512,iso,961,1432600,1544700
P3,sycl,dpcpp-ocl-jit-usm,cpu,conv,512,iso,962,1429500,1550700
P3,sycl,dpcpp-ocl-jit-usm,cpu,conv,512,iso,963,1582600,1569300
P3,sycl,dpcpp-ocl-jit-usm,cpu,conv,512,iso,964,1532300,1559400
P3,sycl,dpcpp-ocl-jit-usm,cpu,conv,512,iso,965,1430800,1555400
P3,sycl,dpcpp-ocl-jit-usm,cpu,conv,512,iso,966,1578600,1665900
P3,sycl,dpcpp-ocl-jit-usm,cpu,conv,512,iso,967,1433500,1546500
P3,sycl,dpcpp-ocl-jit-usm,cpu,conv,512,iso,968,1441900,1554000
P3,sycl,dpcpp-ocl-jit-usm,cpu,conv,512,iso,969,1435400,1708700
P3,sycl,dpcpp-ocl-jit-usm,cpu,conv,512,iso,970,1435200,1655600
P3,sycl,dpcpp-ocl-jit-usm,cpu,conv,512,iso,971,1437900,1548800
P3,sycl,dpcpp-ocl-jit-usm,cpu,conv,512,iso,972,1433300,1705400
P3,sycl,dpcpp-ocl-jit-usm,cpu,conv,512,iso,973,1538900,1564000
P3,sycl,dpcpp-ocl-jit-usm,cpu,conv,512,iso,974,1429800,1544400
P3,sycl,dpcpp-ocl-jit-usm,cpu,conv,512,iso,975,1428000,1551200
P3,sycl,dpcpp-ocl-jit-usm,cpu,conv,512,iso,976,1674500,1563200
P3,sycl,dpcpp-ocl-jit-usm,cpu,conv,512,iso,977,1408500,1556900
P3,sycl,dpcpp-ocl-jit-usm,cpu,conv,512,iso,978,1450800,1553800
P3,sycl,dpcpp-ocl-jit-usm,cpu,conv,512,iso,979,1580100,1671200
P3,sycl,dpcpp-ocl-jit-usm,cpu,conv,512,iso,980,1433300,1548600
P3,sycl,dpcpp-ocl-jit-usm,cpu,conv,512,iso,981,1430000,1547700
P3,sycl,dpcpp-ocl-jit-usm,cpu,conv,512,iso,982,1432500,1697900
P3,sycl,dpcpp-ocl-jit-usm,cpu,conv,512,iso,983,1443900,1658100
P3,sycl,dpcpp-ocl-jit-usm,cpu,conv,512,iso,984,1432300,1547300
P3,sycl,dpcpp-ocl-jit-usm,cpu,conv,512,iso,985,1427800,1701800
P3,sycl,dpcpp-ocl-jit-usm,cpu,conv,512,iso,986,1576100,1562200
P3,sycl,dpcpp-ocl-jit-usm,cpu,conv,512,iso,987,1429000,1544900
P3,sycl,dpcpp-ocl-jit-usm,cpu,conv,512,iso,988,1441000,1551100
P3,sycl,dpcpp-ocl-jit-usm,cpu,conv,512,iso,989,1583100,1666400
P3,sycl,dpcpp-ocl-jit-usm,cpu,conv,512,iso,990,1430200,1547900
P3,sycl,dpcpp-ocl-jit-usm,cpu,conv,512,iso,991,1436400,1550200
P3,sycl,dpcpp-ocl-jit-usm,cpu,conv,512,iso,992,1573900,1680900
P3,sycl,dpcpp-ocl-jit-usm,cpu,conv,512,iso,993,1437100,1547500
P3,sycl,dpcpp-ocl-jit-usm,cpu,conv,512,iso,994,1428100,1544500
P3,sycl,dpcpp-ocl-jit-usm,cpu,conv,512,iso,995,1428600,1705200
P3,sycl,dpcpp-ocl-jit-usm,cpu,conv,512,iso,996,1440600,1662800
P3,sycl,dpcpp-ocl-jit-usm,cpu,conv,512,iso,997,1432800,1545600
P3,sycl,dpcpp-ocl-jit-usm,cpu,conv,512,iso,998,1439200,1700200
P3,sycl,dpcpp-ocl-jit-usm,cpu,conv,512,iso,999,1533600,1560800
P3,sycl,dpcpp-ocl-jitprecise-usm,cpu,conv,512,iso,0,1397900,1546800
P3,sycl,dpcpp-ocl-jitprecise-usm,cpu,conv,512,iso,1,1403800,1518700
P3,sycl,dpcpp-ocl-jitprecise-usm,cpu,conv,512,iso,2,1535600,1519800
P3,sycl,dpcpp-ocl-jitprecise-usm,cpu,conv,512,iso,3,1410000,1527800
P3,sycl,dpcpp-ocl-jitprecise-usm,cpu,conv,512,iso,4,1398000,1516500
P3,sycl,dpcpp-ocl-jitprecise-usm,cpu,conv,512,iso,5,1404000,1665100
P3,sycl,dpcpp-ocl-jitprecise-usm,cpu,conv,512,iso,6,1405700,1511200
P3,sycl,dpcpp-ocl-jitprecise-usm,cpu,conv,512,iso,7,1501000,1524200
P3,sycl,dpcpp-ocl-jitprecise-usm,cpu,conv,512,iso,8,1412200,1524900
P3,sycl,dpcpp-ocl-jitprecise-usm,cpu,conv,512,iso,9,1547100,1519800
P3,sycl,dpcpp-ocl-jitprecise-usm,cpu,conv,512,iso,10,1403300,1514100
P3,sycl,dpcpp-ocl-jitprecise-usm,cpu,conv,512,iso,11,1401100,1512500
P3,sycl,dpcpp-ocl-jitprecise-usm,cpu,conv,512,iso,12,1399700,1666900
P3,sycl,dpcpp-ocl-jitprecise-usm,cpu,conv,512,iso,13,1412300,1517600
P3,sycl,dpcpp-ocl-jitprecise-usm,cpu,conv,512,iso,14,1399300,1521500
P3,sycl,dpcpp-ocl-jitprecise-usm,cpu,conv,512,iso,15,1397300,1655700
P3,sycl,dpcpp-ocl-jitprecise-usm,cpu,conv,512,iso,16,1518000,1526500
P3,sycl,dpcpp-ocl-jitprecise-usm,cpu,conv,512,iso,17,1396800,1508200
P3,sycl,dpcpp-ocl-jitprecise-usm,cpu,conv,512,iso,18,1416100,1518000
P3,sycl,dpcpp-ocl-jitprecise-usm,cpu,conv,512,iso,19,1554200,1520900
P3,sycl,dpcpp-ocl-jitprecise-usm,cpu,conv,512,iso,20,1403100,1510900
P3,sycl,dpcpp-ocl-jitprecise-usm,cpu,conv,512,iso,21,1403700,1514400
P3,sycl,dpcpp-ocl-jitprecise-usm,cpu,conv,512,iso,22,1403300,1660300
P3,sycl,dpcpp-ocl-jitprecise-usm,cpu,conv,512,iso,23,1409900,1509800
P3,sycl,dpcpp-ocl-jitprecise-usm,cpu,conv,512,iso,24,1436800,1592400
P3,sycl,dpcpp-ocl-jitprecise-usm,cpu,conv,512,iso,25,1394500,1652900
P3,sycl,dpcpp-ocl-jitprecise-usm,cpu,conv,512,iso,26,1408200,1510800
P3,sycl,dpcpp-ocl-jitprecise-usm,cpu,conv,512,iso,27,1398900,1508800
P3,sycl,dpcpp-ocl-jitprecise-usm,cpu,conv,512,iso,28,1415600,1519900
P3,sycl,dpcpp-ocl-jitprecise-usm,cpu,conv,512,iso,29,1542100,1644000
P3,sycl,dpcpp-ocl-jitprecise-usm,cpu,conv,512,iso,30,1401800,1511200
P3,sycl,dpcpp-ocl-jitprecise-usm,cpu,conv,512,iso,31,1399300,1516000
P3,sycl,dpcpp-ocl-jitprecise-usm,cpu,conv,512,iso,32,1403900,1669800
P3,sycl,dpcpp-ocl-jitprecise-usm,cpu,conv,512,iso,33,1411600,1515000
P3,sycl,dpcpp-ocl-jitprecise-usm,cpu,conv,512,iso,34,1404200,1518300
P3,sycl,dpcpp-ocl-jitprecise-usm,cpu,conv,512,iso,35,1402700,1517100
P3,sycl,dpcpp-ocl-jitprecise-usm,cpu,conv,512,iso,36,1540600,1517500
P3,sycl,dpcpp-ocl-jitprecise-usm,cpu,conv,512,iso,37,1401300,1509200
P3,sycl,dpcpp-ocl-jitprecise-usm,cpu,conv,512,iso,38,1414700,1518200
P3,sycl,dpcpp-ocl-jitprecise-usm,cpu,conv,512,iso,39,1542400,1520000
P3,sycl,dpcpp-ocl-jitprecise-usm,cpu,conv,512,iso,40,1396900,1633400
P3,sycl,dpcpp-ocl-jitprecise-usm,cpu,conv,512,iso,41,1401400,1519200
P3,sycl,dpcpp-ocl-jitprecise-usm,cpu,conv,512,iso,42,1403500,1666600
P3,sycl,dpcpp-ocl-jitprecise-usm,cpu,conv,512,iso,43,1409200,1515000
P3,sycl,dpcpp-ocl-jitprecise-usm,cpu,conv,512,iso,44,1404200,1517000
P3,sycl,dpcpp-ocl-jitprecise-usm,cpu,conv,512,iso,45,1396700,1515700
P3,sycl,dpcpp-ocl-jitprecise-usm,cpu,conv,512,iso,46,1539700,1517400
P3,sycl,dpcpp-ocl-jitprecise-usm,cpu,conv,512,iso,47,1394500,1516700
P3,sycl,dpcpp-ocl-jitprecise-usm,cpu,conv,512,iso,48,1398900,1604200
P3,sycl,dpcpp-ocl-jitprecise-usm,cpu,conv,512,iso,49,1542000,1646500
P3,sycl,dpcpp-ocl-jitprecise-usm,cpu,conv,512,iso,50,1408200,1517900
P3,sycl,dpcpp-ocl-jitprecise-usm,cpu,conv,512,iso,51,1400300,1514100
P3,sycl,dpcpp-ocl-jitprecise-usm,cpu,conv,512,iso,52,1397200,1674100
P3,sycl,dpcpp-ocl-jitprecise-usm,cpu,conv,512,iso,53,1400100,1529100
P3,sycl,dpcpp-ocl-jitprecise-usm,cpu,conv,512,iso,54,1404300,1516400
P3,sycl,dpcpp-ocl-jitprecise-usm,cpu,conv,512,iso,55,1396900,1515900
P3,sycl,dpcpp-ocl-jitprecise-usm,cpu,conv,512,iso,56,1540300,1522500
P3,sycl,dpcpp-ocl-jitprecise-usm,cpu,conv,512,iso,57,1398800,1514800
P3,sycl,dpcpp-ocl-jitprecise-usm,cpu,conv,512,iso,58,1401100,1527000
P3,sycl,dpcpp-ocl-jitprecise-usm,cpu,conv,512,iso,59,1401300,1664900
P3,sycl,dpcpp-ocl-jitprecise-usm,cpu,conv,512,iso,60,1403300,1515000
P3,sycl,dpcpp-ocl-jitprecise-usm,cpu,conv,512,iso,61,1403600,1520400
P3,sycl,dpcpp-ocl-jitprecise-usm,cpu,conv,512,iso,62,1404200,1660600
P3,sycl,dpcpp-ocl-jitprecise-usm,cpu,conv,512,iso,63,1555200,1526200
P3,sycl,dpcpp-ocl-jitprecise-usm,cpu,conv,512,iso,64,1401000,1514800
P3,sycl,dpcpp-ocl-jitprecise-usm,cpu,conv,512,iso,65,1400500,1519200
P3,sycl,dpcpp-ocl-jitprecise-usm,cpu,conv,512,iso,66,1559000,1518300
P3,sycl,dpcpp-ocl-jitprecise-usm,cpu,conv,512,iso,67,1397200,1514100
P3,sycl,dpcpp-ocl-jitprecise-usm,cpu,conv,512,iso,68,1400000,1529800
P3,sycl,dpcpp-ocl-jitprecise-usm,cpu,conv,512,iso,69,1404500,1660700
P3,sycl,dpcpp-ocl-jitprecise-usm,cpu,conv,512,iso,70,1405900,1510000
P3,sycl,dpcpp-ocl-jitprecise-usm,cpu,conv,512,iso,71,1406900,1520100
P3,sycl,dpcpp-ocl-jitprecise-usm,cpu,conv,512,iso,72,1396600,1655400
P3,sycl,dpcpp-ocl-jitprecise-usm,cpu,conv,512,iso,73,1415900,1531000
P3,sycl,dpcpp-ocl-jitprecise-usm,cpu,conv,512,iso,74,1513800,1530600
P3,sycl,dpcpp-ocl-jitprecise-usm,cpu,conv,512,iso,75,1404200,1517200
P3,sycl,dpcpp-ocl-jitprecise-usm,cpu,conv,512,iso,76,1558400,1539700
P3,sycl,dpcpp-ocl-jitprecise-usm,cpu,conv,512,iso,77,1881900,1553700
P3,sycl,dpcpp-ocl-jitprecise-usm,cpu,conv,512,iso,78,1398400,1544100
P3,sycl,dpcpp-ocl-jitprecise-usm,cpu,conv,512,iso,79,1415800,1528500
P3,sycl,dpcpp-ocl-jitprecise-usm,cpu,conv,512,iso,80,1401000,1510000
P3,sycl,dpcpp-ocl-jitprecise-usm,cpu,conv,512,iso,81,1399700,1532800
P3,sycl,dpcpp-ocl-jitprecise-usm,cpu,conv,512,iso,82,1414800,1535800
P3,sycl,dpcpp-ocl-jitprecise-usm,cpu,conv,512,iso,83,1502800,1532300
P3,sycl,dpcpp-ocl-jitprecise-usm,cpu,conv,512,iso,84,1397300,1519400
P3,sycl,dpcpp-ocl-jitprecise-usm,cpu,conv,512,iso,85,1401600,1514700
P3,sycl,dpcpp-ocl-jitprecise-usm,cpu,conv,512,iso,86,1498800,1737100
P3,sycl,dpcpp-ocl-jitprecise-usm,cpu,conv,512,iso,87,1396700,1509200
P3,sycl,dpcpp-ocl-jitprecise-usm,cpu,conv,512,iso,88,1399100,1523700
P3,sycl,dpcpp-ocl-jitprecise-usm,cpu,conv,512,iso,89,1398800,1660100
P3,sycl,dpcpp-ocl-jitprecise-usm,cpu,conv,512,iso,90,1399500,1513100
P3,sycl,dpcpp-ocl-jitprecise-usm,cpu,conv,512,iso,91,1403100,1520900
P3,sycl,dpcpp-ocl-jitprecise-usm,cpu,conv,512,iso,92,1394800,1657300
P3,sycl,dpcpp-ocl-jitprecise-usm,cpu,conv,512,iso,93,1409200,1529100
P3,sycl,dpcpp-ocl-jitprecise-usm,cpu,conv,512,iso,94,1474500,1527900
P3,sycl,dpcpp-ocl-jitprecise-usm,cpu,conv,512,iso,95,1404000,1518100
P3,sycl,dpcpp-ocl-jitprecise-usm,cpu,conv,512,iso,96,1541600,1639400
P3,sycl,dpcpp-ocl-jitprecise-usm,cpu,conv,512,iso,97,1399500,1518300
P3,sycl,dpcpp-ocl-jitprecise-usm,cpu,conv,512,iso,98,1396700,1520000
P3,sycl,dpcpp-ocl-jitprecise-usm,cpu,conv,512,iso,99,1405200,1676300
P3,sycl,dpcpp-ocl-jitprecise-usm,cpu,conv,512,iso,100,1405600,1512300
P3,sycl,dpcpp-ocl-jitprecise-usm,cpu,conv,512,iso,101,1398500,1518000
P3,sycl,dpcpp-ocl-jitprecise-usm,cpu,conv,512,iso,102,1404900,1511600
P3,sycl,dpcpp-ocl-jitprecise-usm,cpu,conv,512,iso,103,1647200,1560400
P3,sycl,dpcpp-ocl-jitprecise-usm,cpu,conv,512,iso,104,1404600,1514500
P3,sycl,dpcpp-ocl-jitprecise-usm,cpu,conv,512,iso,105,1404300,1518500
P3,sycl,dpcpp-ocl-jitprecise-usm,cpu,conv,512,iso,106,1557400,1527700
P3,sycl,dpcpp-ocl-jitprecise-usm,cpu,conv,512,iso,107,1397700,1638800
P3,sycl,dpcpp-ocl-jitprecise-usm,cpu,conv,512,iso,108,1409000,1525100
P3,sycl,dpcpp-ocl-jitprecise-usm,cpu,conv,512,iso,109,1404300,1673800
P3,sycl,dpcpp-ocl-jitprecise-usm,cpu,conv,512,iso,110,1400700,1512500
P3,sycl,dpcpp-ocl-jitprecise-usm,cpu,conv,512,iso,111,1402900,1513200
P3,sycl,dpcpp-ocl-jitprecise-usm,cpu,conv,512,iso,112,1404000,1520100
P3,sycl,dpcpp-ocl-jitprecise-usm,cpu,conv,512,iso,113,1544100,1531200
P3,sycl,dpcpp-ocl-jitprecise-usm,cpu,conv,512,iso,114,1398000,1511600
P3,sycl,dpcpp-ocl-jitprecise-usm,cpu,conv,512,iso,115,1404100,1521200
P3,sycl,dpcpp-ocl-jitprecise-usm,cpu,conv,512,iso,116,1541500,1644300
P3,sycl,dpcpp-ocl-jitprecise-usm,cpu,conv,512,iso,117,1400100,1514500
P3,sycl,dpcpp-ocl-jitprecise-usm,cpu,conv,512,iso,118,1404800,1529200
P3,sycl,dpcpp-ocl-jitprecise-usm,cpu,conv,512,iso,119,1404300,1667700
P3,sycl,dpcpp-ocl-jitprecise-usm,cpu,conv,512,iso,120,1408300,1513000
P3,sycl,dpcpp-ocl-jitprecise-usm,cpu,conv,512,iso,121,1402500,1517300
P3,sycl,dpcpp-ocl-jitprecise-usm,cpu,conv,512,iso,122,1403900,1512200
P3,sycl,dpcpp-ocl-jitprecise-usm,cpu,conv,512,iso,123,1538700,1530700
P3,sycl,dpcpp-ocl-jitprecise-usm,cpu,conv,512,iso,124,1397200,1517300
P3,sycl,dpcpp-ocl-jitprecise-usm,cpu,conv,512,iso,125,1402800,1514400
P3,sycl,dpcpp-ocl-jitprecise-usm,cpu,conv,512,iso,126,1400600,1682500
P3,sycl,dpcpp-ocl-jitprecise-usm,cpu,conv,512,iso,127,1403300,1515200
P3,sycl,dpcpp-ocl-jitprecise-usm,cpu,conv,512,iso,128,1401000,1538100
P3,sycl,dpcpp-ocl-jitprecise-usm,cpu,conv,512,iso,129,1403500,1663700
P3,sycl,dpcpp-ocl-jitprecise-usm,cpu,conv,512,iso,130,1505100,1525800
P3,sycl,dpcpp-ocl-jitprecise-usm,cpu,conv,512,iso,131,1402200,1514900
P3,sycl,dpcpp-ocl-jitprecise-usm,cpu,conv,512,iso,132,1400500,1514200
P3,sycl,dpcpp-ocl-jitprecise-usm,cpu,conv,512,iso,133,1558400,1533600
P3,sycl,dpcpp-ocl-jitprecise-usm,cpu,conv,512,iso,134,1401200,1514700
P3,sycl,dpcpp-ocl-jitprecise-usm,cpu,conv,512,iso,135,1400500,1515500
P3,sycl,dpcpp-ocl-jitprecise-usm,cpu,conv,512,iso,136,1403100,1662200
P3,sycl,dpcpp-ocl-jitprecise-usm,cpu,conv,512,iso,137,1403700,1518900
P3,sycl,dpcpp-ocl-jitprecise-usm,cpu,conv,512,iso,138,1401900,1520900
P3,sycl,dpcpp-ocl-jitprecise-usm,cpu,conv,512,iso,139,1416000,1664600
P3,sycl,dpcpp-ocl-jitprecise-usm,cpu,conv,512,iso,140,1454500,1515600
P3,sycl,dpcpp-ocl-jitprecise-usm,cpu,conv,512,iso,141,1503400,1528500
P3,sycl,dpcpp-ocl-jitprecise-usm,cpu,conv,512,iso,142,1405200,1517000
P3,sycl,dpcpp-ocl-jitprecise-usm,cpu,conv,512,iso,143,1554100,1530900
P3,sycl,dpcpp-ocl-jitprecise-usm,cpu,conv,512,iso,144,1407500,1515300
P3,sycl,dpcpp-ocl-jitprecise-usm,cpu,conv,512,iso,145,1404100,1518200
P3,sycl,dpcpp-ocl-jitprecise-usm,cpu,conv,512,iso,146,1399000,1659600
P3,sycl,dpcpp-ocl-jitprecise-usm,cpu,conv,512,iso,147,1407400,1512300
P3,sycl,dpcpp-ocl-jitprecise-usm,cpu,conv,512,iso,148,1399300,1514700
P3,sycl,dpcpp-ocl-jitprecise-usm,cpu,conv,512,iso,149,1412200,1655800
P3,sycl,dpcpp-ocl-jitprecise-usm,cpu,conv,512,iso,150,1513900,1520900
P3,sycl,dpcpp-ocl-jitprecise-usm,cpu,conv,512,iso,151,1398800,1517100
P3,sycl,dpcpp-ocl-jitprecise-usm,cpu,conv,512,iso,152,1397200,1516900
P3,sycl,dpcpp-ocl-jitprecise-usm,cpu,conv,512,iso,153,1551300,1541600
P3,sycl,dpcpp-ocl-jitprecise-usm,cpu,conv,512,iso,154,1397700,1515800
P3,sycl,dpcpp-ocl-jitprecise-usm,cpu,conv,512,iso,155,1403700,1513200
P3,sycl,dpcpp-ocl-jitprecise-usm,cpu,conv,512,iso,156,1402200,1663100
P3,sycl,dpcpp-ocl-jitprecise-usm,cpu,conv,512,iso,157,1406200,1509500
P3,sycl,dpcpp-ocl-jitprecise-usm,cpu,conv,512,iso,158,1400900,1516000
P3,sycl,dpcpp-ocl-jitprecise-usm,cpu,conv,512,iso,159,1422900,1524300
P3,sycl,dpcpp-ocl-jitprecise-usm,cpu,conv,512,iso,160,1422800,1585800
P3,sycl,dpcpp-ocl-jitprecise-usm,cpu,conv,512,iso,161,1405200,1513700
P3,sycl,dpcpp-ocl-jitprecise-usm,cpu,conv,512,iso,162,1397600,1516600
P3,sycl,dpcpp-ocl-jitprecise-usm,cpu,conv,512,iso,163,1541800,1649300
P3,sycl,dpcpp-ocl-jitprecise-usm,cpu,conv,512,iso,164,1419400,1512300
P3,sycl,dpcpp-ocl-jitprecise-usm,cpu,conv,512,iso,165,1401700,1517900
P3,sycl,dpcpp-ocl-jitprecise-usm,cpu,conv,512,iso,166,1397600,1672300
P3,sycl,dpcpp-ocl-jitprecise-usm,cpu,conv,512,iso,167,1407100,1518100
P3,sycl,dpcpp-ocl-jitprecise-usm,cpu,conv,512,iso,168,1398000,1517800
P3,sycl,dpcpp-ocl-jitprecise-usm,cpu,conv,512,iso,169,1416000,1519500
P3,sycl,dpcpp-ocl-jitprecise-usm,cpu,conv,512,iso,170,1533300,1520800
P3,sycl,dpcpp-ocl-jitprecise-usm,cpu,conv,512,iso,171,1403600,1526500
P3,sycl,dpcpp-ocl-jitprecise-usm,cpu,conv,512,iso,172,1402900,1516400
P3,sycl,dpcpp-ocl-jitprecise-usm,cpu,conv,512,iso,173,1404100,1770600
P3,sycl,dpcpp-ocl-jitprecise-usm,cpu,conv,512,iso,174,1415300,1514200
P3,sycl,dpcpp-ocl-jitprecise-usm,cpu,conv,512,iso,175,1404500,1515200
P3,sycl,dpcpp-ocl-jitprecise-usm,cpu,conv,512,iso,176,1398000,1673000
P3,sycl,dpcpp-ocl-jitprecise-usm,cpu,conv,512,iso,177,1404400,1516300
P3,sycl,dpcpp-ocl-jitprecise-usm,cpu,conv,512,iso,178,1402400,1517400
P3,sycl,dpcpp-ocl-jitprecise-usm,cpu,conv,512,iso,179,1415600,1514600
P3,sycl,dpcpp-ocl-jitprecise-usm,cpu,conv,512,iso,180,1539000,1527100
P3,sycl,dpcpp-ocl-jitprecise-usm,cpu,conv,512,iso,181,1398900,1534500
P3,sycl,dpcpp-ocl-jitprecise-usm,cpu,conv,512,iso,182,1402600,1516600
P3,sycl,dpcpp-ocl-jitprecise-usm,cpu,conv,512,iso,183,1404000,1777600
P3,sycl,dpcpp-ocl-jitprecise-usm,cpu,conv,512,iso,184,1407300,1511700
P3,sycl,dpcpp-ocl-jitprecise-usm,cpu,conv,512,iso,185,1396300,1514800
P3,sycl,dpcpp-ocl-jitprecise-usm,cpu,conv,512,iso,186,1402100,1680400
P3,sycl,dpcpp-ocl-jitprecise-usm,cpu,conv,512,iso,187,1408400,1512800
P3,sycl,dpcpp-ocl-jitprecise-usm,cpu,conv,512,iso,188,1402100,1515100
P3,sycl,dpcpp-ocl-jitprecise-usm,cpu,conv,512,iso,189,1415000,1518200
P3,sycl,dpcpp-ocl-jitprecise-usm,cpu,conv,512,iso,190,1539900,1521300
P3,sycl,dpcpp-ocl-jitprecise-usm,cpu,conv,512,iso,191,1400500,1524800
P3,sycl,dpcpp-ocl-jitprecise-usm,cpu,conv,512,iso,192,1400600,1512300
P3,sycl,dpcpp-ocl-jitprecise-usm,cpu,conv,512,iso,193,1404900,1661500
P3,sycl,dpcpp-ocl-jitprecise-usm,cpu,conv,512,iso,194,1405600,1512300
P3,sycl,dpcpp-ocl-jitprecise-usm,cpu,conv,512,iso,195,1404700,1517600
P3,sycl,dpcpp-ocl-jitprecise-usm,cpu,conv,512,iso,196,1432200,1579900
P3,sycl,dpcpp-ocl-jitprecise-usm,cpu,conv,512,iso,197,1634700,1525000
P3,sycl,dpcpp-ocl-jitprecise-usm,cpu,conv,512,iso,198,1396500,1513200
P3,sycl,dpcpp-ocl-jitprecise-usm,cpu,conv,512,iso,199,1413600,1511700
P3,sycl,dpcpp-ocl-jitprecise-usm,cpu,conv,512,iso,200,1553800,1516200
P3,sycl,dpcpp-ocl-jitprecise-usm,cpu,conv,512,iso,201,1401900,1512800
P3,sycl,dpcpp-ocl-jitprecise-usm,cpu,conv,512,iso,202,1403400,1509400
P3,sycl,dpcpp-ocl-jitprecise-usm,cpu,conv,512,iso,203,1403800,1660800
P3,sycl,dpcpp-ocl-jitprecise-usm,cpu,conv,512,iso,204,1401500,1527100
P3,sycl,dpcpp-ocl-jitprecise-usm,cpu,conv,512,iso,205,1404600,1523300
P3,sycl,dpcpp-ocl-jitprecise-usm,cpu,conv,512,iso,206,1402500,1514600
P3,sycl,dpcpp-ocl-jitprecise-usm,cpu,conv,512,iso,207,1542700,1522400
P3,sycl,dpcpp-ocl-jitprecise-usm,cpu,conv,512,iso,208,1502000,1523700
P3,sycl,dpcpp-ocl-jitprecise-usm,cpu,conv,512,iso,209,1404200,1532700
P3,sycl,dpcpp-ocl-jitprecise-usm,cpu,conv,512,iso,210,1547700,1524600
P3,sycl,dpcpp-ocl-jitprecise-usm,cpu,conv,512,iso,211,1397600,1518500
P3,sycl,dpcpp-ocl-jitprecise-usm,cpu,conv,512,iso,212,1402800,1512600
P3,sycl,dpcpp-ocl-jitprecise-usm,cpu,conv,512,iso,213,1404400,1661600
P3,sycl,dpcpp-ocl-jitprecise-usm,cpu,conv,512,iso,214,1401200,1521400
P3,sycl,dpcpp-ocl-jitprecise-usm,cpu,conv,512,iso,215,1401700,1517300
P3,sycl,dpcpp-ocl-jitprecise-usm,cpu,conv,512,iso,216,1402000,1603300
P3,sycl,dpcpp-ocl-jitprecise-usm,cpu,conv,512,iso,217,1549600,1637100
P3,sycl,dpcpp-ocl-jitprecise-usm,cpu,conv,512,iso,218,1398700,1517200
P3,sycl,dpcpp-ocl-jitprecise-usm,cpu,conv,512,iso,219,1416200,1519400
P3,sycl,dpcpp-ocl-jitprecise-usm,cpu,conv,512,iso,220,1402000,1675200
P3,sycl,dpcpp-ocl-jitprecise-usm,cpu,conv,512,iso,221,1401100,1515600
P3,sycl,dpcpp-ocl-jitprecise-usm,cpu,conv,512,iso,222,1398600,1519200
P3,sycl,dpcpp-ocl-jitprecise-usm,cpu,conv,512,iso,223,1403400,1659500
P3,sycl,dpcpp-ocl-jitprecise-usm,cpu,conv,512,iso,224,1549700,1522000
P3,sycl,dpcpp-ocl-jitprecise-usm,cpu,conv,512,iso,225,1401700,1510400
P3,sycl,dpcpp-ocl-jitprecise-usm,cpu,conv,512,iso,226,1398300,1517100
P3,sycl,dpcpp-ocl-jitprecise-usm,cpu,conv,512,iso,227,1554800,1528400
P3,sycl,dpcpp-ocl-jitprecise-usm,cpu,conv,512,iso,228,1509700,1523200
P3,sycl,dpcpp-ocl-jitprecise-usm,cpu,conv,512,iso,229,1397300,1530400
P3,sycl,dpcpp-ocl-jitprecise-usm,cpu,conv,512,iso,230,1403700,1775500
P3,sycl,dpcpp-ocl-jitprecise-usm,cpu,conv,512,iso,231,1402300,1510200
P3,sycl,dpcpp-ocl-jitprecise-usm,cpu,conv,512,iso,232,1400100,1515600
P3,sycl,dpcpp-ocl-jitprecise-usm,cpu,conv,512,iso,233,1399900,1667200
P3,sycl,dpcpp-ocl-jitprecise-usm,cpu,conv,512,iso,234,1404600,1632600
P3,sycl,dpcpp-ocl-jitprecise-usm,cpu,conv,512,iso,235,1406400,1516900
P3,sycl,dpcpp-ocl-jitprecise-usm,cpu,conv,512,iso,236,1399700,1514200
P3,sycl,dpcpp-ocl-jitprecise-usm,cpu,conv,512,iso,237,1543300,1628900
P3,sycl,dpcpp-ocl-jitprecise-usm,cpu,conv,512,iso,238,1401400,1514500
P3,sycl,dpcpp-ocl-jitprecise-usm,cpu,conv,512,iso,239,1416400,1519700
P3,sycl,dpcpp-ocl-jitprecise-usm,cpu,conv,512,iso,240,1404200,1667600
P3,sycl,dpcpp-ocl-jitprecise-usm,cpu,conv,512,iso,241,1403700,1622700
P3,sycl,dpcpp-ocl-jitprecise-usm,cpu,conv,512,iso,242,1401000,1517400
P3,sycl,dpcpp-ocl-jitprecise-usm,cpu,conv,512,iso,243,1403600,1670600
P3,sycl,dpcpp-ocl-jitprecise-usm,cpu,conv,512,iso,244,1524100,1524000
P3,sycl,dpcpp-ocl-jitprecise-usm,cpu,conv,512,iso,245,1396500,1516100
P3,sycl,dpcpp-ocl-jitprecise-usm,cpu,conv,512,iso,246,1404100,1513700
P3,sycl,dpcpp-ocl-jitprecise-usm,cpu,conv,512,iso,247,1551600,1530900
P3,sycl,dpcpp-ocl-jitprecise-usm,cpu,conv,512,iso,248,1500400,1528600
P3,sycl,dpcpp-ocl-jitprecise-usm,cpu,conv,512,iso,249,1404500,1530300
P3,sycl,dpcpp-ocl-jitprecise-usm,cpu,conv,512,iso,250,1401100,1795500
P3,sycl,dpcpp-ocl-jitprecise-usm,cpu,conv,512,iso,251,1400900,1511200
P3,sycl,dpcpp-ocl-jitprecise-usm,cpu,conv,512,iso,252,1400900,1514300
P3,sycl,dpcpp-ocl-jitprecise-usm,cpu,conv,512,iso,253,1403900,1665000
P3,sycl,dpcpp-ocl-jitprecise-usm,cpu,conv,512,iso,254,1401100,1634600
P3,sycl,dpcpp-ocl-jitprecise-usm,cpu,conv,512,iso,255,1409000,1510700
P3,sycl,dpcpp-ocl-jitprecise-usm,cpu,conv,512,iso,256,1401400,1515300
P3,sycl,dpcpp-ocl-jitprecise-usm,cpu,conv,512,iso,257,1551200,1632000
P3,sycl,dpcpp-ocl-jitprecise-usm,cpu,conv,512,iso,258,1403300,1513100
P3,sycl,dpcpp-ocl-jitprecise-usm,cpu,conv,512,iso,259,1412600,1520300
P3,sycl,dpcpp-ocl-jitprecise-usm,cpu,conv,512,iso,260,1404300,1671900
P3,sycl,dpcpp-ocl-jitprecise-usm,cpu,conv,512,iso,261,1401300,1654300
P3,sycl,dpcpp-ocl-jitprecise-usm,cpu,conv,512,iso,262,1412100,1509900
P3,sycl,dpcpp-ocl-jitprecise-usm,cpu,conv,512,iso,263,1400700,1669200
P3,sycl,dpcpp-ocl-jitprecise-usm,cpu,conv,512,iso,264,1526800,1523100
P3,sycl,dpcpp-ocl-jitprecise-usm,cpu,conv,512,iso,265,1396000,1513800
P3,sycl,dpcpp-ocl-jitprecise-usm,cpu,conv,512,iso,266,1399900,1517600
P3,sycl,dpcpp-ocl-jitprecise-usm,cpu,conv,512,iso,267,1551000,1630100
P3,sycl,dpcpp-ocl-jitprecise-usm,cpu,conv,512,iso,268,1405000,1510900
P3,sycl,dpcpp-ocl-jitprecise-usm,cpu,conv,512,iso,269,1399000,1530800
P3,sycl,dpcpp-ocl-jitprecise-usm,cpu,conv,512,iso,270,1402300,1772300
P3,sycl,dpcpp-ocl-jitprecise-usm,cpu,conv,512,iso,271,1406700,1510500
P3,sycl,dpcpp-ocl-jitprecise-usm,cpu,conv,512,iso,272,1396100,1515700
P3,sycl,dpcpp-ocl-jitprecise-usm,cpu,conv,512,iso,273,1407600,1673400
P3,sycl,dpcpp-ocl-jitprecise-usm,cpu,conv,512,iso,274,1506600,1537000
P3,sycl,dpcpp-ocl-jitprecise-usm,cpu,conv,512,iso,275,1396100,1516200
P3,sycl,dpcpp-ocl-jitprecise-usm,cpu,conv,512,iso,276,1401000,1515800
P3,sycl,dpcpp-ocl-jitprecise-usm,cpu,conv,512,iso,277,1586700,1633200
P3,sycl,dpcpp-ocl-jitprecise-usm,cpu,conv,512,iso,278,1401300,1509300
P3,sycl,dpcpp-ocl-jitprecise-usm,cpu,conv,512,iso,279,1410400,1517900
P3,sycl,dpcpp-ocl-jitprecise-usm,cpu,conv,512,iso,280,1403600,1680500
P3,sycl,dpcpp-ocl-jitprecise-usm,cpu,conv,512,iso,281,1401700,1620100
P3,sycl,dpcpp-ocl-jitprecise-usm,cpu,conv,512,iso,282,1401400,1511300
P3,sycl,dpcpp-ocl-jitprecise-usm,cpu,conv,512,iso,283,1401500,1668100
P3,sycl,dpcpp-ocl-jitprecise-usm,cpu,conv,512,iso,284,1521800,1533300
P3,sycl,dpcpp-ocl-jitprecise-usm,cpu,conv,512,iso,285,1396100,1515300
P3,sycl,dpcpp-ocl-jitprecise-usm,cpu,conv,512,iso,286,1401300,1514600
P3,sycl,dpcpp-ocl-jitprecise-usm,cpu,conv,512,iso,287,1541600,1519700
P3,sycl,dpcpp-ocl-jitprecise-usm,cpu,conv,512,iso,288,1504600,1526200
P3,sycl,dpcpp-ocl-jitprecise-usm,cpu,conv,512,iso,289,1400700,1525100
P3,sycl,dpcpp-ocl-jitprecise-usm,cpu,conv,512,iso,290,1400200,1769300
P3,sycl,dpcpp-ocl-jitprecise-usm,cpu,conv,512,iso,291,1401500,1514200
P3,sycl,dpcpp-ocl-jitprecise-usm,cpu,conv,512,iso,292,1399500,1516500
P3,sycl,dpcpp-ocl-jitprecise-usm,cpu,conv,512,iso,293,1401800,1668300
P3,sycl,dpcpp-ocl-jitprecise-usm,cpu,conv,512,iso,294,1401100,1524700
P3,sycl,dpcpp-ocl-jitprecise-usm,cpu,conv,512,iso,295,1506400,1521700
P3,sycl,dpcpp-ocl-jitprecise-usm,cpu,conv,512,iso,296,1404000,1519600
P3,sycl,dpcpp-ocl-jitprecise-usm,cpu,conv,512,iso,297,1553100,1632700
P3,sycl,dpcpp-ocl-jitprecise-usm,cpu,conv,512,iso,298,1405200,1519700
P3,sycl,dpcpp-ocl-jitprecise-usm,cpu,conv,512,iso,299,1411800,1509300
P3,sycl,dpcpp-ocl-jitprecise-usm,cpu,conv,512,iso,300,1396100,1667600
P3,sycl,dpcpp-ocl-jitprecise-usm,cpu,conv,512,iso,301,1399900,1626900
P3,sycl,dpcpp-ocl-jitprecise-usm,cpu,conv,512,iso,302,1405600,1517100
P3,sycl,dpcpp-ocl-jitprecise-usm,cpu,conv,512,iso,303,1399700,1670000
P3,sycl,dpcpp-ocl-jitprecise-usm,cpu,conv,512,iso,304,1554300,1531100
P3,sycl,dpcpp-ocl-jitprecise-usm,cpu,conv,512,iso,305,1397500,1510000
P3,sycl,dpcpp-ocl-jitprecise-usm,cpu,conv,512,iso,306,1399700,1515300
P3,sycl,dpcpp-ocl-jitprecise-usm,cpu,conv,512,iso,307,1553500,1522300
P3,sycl,dpcpp-ocl-jitprecise-usm,cpu,conv,512,iso,308,1499900,1535400
P3,sycl,dpcpp-ocl-jitprecise-usm,cpu,conv,512,iso,309,1405400,1514600
P3,sycl,dpcpp-ocl-jitprecise-usm,cpu,conv,512,iso,310,1403600,1669300
P3,sycl,dpcpp-ocl-jitprecise-usm,cpu,conv,512,iso,311,1506900,1521500
P3,sycl,dpcpp-ocl-jitprecise-usm,cpu,conv,512,iso,312,1400400,1516900
P3,sycl,dpcpp-ocl-jitprecise-usm,cpu,conv,512,iso,313,1401000,1668000
P3,sycl,dpcpp-ocl-jitprecise-usm,cpu,conv,512,iso,314,1510800,1549000
P3,sycl,dpcpp-ocl-jitprecise-usm,cpu,conv,512,iso,315,1397200,1514900
P3,sycl,dpcpp-ocl-jitprecise-usm,cpu,conv,512,iso,316,1400300,1516900
P3,sycl,dpcpp-ocl-jitprecise-usm,cpu,conv,512,iso,317,1551600,1636000
P3,sycl,dpcpp-ocl-jitprecise-usm,cpu,conv,512,iso,318,1401700,1522000
P3,sycl,dpcpp-ocl-jitprecise-usm,cpu,conv,512,iso,319,1412900,1515500
P3,sycl,dpcpp-ocl-jitprecise-usm,cpu,conv,512,iso,320,1403700,1663800
P3,sycl,dpcpp-ocl-jitprecise-usm,cpu,conv,512,iso,321,1400200,1626100
P3,sycl,dpcpp-ocl-jitprecise-usm,cpu,conv,512,iso,322,1405400,1516700
P3,sycl,dpcpp-ocl-jitprecise-usm,cpu,conv,512,iso,323,1404000,1668300
P3,sycl,dpcpp-ocl-jitprecise-usm,cpu,conv,512,iso,324,1514800,1524700
P3,sycl,dpcpp-ocl-jitprecise-usm,cpu,conv,512,iso,325,1400900,1509300
P3,sycl,dpcpp-ocl-jitprecise-usm,cpu,conv,512,iso,326,1403300,1516900
P3,sycl,dpcpp-ocl-jitprecise-usm,cpu,conv,512,iso,327,1547300,1519100
P3,sycl,dpcpp-ocl-jitprecise-usm,cpu,conv,512,iso,328,1508100,1525900
P3,sycl,dpcpp-ocl-jitprecise-usm,cpu,conv,512,iso,329,1401200,1527000
P3,sycl,dpcpp-ocl-jitprecise-usm,cpu,conv,512,iso,330,1399300,1810300
P3,sycl,dpcpp-ocl-jitprecise-usm,cpu,conv,512,iso,331,1414400,1516300
P3,sycl,dpcpp-ocl-jitprecise-usm,cpu,conv,512,iso,332,1400800,1516200
P3,sycl,dpcpp-ocl-jitprecise-usm,cpu,conv,512,iso,333,1396600,1662000
P3,sycl,dpcpp-ocl-jitprecise-usm,cpu,conv,512,iso,334,1403700,1640600
P3,sycl,dpcpp-ocl-jitprecise-usm,cpu,conv,512,iso,335,1404900,1513000
P3,sycl,dpcpp-ocl-jitprecise-usm,cpu,conv,512,iso,336,1399600,1516200
P3,sycl,dpcpp-ocl-jitprecise-usm,cpu,conv,512,iso,337,1552200,1627800
P3,sycl,dpcpp-ocl-jitprecise-usm,cpu,conv,512,iso,338,1402500,1517600
P3,sycl,dpcpp-ocl-jitprecise-usm,cpu,conv,512,iso,339,1407600,1515300
P3,sycl,dpcpp-ocl-jitprecise-usm,cpu,conv,512,iso,340,1403900,1661900
P3,sycl,dpcpp-ocl-jitprecise-usm,cpu,conv,512,iso,341,1515100,1530700
P3,sycl,dpcpp-ocl-jitprecise-usm,cpu,conv,512,iso,342,1399600,1510700
P3,sycl,dpcpp-ocl-jitprecise-usm,cpu,conv,512,iso,343,1402800,1667400
P3,sycl,dpcpp-ocl-jitprecise-usm,cpu,conv,512,iso,344,1509400,1526700
P3,sycl,dpcpp-ocl-jitprecise-usm,cpu,conv,512,iso,345,1397500,1512800
P3,sycl,dpcpp-ocl-jitprecise-usm,cpu,conv,512,iso,346,1404900,1527500
P3,sycl,dpcpp-ocl-jitprecise-usm,cpu,conv,512,iso,347,1549200,1520100
P3,sycl,dpcpp-ocl-jitprecise-usm,cpu,conv,512,iso,348,1515200,1531500
P3,sycl,dpcpp-ocl-jitprecise-usm,cpu,conv,512,iso,349,1397600,1516900
P3,sycl,dpcpp-ocl-jitprecise-usm,cpu,conv,512,iso,350,1398600,1782700
P3,sycl,dpcpp-ocl-jitprecise-usm,cpu,conv,512,iso,351,1402700,1510200
P3,sycl,dpcpp-ocl-jitprecise-usm,cpu,conv,512,iso,352,1404400,1526000
P3,sycl,dpcpp-ocl-jitprecise-usm,cpu,conv,512,iso,353,1400600,1670200
P3,sycl,dpcpp-ocl-jitprecise-usm,cpu,conv,512,iso,354,1402300,1625200
P3,sycl,dpcpp-ocl-jitprecise-usm,cpu,conv,512,iso,355,1405800,1515400
P3,sycl,dpcpp-ocl-jitprecise-usm,cpu,conv,512,iso,356,1396400,1530000
P3,sycl,dpcpp-ocl-jitprecise-usm,cpu,conv,512,iso,357,1584100,1632100
P3,sycl,dpcpp-ocl-jitprecise-usm,cpu,conv,512,iso,358,1399400,1535200
P3,sycl,dpcpp-ocl-jitprecise-usm,cpu,conv,512,iso,359,1414100,1597800
P3,sycl,dpcpp-ocl-jitprecise-usm,cpu,conv,512,iso,360,1541900,1642200
P3,sycl,dpcpp-ocl-jitprecise-usm,cpu,conv,512,iso,361,1403300,1515900
P3,sycl,dpcpp-ocl-jitprecise-usm,cpu,conv,512,iso,362,1399600,1517200
P3,sycl,dpcpp-ocl-jitprecise-usm,cpu,conv,512,iso,363,1398900,1681500
P3,sycl,dpcpp-ocl-jitprecise-usm,cpu,conv,512,iso,364,1516400,1524200
P3,sycl,dpcpp-ocl-jitprecise-usm,cpu,conv,512,iso,365,1401400,1517300
P3,sycl,dpcpp-ocl-jitprecise-usm,cpu,conv,512,iso,366,1401600,1510500
P3,sycl,dpcpp-ocl-jitprecise-usm,cpu,conv,512,iso,367,1550400,1517700
P3,sycl,dpcpp-ocl-jitprecise-usm,cpu,conv,512,iso,368,1502600,1528700
P3,sycl,dpcpp-ocl-jitprecise-usm,cpu,conv,512,iso,369,1401000,1543000
P3,sycl,dpcpp-ocl-jitprecise-usm,cpu,conv,512,iso,370,1551300,1636800
P3,sycl,dpcpp-ocl-jitprecise-usm,cpu,conv,512,iso,371,1402200,1514000
P3,sycl,dpcpp-ocl-jitprecise-usm,cpu,conv,512,iso,372,1402900,1514500
P3,sycl,dpcpp-ocl-jitprecise-usm,cpu,conv,512,iso,373,1401400,1666300
P3,sycl,dpcpp-ocl-jitprecise-usm,cpu,conv,512,iso,374,1400000,1633100
P3,sycl,dpcpp-ocl-jitprecise-usm,cpu,conv,512,iso,375,1402300,1517500
P3,sycl,dpcpp-ocl-jitprecise-usm,cpu,conv,512,iso,376,1394100,1516700
P3,sycl,dpcpp-ocl-jitprecise-usm,cpu,conv,512,iso,377,1554600,1633300
P3,sycl,dpcpp-ocl-jitprecise-usm,cpu,conv,512,iso,378,1397800,1510800
P3,sycl,dpcpp-ocl-jitprecise-usm,cpu,conv,512,iso,379,1416400,1535200
P3,sycl,dpcpp-ocl-jitprecise-usm,cpu,conv,512,iso,380,1548900,1520000
P3,sycl,dpcpp-ocl-jitprecise-usm,cpu,conv,512,iso,381,1401500,1624400
P3,sycl,dpcpp-ocl-jitprecise-usm,cpu,conv,512,iso,382,1401200,1510200
P3,sycl,dpcpp-ocl-jitprecise-usm,cpu,conv,512,iso,383,1473100,1704900
P3,sycl,dpcpp-ocl-jitprecise-usm,cpu,conv,512,iso,384,1520700,1523200
P3,sycl,dpcpp-ocl-jitprecise-usm,cpu,conv,512,iso,385,1397400,1514500
P3,sycl,dpcpp-ocl-jitprecise-usm,cpu,conv,512,iso,386,1413400,1517100
P3,sycl,dpcpp-ocl-jitprecise-usm,cpu,conv,512,iso,387,1553600,1519600
P3,sycl,dpcpp-ocl-jitprecise-usm,cpu,conv,512,iso,388,1506600,1521300
P3,sycl,dpcpp-ocl-jitprecise-usm,cpu,conv,512,iso,389,1397500,1526500
P3,sycl,dpcpp-ocl-jitprecise-usm,cpu,conv,512,iso,390,1551800,1640500
P3,sycl,dpcpp-ocl-jitprecise-usm,cpu,conv,512,iso,391,1400800,1509000
P3,sycl,dpcpp-ocl-jitprecise-usm,cpu,conv,512,iso,392,1401500,1512300
P3,sycl,dpcpp-ocl-jitprecise-usm,cpu,conv,512,iso,393,1401200,1669700
P3,sycl,dpcpp-ocl-jitprecise-usm,cpu,conv,512,iso,394,1402800,1642700
P3,sycl,dpcpp-ocl-jitprecise-usm,cpu,conv,512,iso,395,1407400,1514400
P3,sycl,dpcpp-ocl-jitprecise-usm,cpu,conv,512,iso,396,1396200,1515800
P3,sycl,dpcpp-ocl-jitprecise-usm,cpu,conv,512,iso,397,1640700,1528200
P3,sycl,dpcpp-ocl-jitprecise-usm,cpu,conv,512,iso,398,1397700,1513300
P3,sycl,dpcpp-ocl-jitprecise-usm,cpu,conv,512,iso,399,1415000,1518800
P3,sycl,dpcpp-ocl-jitprecise-usm,cpu,conv,512,iso,400,1552200,1521900
P3,sycl,dpcpp-ocl-jitprecise-usm,cpu,conv,512,iso,401,1504400,1528400
P3,sycl,dpcpp-ocl-jitprecise-usm,cpu,conv,512,iso,402,1402100,1514500
P3,sycl,dpcpp-ocl-jitprecise-usm,cpu,conv,512,iso,403,1399700,1666000
P3,sycl,dpcpp-ocl-jitprecise-usm,cpu,conv,512,iso,404,1514700,1524700
P3,sycl,dpcpp-ocl-jitprecise-usm,cpu,conv,512,iso,405,1400900,1515000
P3,sycl,dpcpp-ocl-jitprecise-usm,cpu,conv,512,iso,406,1401800,1507300
P3,sycl,dpcpp-ocl-jitprecise-usm,cpu,conv,512,iso,407,1544300,1632400
P3,sycl,dpcpp-ocl-jitprecise-usm,cpu,conv,512,iso,408,1397500,1526300
P3,sycl,dpcpp-ocl-jitprecise-usm,cpu,conv,512,iso,409,1397300,1529400
P3,sycl,dpcpp-ocl-jitprecise-usm,cpu,conv,512,iso,410,1552500,1676000
P3,sycl,dpcpp-ocl-jitprecise-usm,cpu,conv,512,iso,411,1399300,1510400
P3,sycl,dpcpp-ocl-jitprecise-usm,cpu,conv,512,iso,412,1402000,1517300
P3,sycl,dpcpp-ocl-jitprecise-usm,cpu,conv,512,iso,413,1401800,1664400
P3,sycl,dpcpp-ocl-jitprecise-usm,cpu,conv,512,iso,414,1406000,1636700
P3,sycl,dpcpp-ocl-jitprecise-usm,cpu,conv,512,iso,415,1407200,1523700
P3,sycl,dpcpp-ocl-jitprecise-usm,cpu,conv,512,iso,416,1799400,1560600
P3,sycl,dpcpp-ocl-jitprecise-usm,cpu,conv,512,iso,417,1494200,1534700
P3,sycl,dpcpp-ocl-jitprecise-usm,cpu,conv,512,iso,418,1417600,1525100
P3,sycl,dpcpp-ocl-jitprecise-usm,cpu,conv,512,iso,419,1406700,1517000
P3,sycl,dpcpp-ocl-jitprecise-usm,cpu,conv,512,iso,420,1426600,1524500
P3,sycl,dpcpp-ocl-jitprecise-usm,cpu,conv,512,iso,421,1496100,1529100
P3,sycl,dpcpp-ocl-jitprecise-usm,cpu,conv,512,iso,422,1399000,1514800
P3,sycl,dpcpp-ocl-jitprecise-usm,cpu,conv,512,iso,423,1405400,1544500
P3,sycl,dpcpp-ocl-jitprecise-usm,cpu,conv,512,iso,424,1495900,1523900
P3,sycl,dpcpp-ocl-jitprecise-usm,cpu,conv,512,iso,425,1460400,1516300
P3,sycl,dpcpp-ocl-jitprecise-usm,cpu,conv,512,iso,426,1402400,1517400
P3,sycl,dpcpp-ocl-jitprecise-usm,cpu,conv,512,iso,427,1549400,1520500
P3,sycl,dpcpp-ocl-jitprecise-usm,cpu,conv,512,iso,428,1575400,1525600
P3,sycl,dpcpp-ocl-jitprecise-usm,cpu,conv,512,iso,429,1408300,1512700
P3,sycl,dpcpp-ocl-jitprecise-usm,cpu,conv,512,iso,430,1551000,1641300
P3,sycl,dpcpp-ocl-jitprecise-usm,cpu,conv,512,iso,431,1407100,1509700
P3,sycl,dpcpp-ocl-jitprecise-usm,cpu,conv,512,iso,432,1397700,1526800
P3,sycl,dpcpp-ocl-jitprecise-usm,cpu,conv,512,iso,433,1401500,1666300
P3,sycl,dpcpp-ocl-jitprecise-usm,cpu,conv,512,iso,434,1400200,1640900
P3,sycl,dpcpp-ocl-jitprecise-usm,cpu,conv,512,iso,435,1406900,1511900
P3,sycl,dpcpp-ocl-jitprecise-usm,cpu,conv,512,iso,436,1403100,1514300
P3,sycl,dpcpp-ocl-jitprecise-usm,cpu,conv,512,iso,437,1678700,1523400
P3,sycl,dpcpp-ocl-jitprecise-usm,cpu,conv,512,iso,438,1399200,1513700
P3,sycl,dpcpp-ocl-jitprecise-usm,cpu,conv,512,iso,439,1406900,1515000
P3,sycl,dpcpp-ocl-jitprecise-usm,cpu,conv,512,iso,440,1549900,1527500
P3,sycl,dpcpp-ocl-jitprecise-usm,cpu,conv,512,iso,441,1500800,1527700
P3,sycl,dpcpp-ocl-jitprecise-usm,cpu,conv,512,iso,442,1403800,1524700
P3,sycl,dpcpp-ocl-jitprecise-usm,cpu,conv,512,iso,443,1402900,1671300
P3,sycl,dpcpp-ocl-jitprecise-usm,cpu,conv,512,iso,444,1521200,1525300
P3,sycl,dpcpp-ocl-jitprecise-usm,cpu,conv,512,iso,445,1394900,1509800
P3,sycl,dpcpp-ocl-jitprecise-usm,cpu,conv,512,iso,446,1406000,1517900
P3,sycl,dpcpp-ocl-jitprecise-usm,cpu,conv,512,iso,447,1550300,1518400
P3,sycl,dpcpp-ocl-jitprecise-usm,cpu,conv,512,iso,448,1506300,1528200
P3,sycl,dpcpp-ocl-jitprecise-usm,cpu,conv,512,iso,449,1408300,1514000
P3,sycl,dpcpp-ocl-jitprecise-usm,cpu,conv,512,iso,450,1551600,1637700
P3,sycl,dpcpp-ocl-jitprecise-usm,cpu,conv,512,iso,451,1400700,1515100
P3,sycl,dpcpp-ocl-jitprecise-usm,cpu,conv,512,iso,452,1404100,1518000
P3,sycl,dpcpp-ocl-jitprecise-usm,cpu,conv,512,iso,453,1401500,1667700
P3,sycl,dpcpp-ocl-jitprecise-usm,cpu,conv,512,iso,454,1526900,1529100
P3,sycl,dpcpp-ocl-jitprecise-usm,cpu,conv,512,iso,455,1401800,1516700
P3,sycl,dpcpp-ocl-jitprecise-usm,cpu,conv,512,iso,456,1398000,1508000
P3,sycl,dpcpp-ocl-jitprecise-usm,cpu,conv,512,iso,457,1648100,1533300
P3,sycl,dpcpp-ocl-jitprecise-usm,cpu,conv,512,iso,458,1397100,1513200
P3,sycl,dpcpp-ocl-jitprecise-usm,cpu,conv,512,iso,459,1412300,1509600
P3,sycl,dpcpp-ocl-jitprecise-usm,cpu,conv,512,iso,460,1547900,1522500
P3,sycl,dpcpp-ocl-jitprecise-usm,cpu,conv,512,iso,461,1557800,1525900
P3,sycl,dpcpp-ocl-jitprecise-usm,cpu,conv,512,iso,462,1396700,1512500
P3,sycl,dpcpp-ocl-jitprecise-usm,cpu,conv,512,iso,463,1403800,1696900
P3,sycl,dpcpp-ocl-jitprecise-usm,cpu,conv,512,iso,464,1513500,1529600
P3,sycl,dpcpp-ocl-jitprecise-usm,cpu,conv,512,iso,465,1410400,1509000
P3,sycl,dpcpp-ocl-jitprecise-usm,cpu,conv,512,iso,466,1404200,1516100
P3,sycl,dpcpp-ocl-jitprecise-usm,cpu,conv,512,iso,467,1549800,1624100
P3,sycl,dpcpp-ocl-jitprecise-usm,cpu,conv,512,iso,468,1401700,1513300
P3,sycl,dpcpp-ocl-jitprecise-usm,cpu,conv,512,iso,469,1415100,1515700
P3,sycl,dpcpp-ocl-jitprecise-usm,cpu,conv,512,iso,470,1552400,1632800
P3,sycl,dpcpp-ocl-jitprecise-usm,cpu,conv,512,iso,471,1407700,1509200
P3,sycl,dpcpp-ocl-jitprecise-usm,cpu,conv,512,iso,472,1396500,1513900
P3,sycl,dpcpp-ocl-jitprecise-usm,cpu,conv,512,iso,473,1404800,1668400
P3,sycl,dpcpp-ocl-jitprecise-usm,cpu,conv,512,iso,474,1407600,1653000
P3,sycl,dpcpp-ocl-jitprecise-usm,cpu,conv,512,iso,475,1402800,1516200
P3,sycl,dpcpp-ocl-jitprecise-usm,cpu,conv,512,iso,476,1398900,1666600
P3,sycl,dpcpp-ocl-jitprecise-usm,cpu,conv,512,iso,477,1517900,1527600
P3,sycl,dpcpp-ocl-jitprecise-usm,cpu,conv,512,iso,478,1396000,1516400
P3,sycl,dpcpp-ocl-jitprecise-usm,cpu,conv,512,iso,479,1414800,1516500
P3,sycl,dpcpp-ocl-jitprecise-usm,cpu,conv,512,iso,480,1548600,1523200
P3,sycl,dpcpp-ocl-jitprecise-usm,cpu,conv,512,iso,481,1396900,1622400
P3,sycl,dpcpp-ocl-jitprecise-usm,cpu,conv,512,iso,482,1401400,1512300
P3,sycl,dpcpp-ocl-jitprecise-usm,cpu,conv,512,iso,483,1403200,1670400
P3,sycl,dpcpp-ocl-jitprecise-usm,cpu,conv,512,iso,484,1516300,1525100
P3,sycl,dpcpp-ocl-jitprecise-usm,cpu,conv,512,iso,485,1403700,1518200
P3,sycl,dpcpp-ocl-jitprecise-usm,cpu,conv,512,iso,486,1400500,1516400
P3,sycl,dpcpp-ocl-jitprecise-usm,cpu,conv,512,iso,487,1556500,1633100
P3,sycl,dpcpp-ocl-jitprecise-usm,cpu,conv,512,iso,488,1399100,1513200
P3,sycl,dpcpp-ocl-jitprecise-usm,cpu,conv,512,iso,489,1410000,1515700
P3,sycl,dpcpp-ocl-jitprecise-usm,cpu,conv,512,iso,490,1548400,1664100
P3,sycl,dpcpp-ocl-jitprecise-usm,cpu,conv,512,iso,491,1401500,1517100
P3,sycl,dpcpp-ocl-jitprecise-usm,cpu,conv,512,iso,492,1402000,1511400
P3,sycl,dpcpp-ocl-jitprecise-usm,cpu,conv,512,iso,493,1402500,1671700
P3,sycl,dpcpp-ocl-jitprecise-usm,cpu,conv,512,iso,494,1405700,1641000
P3,sycl,dpcpp-ocl-jitprecise-usm,cpu,conv,512,iso,495,1401800,1509400
P3,sycl,dpcpp-ocl-jitprecise-usm,cpu,conv,512,iso,496,1396200,1660500
P3,sycl,dpcpp-ocl-jitprecise-usm,cpu,conv,512,iso,497,1509700,1565800
P3,sycl,dpcpp-ocl-jitprecise-usm,cpu,conv,512,iso,498,1396800,1509900
P3,sycl,dpcpp-ocl-jitprecise-usm,cpu,conv,512,iso,499,1414700,1520800
P3,sycl,dpcpp-ocl-jitprecise-usm,cpu,conv,512,iso,500,1548800,1630000
P3,sycl,dpcpp-ocl-jitprecise-usm,cpu,conv,512,iso,501,1401500,1510000
P3,sycl,dpcpp-ocl-jitprecise-usm,cpu,conv,512,iso,502,1395900,1516600
P3,sycl,dpcpp-ocl-jitprecise-usm,cpu,conv,512,iso,503,1403600,1670000
P3,sycl,dpcpp-ocl-jitprecise-usm,cpu,conv,512,iso,504,1514900,1529900
P3,sycl,dpcpp-ocl-jitprecise-usm,cpu,conv,512,iso,505,1404600,1516900
P3,sycl,dpcpp-ocl-jitprecise-usm,cpu,conv,512,iso,506,1400500,1660200
P3,sycl,dpcpp-ocl-jitprecise-usm,cpu,conv,512,iso,507,1405800,1515300
P3,sycl,dpcpp-ocl-jitprecise-usm,cpu,conv,512,iso,508,1505200,1526600
P3,sycl,dpcpp-ocl-jitprecise-usm,cpu,conv,512,iso,509,1415000,1513600
P3,sycl,dpcpp-ocl-jitprecise-usm,cpu,conv,512,iso,510,1549300,1634300
P3,sycl,dpcpp-ocl-jitprecise-usm,cpu,conv,512,iso,511,1401700,1515400
P3,sycl,dpcpp-ocl-jitprecise-usm,cpu,conv,512,iso,512,1396900,1507900
P3,sycl,dpcpp-ocl-jitprecise-usm,cpu,conv,512,iso,513,1402100,1671800
P3,sycl,dpcpp-ocl-jitprecise-usm,cpu,conv,512,iso,514,1404100,1635800
P3,sycl,dpcpp-ocl-jitprecise-usm,cpu,conv,512,iso,515,1408600,1519100
P3,sycl,dpcpp-ocl-jitprecise-usm,cpu,conv,512,iso,516,1396300,1666300
P3,sycl,dpcpp-ocl-jitprecise-usm,cpu,conv,512,iso,517,1538100,1524100
P3,sycl,dpcpp-ocl-jitprecise-usm,cpu,conv,512,iso,518,1397700,1516200
P3,sycl,dpcpp-ocl-jitprecise-usm,cpu,conv,512,iso,519,1410300,1518700
P3,sycl,dpcpp-ocl-jitprecise-usm,cpu,conv,512,iso,520,1549100,1522900
P3,sycl,dpcpp-ocl-jitprecise-usm,cpu,conv,512,iso,521,1503600,1535200
P3,sycl,dpcpp-ocl-jitprecise-usm,cpu,conv,512,iso,522,1403200,1513400
P3,sycl,dpcpp-ocl-jitprecise-usm,cpu,conv,512,iso,523,1403900,1667200
P3,sycl,dpcpp-ocl-jitprecise-usm,cpu,conv,512,iso,524,1515500,1521300
P3,sycl,dpcpp-ocl-jitprecise-usm,cpu,conv,512,iso,525,1398800,1517100
P3,sycl,dpcpp-ocl-jitprecise-usm,cpu,conv,512,iso,526,1404100,1658500
P3,sycl,dpcpp-ocl-jitprecise-usm,cpu,conv,512,iso,527,1455900,1667300
P3,sycl,dpcpp-ocl-jitprecise-usm,cpu,conv,512,iso,528,1406800,1506900
P3,sycl,dpcpp-ocl-jitprecise-usm,cpu,conv,512,iso,529,1417500,1516200
P3,sycl,dpcpp-ocl-jitprecise-usm,cpu,conv,512,iso,530,1550100,1633300
P3,sycl,dpcpp-ocl-jitprecise-usm,cpu,conv,512,iso,531,1401600,1510500
P3,sycl,dpcpp-ocl-jitprecise-usm,cpu,conv,512,iso,532,1404000,1520400
P3,sycl,dpcpp-ocl-jitprecise-usm,cpu,conv,512,iso,533,1397800,1673000
P3,sycl,dpcpp-ocl-jitprecise-usm,cpu,conv,512,iso,534,1411600,1629000
P3,sycl,dpcpp-ocl-jitprecise-usm,cpu,conv,512,iso,535,1401600,1511100
P3,sycl,dpcpp-ocl-jitprecise-usm,cpu,conv,512,iso,536,1404700,1669200
P3,sycl,dpcpp-ocl-jitprecise-usm,cpu,conv,512,iso,537,1510000,1524200
P3,sycl,dpcpp-ocl-jitprecise-usm,cpu,conv,512,iso,538,1402100,1513200
P3,sycl,dpcpp-ocl-jitprecise-usm,cpu,conv,512,iso,539,1410100,1519700
P3,sycl,dpcpp-ocl-jitprecise-usm,cpu,conv,512,iso,540,1552200,1523600
P3,sycl,dpcpp-ocl-jitprecise-usm,cpu,conv,512,iso,541,1499000,1522900
P3,sycl,dpcpp-ocl-jitprecise-usm,cpu,conv,512,iso,542,1398300,1515900
P3,sycl,dpcpp-ocl-jitprecise-usm,cpu,conv,512,iso,543,1398200,1699500
P3,sycl,dpcpp-ocl-jitprecise-usm,cpu,conv,512,iso,544,1525500,1516700
P3,sycl,dpcpp-ocl-jitprecise-usm,cpu,conv,512,iso,545,1400000,1517600
P3,sycl,dpcpp-ocl-jitprecise-usm,cpu,conv,512,iso,546,1402600,1661000
P3,sycl,dpcpp-ocl-jitprecise-usm,cpu,conv,512,iso,547,1510300,1523800
P3,sycl,dpcpp-ocl-jitprecise-usm,cpu,conv,512,iso,548,1396600,1511900
P3,sycl,dpcpp-ocl-jitprecise-usm,cpu,conv,512,iso,549,1415200,1607700
P3,sycl,dpcpp-ocl-jitprecise-usm,cpu,conv,512,iso,550,1545900,1632200
P3,sycl,dpcpp-ocl-jitprecise-usm,cpu,conv,512,iso,551,1399100,1515300
P3,sycl,dpcpp-ocl-jitprecise-usm,cpu,conv,512,iso,552,1404100,1516900
P3,sycl,dpcpp-ocl-jitprecise-usm,cpu,conv,512,iso,553,1401900,1669700
P3,sycl,dpcpp-ocl-jitprecise-usm,cpu,conv,512,iso,554,1415600,1626900
P3,sycl,dpcpp-ocl-jitprecise-usm,cpu,conv,512,iso,555,1399500,1520900
P3,sycl,dpcpp-ocl-jitprecise-usm,cpu,conv,512,iso,556,1402100,1664500
P3,sycl,dpcpp-ocl-jitprecise-usm,cpu,conv,512,iso,557,1511300,1526500
P3,sycl,dpcpp-ocl-jitprecise-usm,cpu,conv,512,iso,558,1397100,1514600
P3,sycl,dpcpp-ocl-jitprecise-usm,cpu,conv,512,iso,559,1415500,1519500
P3,sycl,dpcpp-ocl-jitprecise-usm,cpu,conv,512,iso,560,1546500,1526900
P3,sycl,dpcpp-ocl-jitprecise-usm,cpu,conv,512,iso,561,1397000,1627000
P3,sycl,dpcpp-ocl-jitprecise-usm,cpu,conv,512,iso,562,1397500,1518000
P3,sycl,dpcpp-ocl-jitprecise-usm,cpu,conv,512,iso,563,1396100,1766200
P3,sycl,dpcpp-ocl-jitprecise-usm,cpu,conv,512,iso,564,1416300,1522400
P3,sycl,dpcpp-ocl-jitprecise-usm,cpu,conv,512,iso,565,1404300,1511600
P3,sycl,dpcpp-ocl-jitprecise-usm,cpu,conv,512,iso,566,1402200,1669900
P3,sycl,dpcpp-ocl-jitprecise-usm,cpu,conv,512,iso,567,1408600,1631900
P3,sycl,dpcpp-ocl-jitprecise-usm,cpu,conv,512,iso,568,1404700,1514700
P3,sycl,dpcpp-ocl-jitprecise-usm,cpu,conv,512,iso,569,1411100,1519400
P3,sycl,dpcpp-ocl-jitprecise-usm,cpu,conv,512,iso,570,1581500,1630300
P3,sycl,dpcpp-ocl-jitprecise-usm,cpu,conv,512,iso,571,1401600,1516300
P3,sycl,dpcpp-ocl-jitprecise-usm,cpu,conv,512,iso,572,1395200,1513800
P3,sycl,dpcpp-ocl-jitprecise-usm,cpu,conv,512,iso,573,1405200,1668600
P3,sycl,dpcpp-ocl-jitprecise-usm,cpu,conv,512,iso,574,1408800,1623800
P3,sycl,dpcpp-ocl-jitprecise-usm,cpu,conv,512,iso,575,1405800,1514800
P3,sycl,dpcpp-ocl-jitprecise-usm,cpu,conv,512,iso,576,1402300,1666100
P3,sycl,dpcpp-ocl-jitprecise-usm,cpu,conv,512,iso,577,1525000,1532500
P3,sycl,dpcpp-ocl-jitprecise-usm,cpu,conv,512,iso,578,1400100,1510900
P3,sycl,dpcpp-ocl-jitprecise-usm,cpu,conv,512,iso,579,1411300,1519500
P3,sycl,dpcpp-ocl-jitprecise-usm,cpu,conv,512,iso,580,1550900,1518700
P3,sycl,dpcpp-ocl-jitprecise-usm,cpu,conv,512,iso,581,1501600,1672600
P3,sycl,dpcpp-ocl-jitprecise-usm,cpu,conv,512,iso,582,1405200,1518300
P3,sycl,dpcpp-ocl-jitprecise-usm,cpu,conv,512,iso,583,1403900,1779800
P3,sycl,dpcpp-ocl-jitprecise-usm,cpu,conv,512,iso,584,1422300,1514800
P3,sycl,dpcpp-ocl-jitprecise-usm,cpu,conv,512,iso,585,1404200,1511700
P3,sycl,dpcpp-ocl-jitprecise-usm,cpu,conv,512,iso,586,1440700,1692700
P3,sycl,dpcpp-ocl-jitprecise-usm,cpu,conv,512,iso,587,1405500,1627800
P3,sycl,dpcpp-ocl-jitprecise-usm,cpu,conv,512,iso,588,1408500,1520200
P3,sycl,dpcpp-ocl-jitprecise-usm,cpu,conv,512,iso,589,1416100,1520500
P3,sycl,dpcpp-ocl-jitprecise-usm,cpu,conv,512,iso,590,1551400,1633600
P3,sycl,dpcpp-ocl-jitprecise-usm,cpu,conv,512,iso,591,1402000,1521100
P3,sycl,dpcpp-ocl-jitprecise-usm,cpu,conv,512,iso,592,1399000,1516300
P3,sycl,dpcpp-ocl-jitprecise-usm,cpu,conv,512,iso,593,1406300,1678900
P3,sycl,dpcpp-ocl-jitprecise-usm,cpu,conv,512,iso,594,1411800,1656900
P3,sycl,dpcpp-ocl-jitprecise-usm,cpu,conv,512,iso,595,1404400,1512100
P3,sycl,dpcpp-ocl-jitprecise-usm,cpu,conv,512,iso,596,1401900,1670800
P3,sycl,dpcpp-ocl-jitprecise-usm,cpu,conv,512,iso,597,1605600,1524000
P3,sycl,dpcpp-ocl-jitprecise-usm,cpu,conv,512,iso,598,1397000,1514500
P3,sycl,dpcpp-ocl-jitprecise-usm,cpu,conv,512,iso,599,1415900,1516800
P3,sycl,dpcpp-ocl-jitprecise-usm,cpu,conv,512,iso,600,1553300,1518100
P3,sycl,dpcpp-ocl-jitprecise-usm,cpu,conv,512,iso,601,1503100,1529200
P3,sycl,dpcpp-ocl-jitprecise-usm,cpu,conv,512,iso,602,1394900,1517200
P3,sycl,dpcpp-ocl-jitprecise-usm,cpu,conv,512,iso,603,1548600,1639800
P3,sycl,dpcpp-ocl-jitprecise-usm,cpu,conv,512,iso,604,1413200,1513200
P3,sycl,dpcpp-ocl-jitprecise-usm,cpu,conv,512,iso,605,1398900,1516500
P3,sycl,dpcpp-ocl-jitprecise-usm,cpu,conv,512,iso,606,1401000,1669900
P3,sycl,dpcpp-ocl-jitprecise-usm,cpu,conv,512,iso,607,1402100,1625100
P3,sycl,dpcpp-ocl-jitprecise-usm,cpu,conv,512,iso,608,1408600,1519300
P3,sycl,dpcpp-ocl-jitprecise-usm,cpu,conv,512,iso,609,1415900,1514600
P3,sycl,dpcpp-ocl-jitprecise-usm,cpu,conv,512,iso,610,1544700,1630600
P3,sycl,dpcpp-ocl-jitprecise-usm,cpu,conv,512,iso,611,1398600,1522200
P3,sycl,dpcpp-ocl-jitprecise-usm,cpu,conv,512,iso,612,1404400,1511600
P3,sycl,dpcpp-ocl-jitprecise-usm,cpu,conv,512,iso,613,1546400,1643300
P3,sycl,dpcpp-ocl-jitprecise-usm,cpu,conv,512,iso,614,1414900,1512600
P3,sycl,dpcpp-ocl-jitprecise-usm,cpu,conv,512,iso,615,1399600,1516300
P3,sycl,dpcpp-ocl-jitprecise-usm,cpu,conv,512,iso,616,1404600,1670300
P3,sycl,dpcpp-ocl-jitprecise-usm,cpu,conv,512,iso,617,1503900,1524700
P3,sycl,dpcpp-ocl-jitprecise-usm,cpu,conv,512,iso,618,1402800,1519000
P3,sycl,dpcpp-ocl-jitprecise-usm,cpu,conv,512,iso,619,1414500,1518600
P3,sycl,dpcpp-ocl-jitprecise-usm,cpu,conv,512,iso,620,1551400,1622600
P3,sycl,dpcpp-ocl-jitprecise-usm,cpu,conv,512,iso,621,1413700,1515500
P3,sycl,dpcpp-ocl-jitprecise-usm,cpu,conv,512,iso,622,1404600,1516600
P3,sycl,dpcpp-ocl-jitprecise-usm,cpu,conv,512,iso,623,1550900,1668400
P3,sycl,dpcpp-ocl-jitprecise-usm,cpu,conv,512,iso,624,1414000,1512200
P3,sycl,dpcpp-ocl-jitprecise-usm,cpu,conv,512,iso,625,1400800,1510000
P3,sycl,dpcpp-ocl-jitprecise-usm,cpu,conv,512,iso,626,1401600,1667000
P3,sycl,dpcpp-ocl-jitprecise-usm,cpu,conv,512,iso,627,1400600,1622500
P3,sycl,dpcpp-ocl-jitprecise-usm,cpu,conv,512,iso,628,1407800,1514000
P3,sycl,dpcpp-ocl-jitprecise-usm,cpu,conv,512,iso,629,1414400,1517200
P3,sycl,dpcpp-ocl-jitprecise-usm,cpu,conv,512,iso,630,1652400,1533400
P3,sycl,dpcpp-ocl-jitprecise-usm,cpu,conv,512,iso,631,1394600,1511100
P3,sycl,dpcpp-ocl-jitprecise-usm,cpu,conv,512,iso,632,1404800,1517200
P3,sycl,dpcpp-ocl-jitprecise-usm,cpu,conv,512,iso,633,1549800,1529100
P3,sycl,dpcpp-ocl-jitprecise-usm,cpu,conv,512,iso,634,1529300,1526200
P3,sycl,dpcpp-ocl-jitprecise-usm,cpu,conv,512,iso,635,1395900,1517500
P3,sycl,dpcpp-ocl-jitprecise-usm,cpu,conv,512,iso,636,1404000,1670500
P3,sycl,dpcpp-ocl-jitprecise-usm,cpu,conv,512,iso,637,1511100,1520100
P3,sycl,dpcpp-ocl-jitprecise-usm,cpu,conv,512,iso,638,1396700,1511800
P3,sycl,dpcpp-ocl-jitprecise-usm,cpu,conv,512,iso,639,1408100,1517500
P3,sycl,dpcpp-ocl-jitprecise-usm,cpu,conv,512,iso,640,1547600,1631900
P3,sycl,dpcpp-ocl-jitprecise-usm,cpu,conv,512,iso,641,1395200,1513700
P3,sycl,dpcpp-ocl-jitprecise-usm,cpu,conv,512,iso,642,1401400,1517400
P3,sycl,dpcpp-ocl-jitprecise-usm,cpu,conv,512,iso,643,1552200,1631300
P3,sycl,dpcpp-ocl-jitprecise-usm,cpu,conv,512,iso,644,1403900,1511200
P3,sycl,dpcpp-ocl-jitprecise-usm,cpu,conv,512,iso,645,1408400,1513900
P3,sycl,dpcpp-ocl-jitprecise-usm,cpu,conv,512,iso,646,1395300,1670900
P3,sycl,dpcpp-ocl-jitprecise-usm,cpu,conv,512,iso,647,1408000,1628800
P3,sycl,dpcpp-ocl-jitprecise-usm,cpu,conv,512,iso,648,1400000,1512600
P3,sycl,dpcpp-ocl-jitprecise-usm,cpu,conv,512,iso,649,1414900,1512900
P3,sycl,dpcpp-ocl-jitprecise-usm,cpu,conv,512,iso,650,1575300,1631000
P3,sycl,dpcpp-ocl-jitprecise-usm,cpu,conv,512,iso,651,1397800,1518100
P3,sycl,dpcpp-ocl-jitprecise-usm,cpu,conv,512,iso,652,1397100,1510700
P3,sycl,dpcpp-ocl-jitprecise-usm,cpu,conv,512,iso,653,1550800,1518300
P3,sycl,dpcpp-ocl-jitprecise-usm,cpu,conv,512,iso,654,1515200,1623900
P3,sycl,dpcpp-ocl-jitprecise-usm,cpu,conv,512,iso,655,1409900,1519200
P3,sycl,dpcpp-ocl-jitprecise-usm,cpu,conv,512,iso,656,1397300,1669200
P3,sycl,dpcpp-ocl-jitprecise-usm,cpu,conv,512,iso,657,1505000,1524200
P3,sycl,dpcpp-ocl-jitprecise-usm,cpu,conv,512,iso,658,1401400,1512600
P3,sycl,dpcpp-ocl-jitprecise-usm,cpu,conv,512,iso,659,1416800,1516900
P3,sycl,dpcpp-ocl-jitprecise-usm,cpu,conv,512,iso,660,1552500,1524000
P3,sycl,dpcpp-ocl-jitprecise-usm,cpu,conv,512,iso,661,1505600,1529000
P3,sycl,dpcpp-ocl-jitprecise-usm,cpu,conv,512,iso,662,1402800,1511400
P3,sycl,dpcpp-ocl-jitprecise-usm,cpu,conv,512,iso,663,1550100,1637200
P3,sycl,dpcpp-ocl-jitprecise-usm,cpu,conv,512,iso,664,1412500,1512800
P3,sycl,dpcpp-ocl-jitprecise-usm,cpu,conv,512,iso,665,1396500,1518000
P3,sycl,dpcpp-ocl-jitprecise-usm,cpu,conv,512,iso,666,1402100,1667600
P3,sycl,dpcpp-ocl-jitprecise-usm,cpu,conv,512,iso,667,1399800,1630000
P3,sycl,dpcpp-ocl-jitprecise-usm,cpu,conv,512,iso,668,1400000,1513400
P3,sycl,dpcpp-ocl-jitprecise-usm,cpu,conv,512,iso,669,1416000,1510000
P3,sycl,dpcpp-ocl-jitprecise-usm,cpu,conv,512,iso,670,1647300,1530300
P3,sycl,dpcpp-ocl-jitprecise-usm,cpu,conv,512,iso,671,1397000,1514700
P3,sycl,dpcpp-ocl-jitprecise-usm,cpu,conv,512,iso,672,1400500,1516900
P3,sycl,dpcpp-ocl-jitprecise-usm,cpu,conv,512,iso,673,1550300,1516400
P3,sycl,dpcpp-ocl-jitprecise-usm,cpu,conv,512,iso,674,1501500,1530400
P3,sycl,dpcpp-ocl-jitprecise-usm,cpu,conv,512,iso,675,1396600,1512800
P3,sycl,dpcpp-ocl-jitprecise-usm,cpu,conv,512,iso,676,1401200,1705100
P3,sycl,dpcpp-ocl-jitprecise-usm,cpu,conv,512,iso,677,1509000,1523700
P3,sycl,dpcpp-ocl-jitprecise-usm,cpu,conv,512,iso,678,1395600,1510000
P3,sycl,dpcpp-ocl-jitprecise-usm,cpu,conv,512,iso,679,1420100,1512100
P3,sycl,dpcpp-ocl-jitprecise-usm,cpu,conv,512,iso,680,1550200,1524200
P3,sycl,dpcpp-ocl-jitprecise-usm,cpu,conv,512,iso,681,1500300,1520700
P3,sycl,dpcpp-ocl-jitprecise-usm,cpu,conv,512,iso,682,1402300,1509000
P3,sycl,dpcpp-ocl-jitprecise-usm,cpu,conv,512,iso,683,1547900,1638500
P3,sycl,dpcpp-ocl-jitprecise-usm,cpu,conv,512,iso,684,1418600,1511900
P3,sycl,dpcpp-ocl-jitprecise-usm,cpu,conv,512,iso,685,1402700,1513300
P3,sycl,dpcpp-ocl-jitprecise-usm,cpu,conv,512,iso,686,1402000,1668100
P3,sycl,dpcpp-ocl-jitprecise-usm,cpu,conv,512,iso,687,1502000,1521900
P3,sycl,dpcpp-ocl-jitprecise-usm,cpu,conv,512,iso,688,1397200,1508900
P3,sycl,dpcpp-ocl-jitprecise-usm,cpu,conv,512,iso,689,1423500,1518100
P3,sycl,dpcpp-ocl-jitprecise-usm,cpu,conv,512,iso,690,1647700,1529500
P3,sycl,dpcpp-ocl-jitprecise-usm,cpu,conv,512,iso,691,1403000,1518500
P3,sycl,dpcpp-ocl-jitprecise-usm,cpu,conv,512,iso,692,1397400,1516700
P3,sycl,dpcpp-ocl-jitprecise-usm,cpu,conv,512,iso,693,1554900,1523700
P3,sycl,dpcpp-ocl-jitprecise-usm,cpu,conv,512,iso,694,1409200,1649500
P3,sycl,dpcpp-ocl-jitprecise-usm,cpu,conv,512,iso,695,1470200,1512600
P3,sycl,dpcpp-ocl-jitprecise-usm,cpu,conv,512,iso,696,1403700,1667400
P3,sycl,dpcpp-ocl-jitprecise-usm,cpu,conv,512,iso,697,1503000,1526700
P3,sycl,dpcpp-ocl-jitprecise-usm,cpu,conv,512,iso,698,1396900,1512300
P3,sycl,dpcpp-ocl-jitprecise-usm,cpu,conv,512,iso,699,1411200,1516500
P3,sycl,dpcpp-ocl-jitprecise-usm,cpu,conv,512,iso,700,1553100,1635300
P3,sycl,dpcpp-ocl-jitprecise-usm,cpu,conv,512,iso,701,1401300,1512000
P3,sycl,dpcpp-ocl-jitprecise-usm,cpu,conv,512,iso,702,1398600,1518600
P3,sycl,dpcpp-ocl-jitprecise-usm,cpu,conv,512,iso,703,1552700,1666600
P3,sycl,dpcpp-ocl-jitprecise-usm,cpu,conv,512,iso,704,1411700,1511900
P3,sycl,dpcpp-ocl-jitprecise-usm,cpu,conv,512,iso,705,1400000,1514900
P3,sycl,dpcpp-ocl-jitprecise-usm,cpu,conv,512,iso,706,1398300,1673200
P3,sycl,dpcpp-ocl-jitprecise-usm,cpu,conv,512,iso,707,1402900,1630500
P3,sycl,dpcpp-ocl-jitprecise-usm,cpu,conv,512,iso,708,1401800,1517300
P3,sycl,dpcpp-ocl-jitprecise-usm,cpu,conv,512,iso,709,1414300,1508800
P3,sycl,dpcpp-ocl-jitprecise-usm,cpu,conv,512,iso,710,1649200,1533500
P3,sycl,dpcpp-ocl-jitprecise-usm,cpu,conv,512,iso,711,1398600,1513500
P3,sycl,dpcpp-ocl-jitprecise-usm,cpu,conv,512,iso,712,1404000,1518700
P3,sycl,dpcpp-ocl-jitprecise-usm,cpu,conv,512,iso,713,1559500,1519300
P3,sycl,dpcpp-ocl-jitprecise-usm,cpu,conv,512,iso,714,1511000,1525400
P3,sycl,dpcpp-ocl-jitprecise-usm,cpu,conv,512,iso,715,1397500,1512400
P3,sycl,dpcpp-ocl-jitprecise-usm,cpu,conv,512,iso,716,1499800,1672900
P3,sycl,dpcpp-ocl-jitprecise-usm,cpu,conv,512,iso,717,1506000,1529400
P3,sycl,dpcpp-ocl-jitprecise-usm,cpu,conv,512,iso,718,1394800,1522600
P3,sycl,dpcpp-ocl-jitprecise-usm,cpu,conv,512,iso,719,1403600,1515200
P3,sycl,dpcpp-ocl-jitprecise-usm,cpu,conv,512,iso,720,1552800,1633500
P3,sycl,dpcpp-ocl-jitprecise-usm,cpu,conv,512,iso,721,1401700,1514300
P3,sycl,dpcpp-ocl-jitprecise-usm,cpu,conv,512,iso,722,1403200,1514200
P3,sycl,dpcpp-ocl-jitprecise-usm,cpu,conv,512,iso,723,1541600,1630200
P3,sycl,dpcpp-ocl-jitprecise-usm,cpu,conv,512,iso,724,1412600,1515600
P3,sycl,dpcpp-ocl-jitprecise-usm,cpu,conv,512,iso,725,1411200,1513900
P3,sycl,dpcpp-ocl-jitprecise-usm,cpu,conv,512,iso,726,1401300,1667000
P3,sycl,dpcpp-ocl-jitprecise-usm,cpu,conv,512,iso,727,1401800,1623000
P3,sycl,dpcpp-ocl-jitprecise-usm,cpu,conv,512,iso,728,1400500,1517400
P3,sycl,dpcpp-ocl-jitprecise-usm,cpu,conv,512,iso,729,1416000,1514900
P3,sycl,dpcpp-ocl-jitprecise-usm,cpu,conv,512,iso,730,1583100,1642700
P3,sycl,dpcpp-ocl-jitprecise-usm,cpu,conv,512,iso,731,1399300,1517400
P3,sycl,dpcpp-ocl-jitprecise-usm,cpu,conv,512,iso,732,1402500,1512800
P3,sycl,dpcpp-ocl-jitprecise-usm,cpu,conv,512,iso,733,1547900,1632500
P3,sycl,dpcpp-ocl-jitprecise-usm,cpu,conv,512,iso,734,1411400,1516100
P3,sycl,dpcpp-ocl-jitprecise-usm,cpu,conv,512,iso,735,1403200,1523100
P3,sycl,dpcpp-ocl-jitprecise-usm,cpu,conv,512,iso,736,1396600,1661800
P3,sycl,dpcpp-ocl-jitprecise-usm,cpu,conv,512,iso,737,1508900,1523300
P3,sycl,dpcpp-ocl-jitprecise-usm,cpu,conv,512,iso,738,1401300,1529800
P3,sycl,dpcpp-ocl-jitprecise-usm,cpu,conv,512,iso,739,1404400,1516600
P3,sycl,dpcpp-ocl-jitprecise-usm,cpu,conv,512,iso,740,1548400,1637300
P3,sycl,dpcpp-ocl-jitprecise-usm,cpu,conv,512,iso,741,1401600,1509500
P3,sycl,dpcpp-ocl-jitprecise-usm,cpu,conv,512,iso,742,1395700,1511000
P3,sycl,dpcpp-ocl-jitprecise-usm,cpu,conv,512,iso,743,1549000,1658200
P3,sycl,dpcpp-ocl-jitprecise-usm,cpu,conv,512,iso,744,1400200,1513900
P3,sycl,dpcpp-ocl-jitprecise-usm,cpu,conv,512,iso,745,1403900,1518300
P3,sycl,dpcpp-ocl-jitprecise-usm,cpu,conv,512,iso,746,1400700,1674000
P3,sycl,dpcpp-ocl-jitprecise-usm,cpu,conv,512,iso,747,1413600,1625100
P3,sycl,dpcpp-ocl-jitprecise-usm,cpu,conv,512,iso,748,1399600,1515900
P3,sycl,dpcpp-ocl-jitprecise-usm,cpu,conv,512,iso,749,1410800,1519200
P3,sycl,dpcpp-ocl-jitprecise-usm,cpu,conv,512,iso,750,1551400,1647900
P3,sycl,dpcpp-ocl-jitprecise-usm,cpu,conv,512,iso,751,2010900,1537700
P3,sycl,dpcpp-ocl-jitprecise-usm,cpu,conv,512,iso,752,1397800,1508300
P3,sycl,dpcpp-ocl-jitprecise-usm,cpu,conv,512,iso,753,1419700,1652400
P3,sycl,dpcpp-ocl-jitprecise-usm,cpu,conv,512,iso,754,1410600,1517400
P3,sycl,dpcpp-ocl-jitprecise-usm,cpu,conv,512,iso,755,1401200,1522100
P3,sycl,dpcpp-ocl-jitprecise-usm,cpu,conv,512,iso,756,1400900,1565100
P3,sycl,dpcpp-ocl-jitprecise-usm,cpu,conv,512,iso,757,1491600,1528400
P3,sycl,dpcpp-ocl-jitprecise-usm,cpu,conv,512,iso,758,1411800,1518700
P3,sycl,dpcpp-ocl-jitprecise-usm,cpu,conv,512,iso,759,1407000,1538600
P3,sycl,dpcpp-ocl-jitprecise-usm,cpu,conv,512,iso,760,1400200,1516700
P3,sycl,dpcpp-ocl-jitprecise-usm,cpu,conv,512,iso,761,1490900,1525900
P3,sycl,dpcpp-ocl-jitprecise-usm,cpu,conv,512,iso,762,1395600,1516400
P3,sycl,dpcpp-ocl-jitprecise-usm,cpu,conv,512,iso,763,1419800,1796800
P3,sycl,dpcpp-ocl-jitprecise-usm,cpu,conv,512,iso,764,1399800,1511300
P3,sycl,dpcpp-ocl-jitprecise-usm,cpu,conv,512,iso,765,1396200,1510000
P3,sycl,dpcpp-ocl-jitprecise-usm,cpu,conv,512,iso,766,1402000,1667900
P3,sycl,dpcpp-ocl-jitprecise-usm,cpu,conv,512,iso,767,1503700,1525200
P3,sycl,dpcpp-ocl-jitprecise-usm,cpu,conv,512,iso,768,1395700,1509300
P3,sycl,dpcpp-ocl-jitprecise-usm,cpu,conv,512,iso,769,1414900,1675800
P3,sycl,dpcpp-ocl-jitprecise-usm,cpu,conv,512,iso,770,1510400,1526600
P3,sycl,dpcpp-ocl-jitprecise-usm,cpu,conv,512,iso,771,1397200,1516100
P3,sycl,dpcpp-ocl-jitprecise-usm,cpu,conv,512,iso,772,1402300,1517400
P3,sycl,dpcpp-ocl-jitprecise-usm,cpu,conv,512,iso,773,1551400,1522200
P3,sycl,dpcpp-ocl-jitprecise-usm,cpu,conv,512,iso,774,1515200,1524300
P3,sycl,dpcpp-ocl-jitprecise-usm,cpu,conv,512,iso,775,1418100,1513100
P3,sycl,dpcpp-ocl-jitprecise-usm,cpu,conv,512,iso,776,1402500,1772100
P3,sycl,dpcpp-ocl-jitprecise-usm,cpu,conv,512,iso,777,1410200,1513300
P3,sycl,dpcpp-ocl-jitprecise-usm,cpu,conv,512,iso,778,1398300,1529900
P3,sycl,dpcpp-ocl-jitprecise-usm,cpu,conv,512,iso,779,1405500,1670100
P3,sycl,dpcpp-ocl-jitprecise-usm,cpu,conv,512,iso,780,1505400,1526500
P3,sycl,dpcpp-ocl-jitprecise-usm,cpu,conv,512,iso,781,1400200,1512900
P3,sycl,dpcpp-ocl-jitprecise-usm,cpu,conv,512,iso,782,1397700,1516200
P3,sycl,dpcpp-ocl-jitprecise-usm,cpu,conv,512,iso,783,1591100,1652500
P3,sycl,dpcpp-ocl-jitprecise-usm,cpu,conv,512,iso,784,1403600,1510000
P3,sycl,dpcpp-ocl-jitprecise-usm,cpu,conv,512,iso,785,1401400,1517400
P3,sycl,dpcpp-ocl-jitprecise-usm,cpu,conv,512,iso,786,1402100,1668700
P3,sycl,dpcpp-ocl-jitprecise-usm,cpu,conv,512,iso,787,1506400,1531700
P3,sycl,dpcpp-ocl-jitprecise-usm,cpu,conv,512,iso,788,1398800,1515200
P3,sycl,dpcpp-ocl-jitprecise-usm,cpu,conv,512,iso,789,1411600,1673500
P3,sycl,dpcpp-ocl-jitprecise-usm,cpu,conv,512,iso,790,1507300,1526500
P3,sycl,dpcpp-ocl-jitprecise-usm,cpu,conv,512,iso,791,1401700,1520600
P3,sycl,dpcpp-ocl-jitprecise-usm,cpu,conv,512,iso,792,1400200,1515400
P3,sycl,dpcpp-ocl-jitprecise-usm,cpu,conv,512,iso,793,1549900,1539800
P3,sycl,dpcpp-ocl-jitprecise-usm,cpu,conv,512,iso,794,1508000,1527100
P3,sycl,dpcpp-ocl-jitprecise-usm,cpu,conv,512,iso,795,1404900,1519400
P3,sycl,dpcpp-ocl-jitprecise-usm,cpu,conv,512,iso,796,1402100,1773200
P3,sycl,dpcpp-ocl-jitprecise-usm,cpu,conv,512,iso,797,1409900,1513700
P3,sycl,dpcpp-ocl-jitprecise-usm,cpu,conv,512,iso,798,1401800,1542300
P3,sycl,dpcpp-ocl-jitprecise-usm,cpu,conv,512,iso,799,1405200,1671100
P3,sycl,dpcpp-ocl-jitprecise-usm,cpu,conv,512,iso,800,1405400,1631500
P3,sycl,dpcpp-ocl-jitprecise-usm,cpu,conv,512,iso,801,1413400,1512400
P3,sycl,dpcpp-ocl-jitprecise-usm,cpu,conv,512,iso,802,1398200,1516500
P3,sycl,dpcpp-ocl-jitprecise-usm,cpu,conv,512,iso,803,1553800,1644200
P3,sycl,dpcpp-ocl-jitprecise-usm,cpu,conv,512,iso,804,1403600,1512700
P3,sycl,dpcpp-ocl-jitprecise-usm,cpu,conv,512,iso,805,1400700,1516300
P3,sycl,dpcpp-ocl-jitprecise-usm,cpu,conv,512,iso,806,1402600,1675200
P3,sycl,dpcpp-ocl-jitprecise-usm,cpu,conv,512,iso,807,1399700,1634300
P3,sycl,dpcpp-ocl-jitprecise-usm,cpu,conv,512,iso,808,1399400,1512600
P3,sycl,dpcpp-ocl-jitprecise-usm,cpu,conv,512,iso,809,1415600,1671200
P3,sycl,dpcpp-ocl-jitprecise-usm,cpu,conv,512,iso,810,1535900,1521700
P3,sycl,dpcpp-ocl-jitprecise-usm,cpu,conv,512,iso,811,1397200,1521600
P3,sycl,dpcpp-ocl-jitprecise-usm,cpu,conv,512,iso,812,1405400,1513100
P3,sycl,dpcpp-ocl-jitprecise-usm,cpu,conv,512,iso,813,1548500,1524700
P3,sycl,dpcpp-ocl-jitprecise-usm,cpu,conv,512,iso,814,1515700,1528000
P3,sycl,dpcpp-ocl-jitprecise-usm,cpu,conv,512,iso,815,1396900,1518900
P3,sycl,dpcpp-ocl-jitprecise-usm,cpu,conv,512,iso,816,1397200,1776200
P3,sycl,dpcpp-ocl-jitprecise-usm,cpu,conv,512,iso,817,1403200,1513100
P3,sycl,dpcpp-ocl-jitprecise-usm,cpu,conv,512,iso,818,1401200,1517000
P3,sycl,dpcpp-ocl-jitprecise-usm,cpu,conv,512,iso,819,1400700,1671700
P3,sycl,dpcpp-ocl-jitprecise-usm,cpu,conv,512,iso,820,1514000,1637800
P3,sycl,dpcpp-ocl-jitprecise-usm,cpu,conv,512,iso,821,1403700,1514700
P3,sycl,dpcpp-ocl-jitprecise-usm,cpu,conv,512,iso,822,1404600,1514900
P3,sycl,dpcpp-ocl-jitprecise-usm,cpu,conv,512,iso,823,1550400,1650600
P3,sycl,dpcpp-ocl-jitprecise-usm,cpu,conv,512,iso,824,1401300,1508200
P3,sycl,dpcpp-ocl-jitprecise-usm,cpu,conv,512,iso,825,1400300,1524200
P3,sycl,dpcpp-ocl-jitprecise-usm,cpu,conv,512,iso,826,1404800,1783300
P3,sycl,dpcpp-ocl-jitprecise-usm,cpu,conv,512,iso,827,1405000,1510200
P3,sycl,dpcpp-ocl-jitprecise-usm,cpu,conv,512,iso,828,1396800,1527100
P3,sycl,dpcpp-ocl-jitprecise-usm,cpu,conv,512,iso,829,1405400,1674500
P3,sycl,dpcpp-ocl-jitprecise-usm,cpu,conv,512,iso,830,1506800,1520500
P3,sycl,dpcpp-ocl-jitprecise-usm,cpu,conv,512,iso,831,1396700,1515300
P3,sycl,dpcpp-ocl-jitprecise-usm,cpu,conv,512,iso,832,1417300,1528700
P3,sycl,dpcpp-ocl-jitprecise-usm,cpu,conv,512,iso,833,1590600,1536100
P3,sycl,dpcpp-ocl-jitprecise-usm,cpu,conv,512,iso,834,1505300,1522000
P3,sycl,dpcpp-ocl-jitprecise-usm,cpu,conv,512,iso,835,1402400,1515500
P3,sycl,dpcpp-ocl-jitprecise-usm,cpu,conv,512,iso,836,1542700,1670900
P3,sycl,dpcpp-ocl-jitprecise-usm,cpu,conv,512,iso,837,1408900,1511500
P3,sycl,dpcpp-ocl-jitprecise-usm,cpu,conv,512,iso,838,1401500,1527300
P3,sycl,dpcpp-ocl-jitprecise-usm,cpu,conv,512,iso,839,1399600,1668800
P3,sycl,dpcpp-ocl-jitprecise-usm,cpu,conv,512,iso,840,1407500,1631200
P3,sycl,dpcpp-ocl-jitprecise-usm,cpu,conv,512,iso,841,1401500,1521400
P3,sycl,dpcpp-ocl-jitprecise-usm,cpu,conv,512,iso,842,1399200,1514600
P3,sycl,dpcpp-ocl-jitprecise-usm,cpu,conv,512,iso,843,1550100,1648600
P3,sycl,dpcpp-ocl-jitprecise-usm,cpu,conv,512,iso,844,1403500,1515100
P3,sycl,dpcpp-ocl-jitprecise-usm,cpu,conv,512,iso,845,1399700,1516800
P3,sycl,dpcpp-ocl-jitprecise-usm,cpu,conv,512,iso,846,1551200,1527400
P3,sycl,dpcpp-ocl-jitprecise-usm,cpu,conv,512,iso,847,1403500,1635600
P3,sycl,dpcpp-ocl-jitprecise-usm,cpu,conv,512,iso,848,1408300,1523800
P3,sycl,dpcpp-ocl-jitprecise-usm,cpu,conv,512,iso,849,1404500,1670100
P3,sycl,dpcpp-ocl-jitprecise-usm,cpu,conv,512,iso,850,1506100,1521400
P3,sycl,dpcpp-ocl-jitprecise-usm,cpu,conv,512,iso,851,1401800,1517600
P3,sycl,dpcpp-ocl-jitprecise-usm,cpu,conv,512,iso,852,1404700,1515100
P3,sycl,dpcpp-ocl-jitprecise-usm,cpu,conv,512,iso,853,1547000,1652300
P3,sycl,dpcpp-ocl-jitprecise-usm,cpu,conv,512,iso,854,1414200,1511800
P3,sycl,dpcpp-ocl-jitprecise-usm,cpu,conv,512,iso,855,1403500,1516100
P3,sycl,dpcpp-ocl-jitprecise-usm,cpu,conv,512,iso,856,1549300,1636100
P3,sycl,dpcpp-ocl-jitprecise-usm,cpu,conv,512,iso,857,1402200,1512700
P3,sycl,dpcpp-ocl-jitprecise-usm,cpu,conv,512,iso,858,1404100,1528400
P3,sycl,dpcpp-ocl-jitprecise-usm,cpu,conv,512,iso,859,1399700,1677600
P3,sycl,dpcpp-ocl-jitprecise-usm,cpu,conv,512,iso,860,1408000,1618800
P3,sycl,dpcpp-ocl-jitprecise-usm,cpu,conv,512,iso,861,1401500,1512500
P3,sycl,dpcpp-ocl-jitprecise-usm,cpu,conv,512,iso,862,1403800,1596700
P3,sycl,dpcpp-ocl-jitprecise-usm,cpu,conv,512,iso,863,1680100,1541100
P3,sycl,dpcpp-ocl-jitprecise-usm,cpu,conv,512,iso,864,1397300,1507600
P3,sycl,dpcpp-ocl-jitprecise-usm,cpu,conv,512,iso,865,1401800,1516200
P3,sycl,dpcpp-ocl-jitprecise-usm,cpu,conv,512,iso,866,1551200,1527800
P3,sycl,dpcpp-ocl-jitprecise-usm,cpu,conv,512,iso,867,1501000,1525100
P3,sycl,dpcpp-ocl-jitprecise-usm,cpu,conv,512,iso,868,1402500,1529300
P3,sycl,dpcpp-ocl-jitprecise-usm,cpu,conv,512,iso,869,1401900,1671600
P3,sycl,dpcpp-ocl-jitprecise-usm,cpu,conv,512,iso,870,1506000,1535900
P3,sycl,dpcpp-ocl-jitprecise-usm,cpu,conv,512,iso,871,1397300,1511700
P3,sycl,dpcpp-ocl-jitprecise-usm,cpu,conv,512,iso,872,1398500,1515000
P3,sycl,dpcpp-ocl-jitprecise-usm,cpu,conv,512,iso,873,1648800,1540300
P3,sycl,dpcpp-ocl-jitprecise-usm,cpu,conv,512,iso,874,1402800,1513900
P3,sycl,dpcpp-ocl-jitprecise-usm,cpu,conv,512,iso,875,1394700,1515700
P3,sycl,dpcpp-ocl-jitprecise-usm,cpu,conv,512,iso,876,1546600,1636700
P3,sycl,dpcpp-ocl-jitprecise-usm,cpu,conv,512,iso,877,1403300,1514000
P3,sycl,dpcpp-ocl-jitprecise-usm,cpu,conv,512,iso,878,1403700,1530200
P3,sycl,dpcpp-ocl-jitprecise-usm,cpu,conv,512,iso,879,1402500,1666000
P3,sycl,dpcpp-ocl-jitprecise-usm,cpu,conv,512,iso,880,1401600,1630800
P3,sycl,dpcpp-ocl-jitprecise-usm,cpu,conv,512,iso,881,1401200,1517000
P3,sycl,dpcpp-ocl-jitprecise-usm,cpu,conv,512,iso,882,1403000,1609900
P3,sycl,dpcpp-ocl-jitprecise-usm,cpu,conv,512,iso,883,1651000,1538800
P3,sycl,dpcpp-ocl-jitprecise-usm,cpu,conv,512,iso,884,1397300,1512600
P3,sycl,dpcpp-ocl-jitprecise-usm,cpu,conv,512,iso,885,1402600,1515400
P3,sycl,dpcpp-ocl-jitprecise-usm,cpu,conv,512,iso,886,1551100,1635200
P3,sycl,dpcpp-ocl-jitprecise-usm,cpu,conv,512,iso,887,1398800,1513500
P3,sycl,dpcpp-ocl-jitprecise-usm,cpu,conv,512,iso,888,1399200,1525600
P3,sycl,dpcpp-ocl-jitprecise-usm,cpu,conv,512,iso,889,1397700,1703900
P3,sycl,dpcpp-ocl-jitprecise-usm,cpu,conv,512,iso,890,1504300,1523200
P3,sycl,dpcpp-ocl-jitprecise-usm,cpu,conv,512,iso,891,1402400,1516500
P3,sycl,dpcpp-ocl-jitprecise-usm,cpu,conv,512,iso,892,1399100,1517700
P3,sycl,dpcpp-ocl-jitprecise-usm,cpu,conv,512,iso,893,1550800,1540500
P3,sycl,dpcpp-ocl-jitprecise-usm,cpu,conv,512,iso,894,1506900,1525600
P3,sycl,dpcpp-ocl-jitprecise-usm,cpu,conv,512,iso,895,1401200,1516700
P3,sycl,dpcpp-ocl-jitprecise-usm,cpu,conv,512,iso,896,1549800,1633400
P3,sycl,dpcpp-ocl-jitprecise-usm,cpu,conv,512,iso,897,1398800,1513200
P3,sycl,dpcpp-ocl-jitprecise-usm,cpu,conv,512,iso,898,1404200,1529000
P3,sycl,dpcpp-ocl-jitprecise-usm,cpu,conv,512,iso,899,1404900,1669800
P3,sycl,dpcpp-ocl-jitprecise-usm,cpu,conv,512,iso,900,1406800,1627300
P3,sycl,dpcpp-ocl-jitprecise-usm,cpu,conv,512,iso,901,1402500,1511600
P3,sycl,dpcpp-ocl-jitprecise-usm,cpu,conv,512,iso,902,1404000,1517600
P3,sycl,dpcpp-ocl-jitprecise-usm,cpu,conv,512,iso,903,1649600,1548600
P3,sycl,dpcpp-ocl-jitprecise-usm,cpu,conv,512,iso,904,1397500,1520700
P3,sycl,dpcpp-ocl-jitprecise-usm,cpu,conv,512,iso,905,1403500,1511300
P3,sycl,dpcpp-ocl-jitprecise-usm,cpu,conv,512,iso,906,1549800,1523500
P3,sycl,dpcpp-ocl-jitprecise-usm,cpu,conv,512,iso,907,1505900,1522000
P3,sycl,dpcpp-ocl-jitprecise-usm,cpu,conv,512,iso,908,1403200,1527100
P3,sycl,dpcpp-ocl-jitprecise-usm,cpu,conv,512,iso,909,1405200,1664900
P3,sycl,dpcpp-ocl-jitprecise-usm,cpu,conv,512,iso,910,1504100,1527400
P3,sycl,dpcpp-ocl-jitprecise-usm,cpu,conv,512,iso,911,1403300,1506600
P3,sycl,dpcpp-ocl-jitprecise-usm,cpu,conv,512,iso,912,1401700,1517500
P3,sycl,dpcpp-ocl-jitprecise-usm,cpu,conv,512,iso,913,1550900,1521900
P3,sycl,dpcpp-ocl-jitprecise-usm,cpu,conv,512,iso,914,1507400,1523600
P3,sycl,dpcpp-ocl-jitprecise-usm,cpu,conv,512,iso,915,1403600,1515500
P3,sycl,dpcpp-ocl-jitprecise-usm,cpu,conv,512,iso,916,1552500,1669700
P3,sycl,dpcpp-ocl-jitprecise-usm,cpu,conv,512,iso,917,1401600,1512000
P3,sycl,dpcpp-ocl-jitprecise-usm,cpu,conv,512,iso,918,1408300,1526800
P3,sycl,dpcpp-ocl-jitprecise-usm,cpu,conv,512,iso,919,1403100,1667300
P3,sycl,dpcpp-ocl-jitprecise-usm,cpu,conv,512,iso,920,1505400,1523100
P3,sycl,dpcpp-ocl-jitprecise-usm,cpu,conv,512,iso,921,1398200,1516000
P3,sycl,dpcpp-ocl-jitprecise-usm,cpu,conv,512,iso,922,1403700,1517400
P3,sycl,dpcpp-ocl-jitprecise-usm,cpu,conv,512,iso,923,1648000,1527400
P3,sycl,dpcpp-ocl-jitprecise-usm,cpu,conv,512,iso,924,1397500,1513500
P3,sycl,dpcpp-ocl-jitprecise-usm,cpu,conv,512,iso,925,1397200,1515300
P3,sycl,dpcpp-ocl-jitprecise-usm,cpu,conv,512,iso,926,1552300,1575600
P3,sycl,dpcpp-ocl-jitprecise-usm,cpu,conv,512,iso,927,1549000,1527000
P3,sycl,dpcpp-ocl-jitprecise-usm,cpu,conv,512,iso,928,1402600,1513400
P3,sycl,dpcpp-ocl-jitprecise-usm,cpu,conv,512,iso,929,1403100,1668500
P3,sycl,dpcpp-ocl-jitprecise-usm,cpu,conv,512,iso,930,1408200,1518300
P3,sycl,dpcpp-ocl-jitprecise-usm,cpu,conv,512,iso,931,1404100,1514000
P3,sycl,dpcpp-ocl-jitprecise-usm,cpu,conv,512,iso,932,1398300,1517400
P3,sycl,dpcpp-ocl-jitprecise-usm,cpu,conv,512,iso,933,1540100,1535900
P3,sycl,dpcpp-ocl-jitprecise-usm,cpu,conv,512,iso,934,1403400,1516300
P3,sycl,dpcpp-ocl-jitprecise-usm,cpu,conv,512,iso,935,1403300,1509600
P3,sycl,dpcpp-ocl-jitprecise-usm,cpu,conv,512,iso,936,1542700,1525200
P3,sycl,dpcpp-ocl-jitprecise-usm,cpu,conv,512,iso,937,1405800,1509800
P3,sycl,dpcpp-ocl-jitprecise-usm,cpu,conv,512,iso,938,1403400,1535200
P3,sycl,dpcpp-ocl-jitprecise-usm,cpu,conv,512,iso,939,1402900,1660700
P3,sycl,dpcpp-ocl-jitprecise-usm,cpu,conv,512,iso,940,1407400,1624700
P3,sycl,dpcpp-ocl-jitprecise-usm,cpu,conv,512,iso,941,1401900,1510400
P3,sycl,dpcpp-ocl-jitprecise-usm,cpu,conv,512,iso,942,1403900,1512700
P3,sycl,dpcpp-ocl-jitprecise-usm,cpu,conv,512,iso,943,1550500,1537100
P3,sycl,dpcpp-ocl-jitprecise-usm,cpu,conv,512,iso,944,1401600,1517200
P3,sycl,dpcpp-ocl-jitprecise-usm,cpu,conv,512,iso,945,1398300,1514100
P3,sycl,dpcpp-ocl-jitprecise-usm,cpu,conv,512,iso,946,1404000,1661300
P3,sycl,dpcpp-ocl-jitprecise-usm,cpu,conv,512,iso,947,1397900,1630500
P3,sycl,dpcpp-ocl-jitprecise-usm,cpu,conv,512,iso,948,1409300,1525700
P3,sycl,dpcpp-ocl-jitprecise-usm,cpu,conv,512,iso,949,1403800,1675700
P3,sycl,dpcpp-ocl-jitprecise-usm,cpu,conv,512,iso,950,1510700,1526000
P3,sycl,dpcpp-ocl-jitprecise-usm,cpu,conv,512,iso,951,1395300,1516600
P3,sycl,dpcpp-ocl-jitprecise-usm,cpu,conv,512,iso,952,1404000,1516900
P3,sycl,dpcpp-ocl-jitprecise-usm,cpu,conv,512,iso,953,1557400,1517500
P3,sycl,dpcpp-ocl-jitprecise-usm,cpu,conv,512,iso,954,1430300,1524000
P3,sycl,dpcpp-ocl-jitprecise-usm,cpu,conv,512,iso,955,1398600,1514900
P3,sycl,dpcpp-ocl-jitprecise-usm,cpu,conv,512,iso,956,1402700,1766300
P3,sycl,dpcpp-ocl-jitprecise-usm,cpu,conv,512,iso,957,1402900,1508800
P3,sycl,dpcpp-ocl-jitprecise-usm,cpu,conv,512,iso,958,1403600,1528500
P3,sycl,dpcpp-ocl-jitprecise-usm,cpu,conv,512,iso,959,1400300,1665800
P3,sycl,dpcpp-ocl-jitprecise-usm,cpu,conv,512,iso,960,1442400,1632900
P3,sycl,dpcpp-ocl-jitprecise-usm,cpu,conv,512,iso,961,1409600,1509600
P3,sycl,dpcpp-ocl-jitprecise-usm,cpu,conv,512,iso,962,1399300,1516400
P3,sycl,dpcpp-ocl-jitprecise-usm,cpu,conv,512,iso,963,1547600,1531100
P3,sycl,dpcpp-ocl-jitprecise-usm,cpu,conv,512,iso,964,1401600,1516600
P3,sycl,dpcpp-ocl-jitprecise-usm,cpu,conv,512,iso,965,1401600,1516200
P3,sycl,dpcpp-ocl-jitprecise-usm,cpu,conv,512,iso,966,1403600,1658300
P3,sycl,dpcpp-ocl-jitprecise-usm,cpu,conv,512,iso,967,1397100,1517900
P3,sycl,dpcpp-ocl-jitprecise-usm,cpu,conv,512,iso,968,1404300,1530600
P3,sycl,dpcpp-ocl-jitprecise-usm,cpu,conv,512,iso,969,1396800,1665600
P3,sycl,dpcpp-ocl-jitprecise-usm,cpu,conv,512,iso,970,1403600,1514200
P3,sycl,dpcpp-ocl-jitprecise-usm,cpu,conv,512,iso,971,1396600,1516100
P3,sycl,dpcpp-ocl-jitprecise-usm,cpu,conv,512,iso,972,1409300,1537200
P3,sycl,dpcpp-ocl-jitprecise-usm,cpu,conv,512,iso,973,1542400,1521400
P3,sycl,dpcpp-ocl-jitprecise-usm,cpu,conv,512,iso,974,1520800,1533100
P3,sycl,dpcpp-ocl-jitprecise-usm,cpu,conv,512,iso,975,1403600,1517600
P3,sycl,dpcpp-ocl-jitprecise-usm,cpu,conv,512,iso,976,1404100,1665300
P3,sycl,dpcpp-ocl-jitprecise-usm,cpu,conv,512,iso,977,1397600,1512900
P3,sycl,dpcpp-ocl-jitprecise-usm,cpu,conv,512,iso,978,1401900,1508700
P3,sycl,dpcpp-ocl-jitprecise-usm,cpu,conv,512,iso,979,1412600,1519600
P3,sycl,dpcpp-ocl-jitprecise-usm,cpu,conv,512,iso,980,1542100,1522300
P3,sycl,dpcpp-ocl-jitprecise-usm,cpu,conv,512,iso,981,1401500,1508500
P3,sycl,dpcpp-ocl-jitprecise-usm,cpu,conv,512,iso,982,1402500,1517500
P3,sycl,dpcpp-ocl-jitprecise-usm,cpu,conv,512,iso,983,1538000,1637400
P3,sycl,dpcpp-ocl-jitprecise-usm,cpu,conv,512,iso,984,1413500,1518600
P3,sycl,dpcpp-ocl-jitprecise-usm,cpu,conv,512,iso,985,1402000,1511100
P3,sycl,dpcpp-ocl-jitprecise-usm,cpu,conv,512,iso,986,1403600,1674600
P3,sycl,dpcpp-ocl-jitprecise-usm,cpu,conv,512,iso,987,1400600,1512000
P3,sycl,dpcpp-ocl-jitprecise-usm,cpu,conv,512,iso,988,1404000,1527700
P3,sycl,dpcpp-ocl-jitprecise-usm,cpu,conv,512,iso,989,1398600,1515000
P3,sycl,dpcpp-ocl-jitprecise-usm,cpu,conv,512,iso,990,1544700,1520500
P3,sycl,dpcpp-ocl-jitprecise-usm,cpu,conv,512,iso,991,1396500,1517000
P3,sycl,dpcpp-ocl-jitprecise-usm,cpu,conv,512,iso,992,1404200,1514800
P3,sycl,dpcpp-ocl-jitprecise-usm,cpu,conv,512,iso,993,1535300,1526900
P3,sycl,dpcpp-ocl-jitprecise-usm,cpu,conv,512,iso,994,1512800,1522300
P3,sycl,dpcpp-ocl-jitprecise-usm,cpu,conv,512,iso,995,1402100,1519700
P3,sycl,dpcpp-ocl-jitprecise-usm,cpu,conv,512,iso,996,1404500,1669300
P3,sycl,dpcpp-ocl-jitprecise-usm,cpu,conv,512,iso,997,1400300,1511100
P3,sycl,dpcpp-ocl-jitprecise-usm,cpu,conv,512,iso,998,1403900,1515100
P3,sycl,dpcpp-ocl-jitprecise-usm,cpu,conv,512,iso,999,1411200,1516800
P3,opencl,intel-ocl,cpu,conv,1024,iso,0,6068300,6827500
P3,opencl,intel-ocl,cpu,conv,1024,iso,1,6363000,6446300
P3,opencl,intel-ocl,cpu,conv,1024,iso,2,6464700,6683400
P3,opencl,intel-ocl,cpu,conv,1024,iso,3,6147300,6670500
P3,opencl,intel-ocl,cpu,conv,1024,iso,4,6369900,6395400
P3,opencl,intel-ocl,cpu,conv,1024,iso,5,6365100,6717500
P3,opencl,intel-ocl,cpu,conv,1024,iso,6,6126800,6752000
P3,opencl,intel-ocl,cpu,conv,1024,iso,7,6255100,6539300
P3,opencl,intel-ocl,cpu,conv,1024,iso,8,6411800,6633000
P3,opencl,intel-ocl,cpu,conv,1024,iso,9,6265800,6666500
P3,opencl,intel-ocl,cpu,conv,1024,iso,10,6153800,6646900
P3,opencl,intel-ocl,cpu,conv,1024,iso,11,6250800,6495800
P3,opencl,intel-ocl,cpu,conv,1024,iso,12,6366000,6582600
P3,opencl,intel-ocl,cpu,conv,1024,iso,13,6217000,6663200
P3,opencl,intel-ocl,cpu,conv,1024,iso,14,6231600,6511400
P3,opencl,intel-ocl,cpu,conv,1024,iso,15,6330200,6681800
P3,opencl,intel-ocl,cpu,conv,1024,iso,16,6255100,6643200
P3,opencl,intel-ocl,cpu,conv,1024,iso,17,6149800,6646600
P3,opencl,intel-ocl,cpu,conv,1024,iso,18,6353100,6394600
P3,opencl,intel-ocl,cpu,conv,1024,iso,19,6406900,6622400
P3,opencl,intel-ocl,cpu,conv,1024,iso,20,6117000,6656200
P3,opencl,intel-ocl,cpu,conv,1024,iso,21,6255900,6522700
P3,opencl,intel-ocl,cpu,conv,1024,iso,22,6332300,6554600
P3,opencl,intel-ocl,cpu,conv,1024,iso,23,6255300,6621800
P3,opencl,intel-ocl,cpu,conv,1024,iso,24,6161100,6639100
P3,opencl,intel-ocl,cpu,conv,1024,iso,25,6371500,6445500
P3,opencl,intel-ocl,cpu,conv,1024,iso,26,6374600,6664100
P3,opencl,intel-ocl,cpu,conv,1024,iso,27,6139100,6670900
P3,opencl,intel-ocl,cpu,conv,1024,iso,28,6235400,6520800
P3,opencl,intel-ocl,cpu,conv,1024,iso,29,6348400,6812800
P3,opencl,intel-ocl,cpu,conv,1024,iso,30,6286800,6985200
P3,opencl,intel-ocl,cpu,conv,1024,iso,31,6132100,6887800
P3,opencl,intel-ocl,cpu,conv,1024,iso,32,6376400,6472300
P3,opencl,intel-ocl,cpu,conv,1024,iso,33,6392500,6713000
P3,opencl,intel-ocl,cpu,conv,1024,iso,34,6118400,6718300
P3,opencl,intel-ocl,cpu,conv,1024,iso,35,6353500,6444900
P3,opencl,intel-ocl,cpu,conv,1024,iso,36,6367800,6679000
P3,opencl,intel-ocl,cpu,conv,1024,iso,37,6142300,6672200
P3,opencl,intel-ocl,cpu,conv,1024,iso,38,6268800,6500400
P3,opencl,intel-ocl,cpu,conv,1024,iso,39,6338700,6398600
P3,opencl,intel-ocl,cpu,conv,1024,iso,40,6371400,6625400
P3,opencl,intel-ocl,cpu,conv,1024,iso,41,6133900,6657400
P3,opencl,intel-ocl,cpu,conv,1024,iso,42,6235300,6504100
P3,opencl,intel-ocl,cpu,conv,1024,iso,43,6365600,6562200
P3,opencl,intel-ocl,cpu,conv,1024,iso,44,6262400,6722900
P3,opencl,intel-ocl,cpu,conv,1024,iso,45,6256200,6535600
P3,opencl,intel-ocl,cpu,conv,1024,iso,46,6365600,7024000
P3,opencl,intel-ocl,cpu,conv,1024,iso,47,6298300,6570300
P3,opencl,intel-ocl,cpu,conv,1024,iso,48,6145200,6577700
P3,opencl,intel-ocl,cpu,conv,1024,iso,49,6357700,6470300
P3,opencl,intel-ocl,cpu,conv,1024,iso,50,6415300,6643400
P3,opencl,intel-ocl,cpu,conv,1024,iso,51,6145700,6670700
P3,opencl,intel-ocl,cpu,conv,1024,iso,52,6252800,6534000
P3,opencl,intel-ocl,cpu,conv,1024,iso,53,6381600,6535700
P3,opencl,intel-ocl,cpu,conv,1024,iso,54,6228900,6644300
P3,opencl,intel-ocl,cpu,conv,1024,iso,55,6128500,6691200
P3,opencl,intel-ocl,cpu,conv,1024,iso,56,6378000,6418500
P3,opencl,intel-ocl,cpu,conv,1024,iso,57,6367700,6526900
P3,opencl,intel-ocl,cpu,conv,1024,iso,58,6264900,6774000
P3,opencl,intel-ocl,cpu,conv,1024,iso,59,6268000,6553600
P3,opencl,intel-ocl,cpu,conv,1024,iso,60,6390200,6537900
P3,opencl,intel-ocl,cpu,conv,1024,iso,61,6227300,6654500
P3,opencl,intel-ocl,cpu,conv,1024,iso,62,6132500,6707300
P3,opencl,intel-ocl,cpu,conv,1024,iso,63,6347000,6424700
P3,opencl,intel-ocl,cpu,conv,1024,iso,64,6383700,6666700
P3,opencl,intel-ocl,cpu,conv,1024,iso,65,6147800,6699500
P3,opencl,intel-ocl,cpu,conv,1024,iso,66,6256000,6540800
P3,opencl,intel-ocl,cpu,conv,1024,iso,67,6420500,6568800
P3,opencl,intel-ocl,cpu,conv,1024,iso,68,6252700,6707400
P3,opencl,intel-ocl,cpu,conv,1024,iso,69,6136400,6733200
P3,opencl,intel-ocl,cpu,conv,1024,iso,70,6337200,6551800
P3,opencl,intel-ocl,cpu,conv,1024,iso,71,6368500,6639400
P3,opencl,intel-ocl,cpu,conv,1024,iso,72,6139200,6682400
P3,opencl,intel-ocl,cpu,conv,1024,iso,73,6250700,6512900
P3,opencl,intel-ocl,cpu,conv,1024,iso,74,6390300,6549600
P3,opencl,intel-ocl,cpu,conv,1024,iso,75,6241400,6713500
P3,opencl,intel-ocl,cpu,conv,1024,iso,76,6263700,6542100
P3,opencl,intel-ocl,cpu,conv,1024,iso,77,6326800,6416900
P3,opencl,intel-ocl,cpu,conv,1024,iso,78,6381900,6632400
P3,opencl,intel-ocl,cpu,conv,1024,iso,79,6119100,6664800
P3,opencl,intel-ocl,cpu,conv,1024,iso,80,6347400,6399200
P3,opencl,intel-ocl,cpu,conv,1024,iso,81,6427700,6513100
P3,opencl,intel-ocl,cpu,conv,1024,iso,82,6223000,6659300
P3,opencl,intel-ocl,cpu,conv,1024,iso,83,6079300,6710600
P3,opencl,intel-ocl,cpu,conv,1024,iso,84,6356900,6435800
P3,opencl,intel-ocl,cpu,conv,1024,iso,85,6404300,6659200
P3,opencl,intel-ocl,cpu,conv,1024,iso,86,6297400,6745900
P3,opencl,intel-ocl,cpu,conv,1024,iso,87,6299400,6568400
P3,opencl,intel-ocl,cpu,conv,1024,iso,88,6393200,6543900
P3,opencl,intel-ocl,cpu,conv,1024,iso,89,6241200,6686500
P3,opencl,intel-ocl,cpu,conv,1024,iso,90,6235700,6552300
P3,opencl,intel-ocl,cpu,conv,1024,iso,91,6331300,6429500
P3,opencl,intel-ocl,cpu,conv,1024,iso,92,6400900,6642600
P3,opencl,intel-ocl,cpu,conv,1024,iso,93,6123500,6695100
P3,opencl,intel-ocl,cpu,conv,1024,iso,94,6360600,6400400
P3,opencl,intel-ocl,cpu,conv,1024,iso,95,6402600,6623400
P3,opencl,intel-ocl,cpu,conv,1024,iso,96,6152600,6655000
P3,opencl,intel-ocl,cpu,conv,1024,iso,97,6229600,6543800
P3,opencl,intel-ocl,cpu,conv,1024,iso,98,6362900,6444900
P3,opencl,intel-ocl,cpu,conv,1024,iso,99,6383800,6721800
P3,opencl,intel-ocl,cpu,conv,1024,iso,100,6124500,6716100
P3,opencl,intel-ocl,cpu,conv,1024,iso,101,6365400,6454800
P3,opencl,intel-ocl,cpu,conv,1024,iso,102,6383300,6656100
P3,opencl,intel-ocl,cpu,conv,1024,iso,103,6141500,6701000
P3,opencl,intel-ocl,cpu,conv,1024,iso,104,6231500,6538000
P3,opencl,intel-ocl,cpu,conv,1024,iso,105,6337100,6581500
P3,opencl,intel-ocl,cpu,conv,1024,iso,106,6261400,6649100
P3,opencl,intel-ocl,cpu,conv,1024,iso,107,6120200,6684600
P3,opencl,intel-ocl,cpu,conv,1024,iso,108,6365800,6519200
P3,opencl,intel-ocl,cpu,conv,1024,iso,109,6401300,6631800
P3,opencl,intel-ocl,cpu,conv,1024,iso,110,6137400,6653000
P3,opencl,intel-ocl,cpu,conv,1024,iso,111,6233700,6511100
P3,opencl,intel-ocl,cpu,conv,1024,iso,112,6433300,6539400
P3,opencl,intel-ocl,cpu,conv,1024,iso,113,6221200,6625900
P3,opencl,intel-ocl,cpu,conv,1024,iso,114,6192000,6649500
P3,opencl,intel-ocl,cpu,conv,1024,iso,115,6349400,6402000
P3,opencl,intel-ocl,cpu,conv,1024,iso,116,6381100,6505600
P3,opencl,intel-ocl,cpu,conv,1024,iso,117,6244700,6671900
P3,opencl,intel-ocl,cpu,conv,1024,iso,118,6269400,6512800
P3,opencl,intel-ocl,cpu,conv,1024,iso,119,6360700,6563700
P3,opencl,intel-ocl,cpu,conv,1024,iso,120,6216900,6660500
P3,opencl,intel-ocl,cpu,conv,1024,iso,121,6120600,6653400
P3,opencl,intel-ocl,cpu,conv,1024,iso,122,6353700,6397400
P3,opencl,intel-ocl,cpu,conv,1024,iso,123,6388200,6623700
P3,opencl,intel-ocl,cpu,conv,1024,iso,124,6139100,6751600
P3,opencl,intel-ocl,cpu,conv,1024,iso,125,6276000,7015500
P3,opencl,intel-ocl,cpu,conv,1024,iso,126,6250200,6544600
P3,opencl,intel-ocl,cpu,conv,1024,iso,127,6300300,6691900
P3,opencl,intel-ocl,cpu,conv,1024,iso,128,6120200,6698500
P3,opencl,intel-ocl,cpu,conv,1024,iso,129,6347800,6413100
P3,opencl,intel-ocl,cpu,conv,1024,iso,130,6384700,6651400
P3,opencl,intel-ocl,cpu,conv,1024,iso,131,6139900,6666100
P3,opencl,intel-ocl,cpu,conv,1024,iso,132,6241100,6532800
P3,opencl,intel-ocl,cpu,conv,1024,iso,133,6370900,6576700
P3,opencl,intel-ocl,cpu,conv,1024,iso,134,6224000,6660500
P3,opencl,intel-ocl,cpu,conv,1024,iso,135,6118900,6658400
P3,opencl,intel-ocl,cpu,conv,1024,iso,136,6349200,6397900
P3,opencl,intel-ocl,cpu,conv,1024,iso,137,6585500,6693800
P3,opencl,intel-ocl,cpu,conv,1024,iso,138,6153000,6677000
P3,opencl,intel-ocl,cpu,conv,1024,iso,139,6331400,6432800
P3,opencl,intel-ocl,cpu,conv,1024,iso,140,6383900,6545200
P3,opencl,intel-ocl,cpu,conv,1024,iso,141,6220900,6709100
P3,opencl,intel-ocl,cpu,conv,1024,iso,142,6230300,6520600
P3,opencl,intel-ocl,cpu,conv,1024,iso,143,6287700,6462800
P3,opencl,intel-ocl,cpu,conv,1024,iso,144,6389400,6640900
P3,opencl,intel-ocl,cpu,conv,1024,iso,145,6152000,6660100
P3,opencl,intel-ocl,cpu,conv,1024,iso,146,6371000,6460500
P3,opencl,intel-ocl,cpu,conv,1024,iso,147,6373500,6632000
P3,opencl,intel-ocl,cpu,conv,1024,iso,148,6223300,6688000
P3,opencl,intel-ocl,cpu,conv,1024,iso,149,6239000,6540000
P3,opencl,intel-ocl,cpu,conv,1024,iso,150,6360600,6409300
P3,opencl,intel-ocl,cpu,conv,1024,iso,151,6390700,6629800
P3,opencl,intel-ocl,cpu,conv,1024,iso,152,6139500,6643900
P3,opencl,intel-ocl,cpu,conv,1024,iso,153,6411900,6422600
P3,opencl,intel-ocl,cpu,conv,1024,iso,154,6362800,6539100
P3,opencl,intel-ocl,cpu,conv,1024,iso,155,6221400,6725600
P3,opencl,intel-ocl,cpu,conv,1024,iso,156,6265400,6513500
P3,opencl,intel-ocl,cpu,conv,1024,iso,157,6361700,6412000
P3,opencl,intel-ocl,cpu,conv,1024,iso,158,6400800,6631500
P3,opencl,intel-ocl,cpu,conv,1024,iso,159,6139700,6653100
P3,opencl,intel-ocl,cpu,conv,1024,iso,160,6248600,6578900
P3,opencl,intel-ocl,cpu,conv,1024,iso,161,6488900,6633900
P3,opencl,intel-ocl,cpu,conv,1024,iso,162,6236700,6744600
P3,opencl,intel-ocl,cpu,conv,1024,iso,163,6262800,6634800
P3,opencl,intel-ocl,cpu,conv,1024,iso,164,6427400,6867400
P3,opencl,intel-ocl,cpu,conv,1024,iso,165,6352000,6706000
P3,opencl,intel-ocl,cpu,conv,1024,iso,166,6113100,6782300
P3,opencl,intel-ocl,cpu,conv,1024,iso,167,6372300,6495900
P3,opencl,intel-ocl,cpu,conv,1024,iso,168,6385200,6727200
P3,opencl,intel-ocl,cpu,conv,1024,iso,169,6122100,6529800
P3,opencl,intel-ocl,cpu,conv,1024,iso,170,6223900,6356900
P3,opencl,intel-ocl,cpu,conv,1024,iso,171,6312300,6555200
P3,opencl,intel-ocl,cpu,conv,1024,iso,172,6067000,6421700
P3,opencl,intel-ocl,cpu,conv,1024,iso,173,6061200,6479000
P3,opencl,intel-ocl,cpu,conv,1024,iso,174,6307000,6356100
P3,opencl,intel-ocl,cpu,conv,1024,iso,175,6217000,6453000
P3,opencl,intel-ocl,cpu,conv,1024,iso,176,6044800,6585700
P3,opencl,intel-ocl,cpu,conv,1024,iso,177,6031200,6453100
P3,opencl,intel-ocl,cpu,conv,1024,iso,178,6206400,6313200
P3,opencl,intel-ocl,cpu,conv,1024,iso,179,6340500,6469000
P3,opencl,intel-ocl,cpu,conv,1024,iso,180,6058600,6435900
P3,opencl,intel-ocl,cpu,conv,1024,iso,181,6030700,6507300
P3,opencl,intel-ocl,cpu,conv,1024,iso,182,6304400,6395800
P3,opencl,intel-ocl,cpu,conv,1024,iso,183,6200500,6425200
P3,opencl,intel-ocl,cpu,conv,1024,iso,184,6073900,6580600
P3,opencl,intel-ocl,cpu,conv,1024,iso,185,6214500,6304500
P3,opencl,intel-ocl,cpu,conv,1024,iso,186,6197400,6401400
P3,opencl,intel-ocl,cpu,conv,1024,iso,187,6344900,6482800
P3,opencl,intel-ocl,cpu,conv,1024,iso,188,6031100,6444300
P3,opencl,intel-ocl,cpu,conv,1024,iso,189,6187200,6331800
P3,opencl,intel-ocl,cpu,conv,1024,iso,190,6332600,6338300
P3,opencl,intel-ocl,cpu,conv,1024,iso,191,6208400,6466700
P3,opencl,intel-ocl,cpu,conv,1024,iso,192,6087500,6632100
P3,opencl,intel-ocl,cpu,conv,1024,iso,193,6216200,6318400
P3,opencl,intel-ocl,cpu,conv,1024,iso,194,6241000,6459200
P3,opencl,intel-ocl,cpu,conv,1024,iso,195,6238300,6494000
P3,opencl,intel-ocl,cpu,conv,1024,iso,196,6023600,6447700
P3,opencl,intel-ocl,cpu,conv,1024,iso,197,6189800,6352800
P3,opencl,intel-ocl,cpu,conv,1024,iso,198,6360600,6476100
P3,opencl,intel-ocl,cpu,conv,1024,iso,199,6054500,6441600
P3,opencl,intel-ocl,cpu,conv,1024,iso,200,6056600,6631800
P3,opencl,intel-ocl,cpu,conv,1024,iso,201,6202600,6327700
P3,opencl,intel-ocl,cpu,conv,1024,iso,202,6326000,6503600
P3,opencl,intel-ocl,cpu,conv,1024,iso,203,6316400,7172300
P3,opencl,intel-ocl,cpu,conv,1024,iso,204,6132000,6645200
P3,opencl,intel-ocl,cpu,conv,1024,iso,205,6350000,6583200
P3,opencl,intel-ocl,cpu,conv,1024,iso,206,6472300,6854900
P3,opencl,intel-ocl,cpu,conv,1024,iso,207,6237400,6479800
P3,opencl,intel-ocl,cpu,conv,1024,iso,208,6272000,6458200
P3,opencl,intel-ocl,cpu,conv,1024,iso,209,6281900,6687700
P3,opencl,intel-ocl,cpu,conv,1024,iso,210,6086100,6546500
P3,opencl,intel-ocl,cpu,conv,1024,iso,211,6216500,6355300
P3,opencl,intel-ocl,cpu,conv,1024,iso,212,6324100,6532600
P3,opencl,intel-ocl,cpu,conv,1024,iso,213,6062700,6504800
P3,opencl,intel-ocl,cpu,conv,1024,iso,214,6028700,6651500
P3,opencl,intel-ocl,cpu,conv,1024,iso,215,6189300,6302700
P3,opencl,intel-ocl,cpu,conv,1024,iso,216,6180000,6421000
P3,opencl,intel-ocl,cpu,conv,1024,iso,217,6125900,6598600
P3,opencl,intel-ocl,cpu,conv,1024,iso,218,6238400,6335500
P3,opencl,intel-ocl,cpu,conv,1024,iso,219,6204500,6334200
P3,opencl,intel-ocl,cpu,conv,1024,iso,220,6333700,6484100
P3,opencl,intel-ocl,cpu,conv,1024,iso,221,6026800,6440500
P3,opencl,intel-ocl,cpu,conv,1024,iso,222,6205700,6348600
P3,opencl,intel-ocl,cpu,conv,1024,iso,223,6359800,6349700
P3,opencl,intel-ocl,cpu,conv,1024,iso,224,6227000,6449600
P3,opencl,intel-ocl,cpu,conv,1024,iso,225,6029700,6623400
P3,opencl,intel-ocl,cpu,conv,1024,iso,226,6183900,6330900
P3,opencl,intel-ocl,cpu,conv,1024,iso,227,6296700,6303600
P3,opencl,intel-ocl,cpu,conv,1024,iso,228,6359400,6481300
P3,opencl,intel-ocl,cpu,conv,1024,iso,229,6028500,6455500
P3,opencl,intel-ocl,cpu,conv,1024,iso,230,6179100,6490900
P3,opencl,intel-ocl,cpu,conv,1024,iso,231,6230400,6445600
P3,opencl,intel-ocl,cpu,conv,1024,iso,232,6064900,6581400
P3,opencl,intel-ocl,cpu,conv,1024,iso,233,6061900,6629100
P3,opencl,intel-ocl,cpu,conv,1024,iso,234,6290700,6371800
P3,opencl,intel-ocl,cpu,conv,1024,iso,235,6335300,6642100
P3,opencl,intel-ocl,cpu,conv,1024,iso,236,6094900,6630000
P3,opencl,intel-ocl,cpu,conv,1024,iso,237,6205000,6478700
P3,opencl,intel-ocl,cpu,conv,1024,iso,238,6342400,6348800
P3,opencl,intel-ocl,cpu,conv,1024,iso,239,6366100,6597900
P3,opencl,intel-ocl,cpu,conv,1024,iso,240,6074700,6633500
P3,opencl,intel-ocl,cpu,conv,1024,iso,241,6298800,6448500
P3,opencl,intel-ocl,cpu,conv,1024,iso,242,6441700,6609800
P3,opencl,intel-ocl,cpu,conv,1024,iso,243,6251000,6715600
P3,opencl,intel-ocl,cpu,conv,1024,iso,244,6301300,6555000
P3,opencl,intel-ocl,cpu,conv,1024,iso,245,6366800,6431800
P3,opencl,intel-ocl,cpu,conv,1024,iso,246,6381100,6674600
P3,opencl,intel-ocl,cpu,conv,1024,iso,247,6119100,6693300
P3,opencl,intel-ocl,cpu,conv,1024,iso,248,6363800,6434200
P3,opencl,intel-ocl,cpu,conv,1024,iso,249,6363000,6560400
P3,opencl,intel-ocl,cpu,conv,1024,iso,250,6243400,6663700
P3,opencl,intel-ocl,cpu,conv,1024,iso,251,6258700,6501900
P3,opencl,intel-ocl,cpu,conv,1024,iso,252,6359000,6399900
P3,opencl,intel-ocl,cpu,conv,1024,iso,253,6365600,6636200
P3,opencl,intel-ocl,cpu,conv,1024,iso,254,6125600,6725100
P3,opencl,intel-ocl,cpu,conv,1024,iso,255,6353400,6457400
P3,opencl,intel-ocl,cpu,conv,1024,iso,256,6366600,6533700
P3,opencl,intel-ocl,cpu,conv,1024,iso,257,6265900,6683800
P3,opencl,intel-ocl,cpu,conv,1024,iso,258,6279300,6529700
P3,opencl,intel-ocl,cpu,conv,1024,iso,259,6352400,6569700
P3,opencl,intel-ocl,cpu,conv,1024,iso,260,6222200,6695400
P3,opencl,intel-ocl,cpu,conv,1024,iso,261,6122400,6675000
P3,opencl,intel-ocl,cpu,conv,1024,iso,262,6333600,6415100
P3,opencl,intel-ocl,cpu,conv,1024,iso,263,6373000,6636700
P3,opencl,intel-ocl,cpu,conv,1024,iso,264,6148400,6644100
P3,opencl,intel-ocl,cpu,conv,1024,iso,265,6293200,6630200
P3,opencl,intel-ocl,cpu,conv,1024,iso,266,6353700,6592500
P3,opencl,intel-ocl,cpu,conv,1024,iso,267,6256600,6630200
P3,opencl,intel-ocl,cpu,conv,1024,iso,268,6119300,6664400
P3,opencl,intel-ocl,cpu,conv,1024,iso,269,6356600,6437100
P3,opencl,intel-ocl,cpu,conv,1024,iso,270,6368400,6634200
P3,opencl,intel-ocl,cpu,conv,1024,iso,271,6276200,6684300
P3,opencl,intel-ocl,cpu,conv,1024,iso,272,6270400,6512400
P3,opencl,intel-ocl,cpu,conv,1024,iso,273,6376700,6573900
P3,opencl,intel-ocl,cpu,conv,1024,iso,274,6223600,6632000
P3,opencl,intel-ocl,cpu,conv,1024,iso,275,6120100,6656800
P3,opencl,intel-ocl,cpu,conv,1024,iso,276,6337100,6412100
P3,opencl,intel-ocl,cpu,conv,1024,iso,277,6366100,6668400
P3,opencl,intel-ocl,cpu,conv,1024,iso,278,6121600,6649100
P3,opencl,intel-ocl,cpu,conv,1024,iso,279,6281700,6504900
P3,opencl,intel-ocl,cpu,conv,1024,iso,280,6348800,6576300
P3,opencl,intel-ocl,cpu,conv,1024,iso,281,6306800,6613300
P3,opencl,intel-ocl,cpu,conv,1024,iso,282,6629000,6661700
P3,opencl,intel-ocl,cpu,conv,1024,iso,283,6205300,6489800
P3,opencl,intel-ocl,cpu,conv,1024,iso,284,6237000,6536400
P3,opencl,intel-ocl,cpu,conv,1024,iso,285,6134500,6713800
P3,opencl,intel-ocl,cpu,conv,1024,iso,286,6270500,6528800
P3,opencl,intel-ocl,cpu,conv,1024,iso,287,6352400,6567000
P3,opencl,intel-ocl,cpu,conv,1024,iso,288,6227800,6626900
P3,opencl,intel-ocl,cpu,conv,1024,iso,289,6141800,6683000
P3,opencl,intel-ocl,cpu,conv,1024,iso,290,6339900,6429200
P3,opencl,intel-ocl,cpu,conv,1024,iso,291,6368700,6651500
P3,opencl,intel-ocl,cpu,conv,1024,iso,292,6156200,6645600
P3,opencl,intel-ocl,cpu,conv,1024,iso,293,6245800,6508800
P3,opencl,intel-ocl,cpu,conv,1024,iso,294,6409900,6533000
P3,opencl,intel-ocl,cpu,conv,1024,iso,295,6226500,6626100
P3,opencl,intel-ocl,cpu,conv,1024,iso,296,6118500,6663100
P3,opencl,intel-ocl,cpu,conv,1024,iso,297,6328600,6428600
P3,opencl,intel-ocl,cpu,conv,1024,iso,298,6396200,6614700
P3,opencl,intel-ocl,cpu,conv,1024,iso,299,6137200,6638100
P3,opencl,intel-ocl,cpu,conv,1024,iso,300,6258800,6545400
P3,opencl,intel-ocl,cpu,conv,1024,iso,301,6372100,6555300
P3,opencl,intel-ocl,cpu,conv,1024,iso,302,6226500,6649500
P3,opencl,intel-ocl,cpu,conv,1024,iso,303,6140700,6677800
P3,opencl,intel-ocl,cpu,conv,1024,iso,304,6364200,6536800
P3,opencl,intel-ocl,cpu,conv,1024,iso,305,6369900,6617400
P3,opencl,intel-ocl,cpu,conv,1024,iso,306,6180900,6655700
P3,opencl,intel-ocl,cpu,conv,1024,iso,307,6254100,6510100
P3,opencl,intel-ocl,cpu,conv,1024,iso,308,6360300,6611400
P3,opencl,intel-ocl,cpu,conv,1024,iso,309,6242400,6692800
P3,opencl,intel-ocl,cpu,conv,1024,iso,310,6119000,6735100
P3,opencl,intel-ocl,cpu,conv,1024,iso,311,6363200,6479400
P3,opencl,intel-ocl,cpu,conv,1024,iso,312,6408000,6685700
P3,opencl,intel-ocl,cpu,conv,1024,iso,313,6126700,6688000
P3,opencl,intel-ocl,cpu,conv,1024,iso,314,6353400,6430900
P3,opencl,intel-ocl,cpu,conv,1024,iso,315,6390400,6555900
P3,opencl,intel-ocl,cpu,conv,1024,iso,316,6220000,6712700
P3,opencl,intel-ocl,cpu,conv,1024,iso,317,6079000,6689100
P3,opencl,intel-ocl,cpu,conv,1024,iso,318,6349100,6420300
P3,opencl,intel-ocl,cpu,conv,1024,iso,319,6374500,6635600
P3,opencl,intel-ocl,cpu,conv,1024,iso,320,6270300,6747300
P3,opencl,intel-ocl,cpu,conv,1024,iso,321,6373300,6446300
P3,opencl,intel-ocl,cpu,conv,1024,iso,322,6384700,6584400
P3,opencl,intel-ocl,cpu,conv,1024,iso,323,6240000,6697900
P3,opencl,intel-ocl,cpu,conv,1024,iso,324,6230300,6544100
P3,opencl,intel-ocl,cpu,conv,1024,iso,325,6334700,6429200
P3,opencl,intel-ocl,cpu,conv,1024,iso,326,6367500,6661500
P3,opencl,intel-ocl,cpu,conv,1024,iso,327,6123000,6670600
P3,opencl,intel-ocl,cpu,conv,1024,iso,328,6356300,6426100
P3,opencl,intel-ocl,cpu,conv,1024,iso,329,6417000,6529600
P3,opencl,intel-ocl,cpu,conv,1024,iso,330,6251200,6660300
P3,opencl,intel-ocl,cpu,conv,1024,iso,331,6233600,6526400
P3,opencl,intel-ocl,cpu,conv,1024,iso,332,6367500,6416200
P3,opencl,intel-ocl,cpu,conv,1024,iso,333,6368900,6629800
P3,opencl,intel-ocl,cpu,conv,1024,iso,334,6119500,6638800
P3,opencl,intel-ocl,cpu,conv,1024,iso,335,6400500,6399900
P3,opencl,intel-ocl,cpu,conv,1024,iso,336,6382100,6518300
P3,opencl,intel-ocl,cpu,conv,1024,iso,337,6245400,6606000
P3,opencl,intel-ocl,cpu,conv,1024,iso,338,6285000,6529200
P3,opencl,intel-ocl,cpu,conv,1024,iso,339,6332100,6411400
P3,opencl,intel-ocl,cpu,conv,1024,iso,340,6370300,6605200
P3,opencl,intel-ocl,cpu,conv,1024,iso,341,6155000,6684800
P3,opencl,intel-ocl,cpu,conv,1024,iso,342,6362900,6494300
P3,opencl,intel-ocl,cpu,conv,1024,iso,343,6386600,6521000
P3,opencl,intel-ocl,cpu,conv,1024,iso,344,6258100,6613700
P3,opencl,intel-ocl,cpu,conv,1024,iso,345,6266900,6533300
P3,opencl,intel-ocl,cpu,conv,1024,iso,346,6334300,6410400
P3,opencl,intel-ocl,cpu,conv,1024,iso,347,6392300,6659700
P3,opencl,intel-ocl,cpu,conv,1024,iso,348,6121100,6688100
P3,opencl,intel-ocl,cpu,conv,1024,iso,349,6256400,6578200
P3,opencl,intel-ocl,cpu,conv,1024,iso,350,6389500,6550700
P3,opencl,intel-ocl,cpu,conv,1024,iso,351,6230400,6694400
P3,opencl,intel-ocl,cpu,conv,1024,iso,352,6235000,6567000
P3,opencl,intel-ocl,cpu,conv,1024,iso,353,6333000,6428300
P3,opencl,intel-ocl,cpu,conv,1024,iso,354,6398200,6651400
P3,opencl,intel-ocl,cpu,conv,1024,iso,355,6120100,6675000
P3,opencl,intel-ocl,cpu,conv,1024,iso,356,6350100,6402200
P3,opencl,intel-ocl,cpu,conv,1024,iso,357,6408200,6510000
P3,opencl,intel-ocl,cpu,conv,1024,iso,358,6230800,6768200
P3,opencl,intel-ocl,cpu,conv,1024,iso,359,6231900,6525800
P3,opencl,intel-ocl,cpu,conv,1024,iso,360,6367100,7007500
P3,opencl,intel-ocl,cpu,conv,1024,iso,361,6245600,6597100
P3,opencl,intel-ocl,cpu,conv,1024,iso,362,6125100,6588600
P3,opencl,intel-ocl,cpu,conv,1024,iso,363,6356800,6444200
P3,opencl,intel-ocl,cpu,conv,1024,iso,364,6388800,6641200
P3,opencl,intel-ocl,cpu,conv,1024,iso,365,6140400,6661800
P3,opencl,intel-ocl,cpu,conv,1024,iso,366,6267700,6571200
P3,opencl,intel-ocl,cpu,conv,1024,iso,367,6332500,6592500
P3,opencl,intel-ocl,cpu,conv,1024,iso,368,6230800,6662500
P3,opencl,intel-ocl,cpu,conv,1024,iso,369,6124700,6678300
P3,opencl,intel-ocl,cpu,conv,1024,iso,370,6364000,6407900
P3,opencl,intel-ocl,cpu,conv,1024,iso,371,6385200,6618800
P3,opencl,intel-ocl,cpu,conv,1024,iso,372,6131500,6707300
P3,opencl,intel-ocl,cpu,conv,1024,iso,373,6229500,6522400
P3,opencl,intel-ocl,cpu,conv,1024,iso,374,6333600,6595200
P3,opencl,intel-ocl,cpu,conv,1024,iso,375,6223800,6639300
P3,opencl,intel-ocl,cpu,conv,1024,iso,376,6117000,6650200
P3,opencl,intel-ocl,cpu,conv,1024,iso,377,6352900,6396500
P3,opencl,intel-ocl,cpu,conv,1024,iso,378,6421800,6761000
P3,opencl,intel-ocl,cpu,conv,1024,iso,379,6141400,6672300
P3,opencl,intel-ocl,cpu,conv,1024,iso,380,6239000,6545300
P3,opencl,intel-ocl,cpu,conv,1024,iso,381,6383400,6638900
P3,opencl,intel-ocl,cpu,conv,1024,iso,382,6221700,6642100
P3,opencl,intel-ocl,cpu,conv,1024,iso,383,6141600,6663600
P3,opencl,intel-ocl,cpu,conv,1024,iso,384,6386800,6426400
P3,opencl,intel-ocl,cpu,conv,1024,iso,385,6427100,6660700
P3,opencl,intel-ocl,cpu,conv,1024,iso,386,6139700,6680900
P3,opencl,intel-ocl,cpu,conv,1024,iso,387,6257800,6557800
P3,opencl,intel-ocl,cpu,conv,1024,iso,388,6364600,6551000
P3,opencl,intel-ocl,cpu,conv,1024,iso,389,6231200,6638200
P3,opencl,intel-ocl,cpu,conv,1024,iso,390,6128000,6655800
P3,opencl,intel-ocl,cpu,conv,1024,iso,391,6400300,6393900
P3,opencl,intel-ocl,cpu,conv,1024,iso,392,6390000,6672200
P3,opencl,intel-ocl,cpu,conv,1024,iso,393,6140500,6656400
P3,opencl,intel-ocl,cpu,conv,1024,iso,394,6237300,6523100
P3,opencl,intel-ocl,cpu,conv,1024,iso,395,6328800,6592300
P3,opencl,intel-ocl,cpu,conv,1024,iso,396,6223200,6652200
P3,opencl,intel-ocl,cpu,conv,1024,iso,397,6129000,6777700
P3,opencl,intel-ocl,cpu,conv,1024,iso,398,6296200,6439100
P3,opencl,intel-ocl,cpu,conv,1024,iso,399,6238000,6534300
P3,opencl,intel-ocl,cpu,conv,1024,iso,400,6138700,6681700
P3,opencl,intel-ocl,cpu,conv,1024,iso,401,6251900,6538600
P3,opencl,intel-ocl,cpu,conv,1024,iso,402,6268700,6665900
P3,opencl,intel-ocl,cpu,conv,1024,iso,403,6285100,6601300
P3,opencl,intel-ocl,cpu,conv,1024,iso,404,6082200,6517500
P3,opencl,intel-ocl,cpu,conv,1024,iso,405,6350300,6446100
P3,opencl,intel-ocl,cpu,conv,1024,iso,406,6388700,6545400
P3,opencl,intel-ocl,cpu,conv,1024,iso,407,6065300,6464500
P3,opencl,intel-ocl,cpu,conv,1024,iso,408,6054100,6635900
P3,opencl,intel-ocl,cpu,conv,1024,iso,409,6207200,6361500
P3,opencl,intel-ocl,cpu,conv,1024,iso,410,6190200,6563600
P3,opencl,intel-ocl,cpu,conv,1024,iso,411,6050400,6466800
P3,opencl,intel-ocl,cpu,conv,1024,iso,412,6194500,6358700
P3,opencl,intel-ocl,cpu,conv,1024,iso,413,6352300,6363700
P3,opencl,intel-ocl,cpu,conv,1024,iso,414,6198400,6452400
P3,opencl,intel-ocl,cpu,conv,1024,iso,415,6030100,6533100
P3,opencl,intel-ocl,cpu,conv,1024,iso,416,6169000,6578900
P3,opencl,intel-ocl,cpu,conv,1024,iso,417,6350100,6519100
P3,opencl,intel-ocl,cpu,conv,1024,iso,418,6112600,6477500
P3,opencl,intel-ocl,cpu,conv,1024,iso,419,6058300,6493900
P3,opencl,intel-ocl,cpu,conv,1024,iso,420,6296700,6417200
P3,opencl,intel-ocl,cpu,conv,1024,iso,421,6201500,6560200
P3,opencl,intel-ocl,cpu,conv,1024,iso,422,6036900,6603600
P3,opencl,intel-ocl,cpu,conv,1024,iso,423,6032600,6449300
P3,opencl,intel-ocl,cpu,conv,1024,iso,424,6198700,6289300
P3,opencl,intel-ocl,cpu,conv,1024,iso,425,6221400,6555400
P3,opencl,intel-ocl,cpu,conv,1024,iso,426,6096800,6509000
P3,opencl,intel-ocl,cpu,conv,1024,iso,427,6148900,6347300
P3,opencl,intel-ocl,cpu,conv,1024,iso,428,6340000,6359100
P3,opencl,intel-ocl,cpu,conv,1024,iso,429,6231500,6454600
P3,opencl,intel-ocl,cpu,conv,1024,iso,430,6030500,6640300
P3,opencl,intel-ocl,cpu,conv,1024,iso,431,6204000,6542400
P3,opencl,intel-ocl,cpu,conv,1024,iso,432,6367500,6479700
P3,opencl,intel-ocl,cpu,conv,1024,iso,433,6062700,6597400
P3,opencl,intel-ocl,cpu,conv,1024,iso,434,6083600,6500400
P3,opencl,intel-ocl,cpu,conv,1024,iso,435,6283600,6376200
P3,opencl,intel-ocl,cpu,conv,1024,iso,436,6358600,6481800
P3,opencl,intel-ocl,cpu,conv,1024,iso,437,6152400,6449600
P3,opencl,intel-ocl,cpu,conv,1024,iso,438,6040100,6597300
P3,opencl,intel-ocl,cpu,conv,1024,iso,439,6497500,6376500
P3,opencl,intel-ocl,cpu,conv,1024,iso,440,6065000,6610600
P3,opencl,intel-ocl,cpu,conv,1024,iso,441,6127900,6688600
P3,opencl,intel-ocl,cpu,conv,1024,iso,442,6207700,6336900
P3,opencl,intel-ocl,cpu,conv,1024,iso,443,6209700,6308500
P3,opencl,intel-ocl,cpu,conv,1024,iso,444,6399500,6482100
P3,opencl,intel-ocl,cpu,conv,1024,iso,445,6080700,6453400
P3,opencl,intel-ocl,cpu,conv,1024,iso,446,6165100,6533000
P3,opencl,intel-ocl,cpu,conv,1024,iso,447,6188300,6479700
P3,opencl,intel-ocl,cpu,conv,1024,iso,448,6207900,6490700
P3,opencl,intel-ocl,cpu,conv,1024,iso,449,6064800,6619700
P3,opencl,intel-ocl,cpu,conv,1024,iso,450,6226200,6277200
P3,opencl,intel-ocl,cpu,conv,1024,iso,451,6231600,6436100
P3,opencl,intel-ocl,cpu,conv,1024,iso,452,6213100,6472000
P3,opencl,intel-ocl,cpu,conv,1024,iso,453,6024400,6506200
P3,opencl,intel-ocl,cpu,conv,1024,iso,454,6322300,6363700
P3,opencl,intel-ocl,cpu,conv,1024,iso,455,6208200,6420200
P3,opencl,intel-ocl,cpu,conv,1024,iso,456,6045700,6457900
P3,opencl,intel-ocl,cpu,conv,1024,iso,457,6192100,6545900
P3,opencl,intel-ocl,cpu,conv,1024,iso,458,6222000,6303900
P3,opencl,intel-ocl,cpu,conv,1024,iso,459,6188400,6560800
P3,opencl,intel-ocl,cpu,conv,1024,iso,460,6111000,6487200
P3,opencl,intel-ocl,cpu,conv,1024,iso,461,6262700,6303600
P3,opencl,intel-ocl,cpu,conv,1024,iso,462,6300000,6403700
P3,opencl,intel-ocl,cpu,conv,1024,iso,463,6227800,6444100
P3,opencl,intel-ocl,cpu,conv,1024,iso,464,6044200,6474900
P3,opencl,intel-ocl,cpu,conv,1024,iso,465,6208600,6492300
P3,opencl,intel-ocl,cpu,conv,1024,iso,466,6262600,6449000
P3,opencl,intel-ocl,cpu,conv,1024,iso,467,6197200,6675000
P3,opencl,intel-ocl,cpu,conv,1024,iso,468,6026700,6627000
P3,opencl,intel-ocl,cpu,conv,1024,iso,469,6327100,6348800
P3,opencl,intel-ocl,cpu,conv,1024,iso,470,6376900,6558000
P3,opencl,intel-ocl,cpu,conv,1024,iso,471,6151800,6657800
P3,opencl,intel-ocl,cpu,conv,1024,iso,472,6287700,6523900
P3,opencl,intel-ocl,cpu,conv,1024,iso,473,6331200,6567800
P3,opencl,intel-ocl,cpu,conv,1024,iso,474,6225000,6624200
P3,opencl,intel-ocl,cpu,conv,1024,iso,475,6134600,6672800
P3,opencl,intel-ocl,cpu,conv,1024,iso,476,6261400,6628000
P3,opencl,intel-ocl,cpu,conv,1024,iso,477,6404900,6657100
P3,opencl,intel-ocl,cpu,conv,1024,iso,478,6193700,6735000
P3,opencl,intel-ocl,cpu,conv,1024,iso,479,6238200,6566500
P3,opencl,intel-ocl,cpu,conv,1024,iso,480,6370700,6575500
P3,opencl,intel-ocl,cpu,conv,1024,iso,481,6223900,6652100
P3,opencl,intel-ocl,cpu,conv,1024,iso,482,6123200,6672800
P3,opencl,intel-ocl,cpu,conv,1024,iso,483,6346400,6420800
P3,opencl,intel-ocl,cpu,conv,1024,iso,484,6381300,6654300
P3,opencl,intel-ocl,cpu,conv,1024,iso,485,6142000,6649200
P3,opencl,intel-ocl,cpu,conv,1024,iso,486,6226200,6551000
P3,opencl,intel-ocl,cpu,conv,1024,iso,487,6364300,6552300
P3,opencl,intel-ocl,cpu,conv,1024,iso,488,6222300,6783100
P3,opencl,intel-ocl,cpu,conv,1024,iso,489,6119600,6680000
P3,opencl,intel-ocl,cpu,conv,1024,iso,490,6355100,6398600
P3,opencl,intel-ocl,cpu,conv,1024,iso,491,6485500,6616200
P3,opencl,intel-ocl,cpu,conv,1024,iso,492,6134300,6662500
P3,opencl,intel-ocl,cpu,conv,1024,iso,493,6332700,6417000
P3,opencl,intel-ocl,cpu,conv,1024,iso,494,6364500,6532000
P3,opencl,intel-ocl,cpu,conv,1024,iso,495,6222900,6639600
P3,opencl,intel-ocl,cpu,conv,1024,iso,496,6124600,6668600
P3,opencl,intel-ocl,cpu,conv,1024,iso,497,6395900,6401200
P3,opencl,intel-ocl,cpu,conv,1024,iso,498,6388600,6624000
P3,opencl,intel-ocl,cpu,conv,1024,iso,499,6142900,6735100
P3,sycl,dpcpp-ocl-jit-usm,cpu,conv,1024,iso,0,6074100,6347300
P3,sycl,dpcpp-ocl-jit-usm,cpu,conv,1024,iso,1,6062700,6707000
P3,sycl,dpcpp-ocl-jit-usm,cpu,conv,1024,iso,2,5854200,6589300
P3,sycl,dpcpp-ocl-jit-usm,cpu,conv,1024,iso,3,5972000,6401600
P3,sycl,dpcpp-ocl-jit-usm,cpu,conv,1024,iso,4,6104900,6286700
P3,sycl,dpcpp-ocl-jit-usm,cpu,conv,1024,iso,5,6087700,6579300
P3,sycl,dpcpp-ocl-jit-usm,cpu,conv,1024,iso,6,5824600,6570800
P3,sycl,dpcpp-ocl-jit-usm,cpu,conv,1024,iso,7,5967100,6472200
P3,sycl,dpcpp-ocl-jit-usm,cpu,conv,1024,iso,8,6088200,6336200
P3,sycl,dpcpp-ocl-jit-usm,cpu,conv,1024,iso,9,6097000,6619300
P3,sycl,dpcpp-ocl-jit-usm,cpu,conv,1024,iso,10,5816700,6593200
P3,sycl,dpcpp-ocl-jit-usm,cpu,conv,1024,iso,11,5990800,6465000
P3,sycl,dpcpp-ocl-jit-usm,cpu,conv,1024,iso,12,6090600,6298400
P3,sycl,dpcpp-ocl-jit-usm,cpu,conv,1024,iso,13,6067100,6555100
P3,sycl,dpcpp-ocl-jit-usm,cpu,conv,1024,iso,14,5840100,6589000
P3,sycl,dpcpp-ocl-jit-usm,cpu,conv,1024,iso,15,5988900,6431200
P3,sycl,dpcpp-ocl-jit-usm,cpu,conv,1024,iso,16,6058500,6529400
P3,sycl,dpcpp-ocl-jit-usm,cpu,conv,1024,iso,17,6149000,6706800
P3,sycl,dpcpp-ocl-jit-usm,cpu,conv,1024,iso,18,5823900,6580200
P3,sycl,dpcpp-ocl-jit-usm,cpu,conv,1024,iso,19,5966400,6450400
P3,sycl,dpcpp-ocl-jit-usm,cpu,conv,1024,iso,20,6090000,6335300
P3,sycl,dpcpp-ocl-jit-usm,cpu,conv,1024,iso,21,6138000,6714900
P3,sycl,dpcpp-ocl-jit-usm,cpu,conv,1024,iso,22,5854100,6618100
P3,sycl,dpcpp-ocl-jit-usm,cpu,conv,1024,iso,23,6112300,6480200
P3,sycl,dpcpp-ocl-jit-usm,cpu,conv,1024,iso,24,6091500,6474800
P3,sycl,dpcpp-ocl-jit-usm,cpu,conv,1024,iso,25,5923500,6612900
P3,sycl,dpcpp-ocl-jit-usm,cpu,conv,1024,iso,26,5831100,6700200
P3,sycl,dpcpp-ocl-jit-usm,cpu,conv,1024,iso,27,6021200,6587600
P3,sycl,dpcpp-ocl-jit-usm,cpu,conv,1024,iso,28,6131900,6514700
P3,sycl,dpcpp-ocl-jit-usm,cpu,conv,1024,iso,29,5947500,6642100
P3,sycl,dpcpp-ocl-jit-usm,cpu,conv,1024,iso,30,5824400,6548100
P3,sycl,dpcpp-ocl-jit-usm,cpu,conv,1024,iso,31,5954700,6449100
P3,sycl,dpcpp-ocl-jit-usm,cpu,conv,1024,iso,32,6089500,6418000
P3,sycl,dpcpp-ocl-jit-usm,cpu,conv,1024,iso,33,5945700,6438300
P3,sycl,dpcpp-ocl-jit-usm,cpu,conv,1024,iso,34,5983800,6515400
P3,sycl,dpcpp-ocl-jit-usm,cpu,conv,1024,iso,35,6088300,6246500
P3,sycl,dpcpp-ocl-jit-usm,cpu,conv,1024,iso,36,5979100,6187800
P3,sycl,dpcpp-ocl-jit-usm,cpu,conv,1024,iso,37,6084800,6466000
P3,sycl,dpcpp-ocl-jit-usm,cpu,conv,1024,iso,38,5824400,6285000
P3,sycl,dpcpp-ocl-jit-usm,cpu,conv,1024,iso,39,5989500,6108300
P3,sycl,dpcpp-ocl-jit-usm,cpu,conv,1024,iso,40,5954300,6110400
P3,sycl,dpcpp-ocl-jit-usm,cpu,conv,1024,iso,41,6091500,6335100
P3,sycl,dpcpp-ocl-jit-usm,cpu,conv,1024,iso,42,5825700,6265500
P3,sycl,dpcpp-ocl-jit-usm,cpu,conv,1024,iso,43,5831500,6364300
P3,sycl,dpcpp-ocl-jit-usm,cpu,conv,1024,iso,44,5989500,6147000
P3,sycl,dpcpp-ocl-jit-usm,cpu,conv,1024,iso,45,5989400,6110100
P3,sycl,dpcpp-ocl-jit-usm,cpu,conv,1024,iso,46,5935400,6402100
P3,sycl,dpcpp-ocl-jit-usm,cpu,conv,1024,iso,47,5832200,6287900
P3,sycl,dpcpp-ocl-jit-usm,cpu,conv,1024,iso,48,5836800,6258600
P3,sycl,dpcpp-ocl-jit-usm,cpu,conv,1024,iso,49,6065300,6143600
P3,sycl,dpcpp-ocl-jit-usm,cpu,conv,1024,iso,50,5980500,6254300
P3,sycl,dpcpp-ocl-jit-usm,cpu,conv,1024,iso,51,5834900,6379500
P3,sycl,dpcpp-ocl-jit-usm,cpu,conv,1024,iso,52,5799800,6266100
P3,sycl,dpcpp-ocl-jit-usm,cpu,conv,1024,iso,53,5970400,6102100
P3,sycl,dpcpp-ocl-jit-usm,cpu,conv,1024,iso,54,5971300,6114000
P3,sycl,dpcpp-ocl-jit-usm,cpu,conv,1024,iso,55,6071600,6281800
P3,sycl,dpcpp-ocl-jit-usm,cpu,conv,1024,iso,56,5818000,6264400
P3,sycl,dpcpp-ocl-jit-usm,cpu,conv,1024,iso,57,5828900,6479600
P3,sycl,dpcpp-ocl-jit-usm,cpu,conv,1024,iso,58,6060300,6191300
P3,sycl,dpcpp-ocl-jit-usm,cpu,conv,1024,iso,59,5989100,6332200
P3,sycl,dpcpp-ocl-jit-usm,cpu,conv,1024,iso,60,5957700,6356600
P3,sycl,dpcpp-ocl-jit-usm,cpu,conv,1024,iso,61,5795600,6329200
P3,sycl,dpcpp-ocl-jit-usm,cpu,conv,1024,iso,62,5962300,6226600
P3,sycl,dpcpp-ocl-jit-usm,cpu,conv,1024,iso,63,6080200,6255000
P3,sycl,dpcpp-ocl-jit-usm,cpu,conv,1024,iso,64,6015200,6341200
P3,sycl,dpcpp-ocl-jit-usm,cpu,conv,1024,iso,65,5858300,6426600
P3,sycl,dpcpp-ocl-jit-usm,cpu,conv,1024,iso,66,5853700,6345600
P3,sycl,dpcpp-ocl-jit-usm,cpu,conv,1024,iso,67,5948800,6165900
P3,sycl,dpcpp-ocl-jit-usm,cpu,conv,1024,iso,68,6065900,6378000
P3,sycl,dpcpp-ocl-jit-usm,cpu,conv,1024,iso,69,5825500,6443000
P3,sycl,dpcpp-ocl-jit-usm,cpu,conv,1024,iso,70,5805700,6440000
P3,sycl,dpcpp-ocl-jit-usm,cpu,conv,1024,iso,71,5997900,6177500
P3,sycl,dpcpp-ocl-jit-usm,cpu,conv,1024,iso,72,5993500,6177100
P3,sycl,dpcpp-ocl-jit-usm,cpu,conv,1024,iso,73,5926500,6439800
P3,sycl,dpcpp-ocl-jit-usm,cpu,conv,1024,iso,74,5820600,6452400
P3,sycl,dpcpp-ocl-jit-usm,cpu,conv,1024,iso,75,6043500,6145500
P3,sycl,dpcpp-ocl-jit-usm,cpu,conv,1024,iso,76,6055700,6169400
P3,sycl,dpcpp-ocl-jit-usm,cpu,conv,1024,iso,77,6092800,6311200
P3,sycl,dpcpp-ocl-jit-usm,cpu,conv,1024,iso,78,6345800,6338900
P3,sycl,dpcpp-ocl-jit-usm,cpu,conv,1024,iso,79,5826400,6327400
P3,sycl,dpcpp-ocl-jit-usm,cpu,conv,1024,iso,80,5952900,6259800
P3,sycl,dpcpp-ocl-jit-usm,cpu,conv,1024,iso,81,5959100,6372500
P3,sycl,dpcpp-ocl-jit-usm,cpu,conv,1024,iso,82,5911900,6352900
P3,sycl,dpcpp-ocl-jit-usm,cpu,conv,1024,iso,83,5867900,6288700
P3,sycl,dpcpp-ocl-jit-usm,cpu,conv,1024,iso,84,5960300,6305800
P3,sycl,dpcpp-ocl-jit-usm,cpu,conv,1024,iso,85,6099200,6226600
P3,sycl,dpcpp-ocl-jit-usm,cpu,conv,1024,iso,86,6072400,6310300
P3,sycl,dpcpp-ocl-jit-usm,cpu,conv,1024,iso,87,5827100,6393700
P3,sycl,dpcpp-ocl-jit-usm,cpu,conv,1024,iso,88,5822700,6286700
P3,sycl,dpcpp-ocl-jit-usm,cpu,conv,1024,iso,89,5967400,6121600
P3,sycl,dpcpp-ocl-jit-usm,cpu,conv,1024,iso,90,6055300,6301400
P3,sycl,dpcpp-ocl-jit-usm,cpu,conv,1024,iso,91,5795800,6275900
P3,sycl,dpcpp-ocl-jit-usm,cpu,conv,1024,iso,92,5829000,6363300
P3,sycl,dpcpp-ocl-jit-usm,cpu,conv,1024,iso,93,5972100,6295200
P3,sycl,dpcpp-ocl-jit-usm,cpu,conv,1024,iso,94,5966000,6179900
P3,sycl,dpcpp-ocl-jit-usm,cpu,conv,1024,iso,95,5944100,6421300
P3,sycl,dpcpp-ocl-jit-usm,cpu,conv,1024,iso,96,5814600,6298500
P3,sycl,dpcpp-ocl-jit-usm,cpu,conv,1024,iso,97,5790400,6274300
P3,sycl,dpcpp-ocl-jit-usm,cpu,conv,1024,iso,98,6083900,6271400
P3,sycl,dpcpp-ocl-jit-usm,cpu,conv,1024,iso,99,6005800,6296100
P3,sycl,dpcpp-ocl-jit-usm,cpu,conv,1024,iso,100,5804900,6400800
P3,sycl,dpcpp-ocl-jit-usm,cpu,conv,1024,iso,101,5817900,6415800
P3,sycl,dpcpp-ocl-jit-usm,cpu,conv,1024,iso,102,5954500,6171300
P3,sycl,dpcpp-ocl-jit-usm,cpu,conv,1024,iso,103,5958600,6162200
P3,sycl,dpcpp-ocl-jit-usm,cpu,conv,1024,iso,104,6115700,6398500
P3,sycl,dpcpp-ocl-jit-usm,cpu,conv,1024,iso,105,5827600,6288500
P3,sycl,dpcpp-ocl-jit-usm,cpu,conv,1024,iso,106,5792200,6419900
P3,sycl,dpcpp-ocl-jit-usm,cpu,conv,1024,iso,107,6054400,6148500
P3,sycl,dpcpp-ocl-jit-usm,cpu,conv,1024,iso,108,6064100,6308500
P3,sycl,dpcpp-ocl-jit-usm,cpu,conv,1024,iso,109,5922100,6404300
P3,sycl,dpcpp-ocl-jit-usm,cpu,conv,1024,iso,110,5826100,6387800
P3,sycl,dpcpp-ocl-jit-usm,cpu,conv,1024,iso,111,5957100,6289400
P3,sycl,dpcpp-ocl-jit-usm,cpu,conv,1024,iso,112,6081800,6157200
P3,sycl,dpcpp-ocl-jit-usm,cpu,conv,1024,iso,113,6059900,6407800
P3,sycl,dpcpp-ocl-jit-usm,cpu,conv,1024,iso,114,5808800,6425000
P3,sycl,dpcpp-ocl-jit-usm,cpu,conv,1024,iso,115,5972000,6379000
P3,sycl,dpcpp-ocl-jit-usm,cpu,conv,1024,iso,116,6102200,6194800
P3,sycl,dpcpp-ocl-jit-usm,cpu,conv,1024,iso,117,6063000,6452100
P3,sycl,dpcpp-ocl-jit-usm,cpu,conv,1024,iso,118,5798400,6457400
P3,sycl,dpcpp-ocl-jit-usm,cpu,conv,1024,iso,119,5802400,6395700
P3,sycl,dpcpp-ocl-jit-usm,cpu,conv,1024,iso,120,6063300,6167600
P3,sycl,dpcpp-ocl-jit-usm,cpu,conv,1024,iso,121,6041600,6298000
P3,sycl,dpcpp-ocl-jit-usm,cpu,conv,1024,iso,122,5923500,6425700
P3,sycl,dpcpp-ocl-jit-usm,cpu,conv,1024,iso,123,5818900,6406100
P3,sycl,dpcpp-ocl-jit-usm,cpu,conv,1024,iso,124,5945400,6264100
P3,sycl,dpcpp-ocl-jit-usm,cpu,conv,1024,iso,125,6105600,6133100
P3,sycl,dpcpp-ocl-jit-usm,cpu,conv,1024,iso,126,6087700,6397900
P3,sycl,dpcpp-ocl-jit-usm,cpu,conv,1024,iso,127,5817300,6387900
P3,sycl,dpcpp-ocl-jit-usm,cpu,conv,1024,iso,128,5954700,6287900
P3,sycl,dpcpp-ocl-jit-usm,cpu,conv,1024,iso,129,6067500,6211400
P3,sycl,dpcpp-ocl-jit-usm,cpu,conv,1024,iso,130,6041700,6349000
P3,sycl,dpcpp-ocl-jit-usm,cpu,conv,1024,iso,131,5937800,6496500
P3,sycl,dpcpp-ocl-jit-usm,cpu,conv,1024,iso,132,5836700,6421200
P3,sycl,dpcpp-ocl-jit-usm,cpu,conv,1024,iso,133,6038200,6188700
P3,sycl,dpcpp-ocl-jit-usm,cpu,conv,1024,iso,134,6077700,6345500
P3,sycl,dpcpp-ocl-jit-usm,cpu,conv,1024,iso,135,5911800,6436600
P3,sycl,dpcpp-ocl-jit-usm,cpu,conv,1024,iso,136,5788400,6412900
P3,sycl,dpcpp-ocl-jit-usm,cpu,conv,1024,iso,137,5983700,6287800
P3,sycl,dpcpp-ocl-jit-usm,cpu,conv,1024,iso,138,6120600,6179300
P3,sycl,dpcpp-ocl-jit-usm,cpu,conv,1024,iso,139,6068700,6586400
P3,sycl,dpcpp-ocl-jit-usm,cpu,conv,1024,iso,140,5846200,6474800
P3,sycl,dpcpp-ocl-jit-usm,cpu,conv,1024,iso,141,5956000,6293200
P3,sycl,dpcpp-ocl-jit-usm,cpu,conv,1024,iso,142,6065000,6201400
P3,sycl,dpcpp-ocl-jit-usm,cpu,conv,1024,iso,143,6074700,6440800
P3,sycl,dpcpp-ocl-jit-usm,cpu,conv,1024,iso,144,5815800,6578900
P3,sycl,dpcpp-ocl-jit-usm,cpu,conv,1024,iso,145,5809100,6521500
P3,sycl,dpcpp-ocl-jit-usm,cpu,conv,1024,iso,146,6083200,6201000
P3,sycl,dpcpp-ocl-jit-usm,cpu,conv,1024,iso,147,6056900,6307500
P3,sycl,dpcpp-ocl-jit-usm,cpu,conv,1024,iso,148,5936900,6418300
P3,sycl,dpcpp-ocl-jit-usm,cpu,conv,1024,iso,149,5827300,6392400
P3,sycl,dpcpp-ocl-jit-usm,cpu,conv,1024,iso,150,6058800,6165300
P3,sycl,dpcpp-ocl-jit-usm,cpu,conv,1024,iso,151,6075400,6301100
P3,sycl,dpcpp-ocl-jit-usm,cpu,conv,1024,iso,152,5918500,6421500
P3,sycl,dpcpp-ocl-jit-usm,cpu,conv,1024,iso,153,5805600,6393000
P3,sycl,dpcpp-ocl-jit-usm,cpu,conv,1024,iso,154,5961900,6254500
P3,sycl,dpcpp-ocl-jit-usm,cpu,conv,1024,iso,155,6069200,6145500
P3,sycl,dpcpp-ocl-jit-usm,cpu,conv,1024,iso,156,6130000,6415200
P3,sycl,dpcpp-ocl-jit-usm,cpu,conv,1024,iso,157,5786500,6440000
P3,sycl,dpcpp-ocl-jit-usm,cpu,conv,1024,iso,158,5809500,6383800
P3,sycl,dpcpp-ocl-jit-usm,cpu,conv,1024,iso,159,6070300,6732500
P3,sycl,dpcpp-ocl-jit-usm,cpu,conv,1024,iso,160,6003800,6389800
P3,sycl,dpcpp-ocl-jit-usm,cpu,conv,1024,iso,161,5908200,6460900
P3,sycl,dpcpp-ocl-jit-usm,cpu,conv,1024,iso,162,5814100,6440600
P3,sycl,dpcpp-ocl-jit-usm,cpu,conv,1024,iso,163,6044400,6184800
P3,sycl,dpcpp-ocl-jit-usm,cpu,conv,1024,iso,164,6093500,6311800
P3,sycl,dpcpp-ocl-jit-usm,cpu,conv,1024,iso,165,5942200,6415500
P3,sycl,dpcpp-ocl-jit-usm,cpu,conv,1024,iso,166,5818000,6385400
P3,sycl,dpcpp-ocl-jit-usm,cpu,conv,1024,iso,167,5961200,6289400
P3,sycl,dpcpp-ocl-jit-usm,cpu,conv,1024,iso,168,6049600,6157100
P3,sycl,dpcpp-ocl-jit-usm,cpu,conv,1024,iso,169,6048700,6414300
P3,sycl,dpcpp-ocl-jit-usm,cpu,conv,1024,iso,170,5815400,6439200
P3,sycl,dpcpp-ocl-jit-usm,cpu,conv,1024,iso,171,5975600,6242700
P3,sycl,dpcpp-ocl-jit-usm,cpu,conv,1024,iso,172,6064800,6146800
P3,sycl,dpcpp-ocl-jit-usm,cpu,conv,1024,iso,173,6073200,6335100
P3,sycl,dpcpp-ocl-jit-usm,cpu,conv,1024,iso,174,5918000,6411000
P3,sycl,dpcpp-ocl-jit-usm,cpu,conv,1024,iso,175,5811500,6379400
P3,sycl,dpcpp-ocl-jit-usm,cpu,conv,1024,iso,176,6072800,6140600
P3,sycl,dpcpp-ocl-jit-usm,cpu,conv,1024,iso,177,6104600,6293100
P3,sycl,dpcpp-ocl-jit-usm,cpu,conv,1024,iso,178,5890900,6408200
P3,sycl,dpcpp-ocl-jit-usm,cpu,conv,1024,iso,179,5818700,6390200
P3,sycl,dpcpp-ocl-jit-usm,cpu,conv,1024,iso,180,5960100,6361100
P3,sycl,dpcpp-ocl-jit-usm,cpu,conv,1024,iso,181,6071900,6173200
P3,sycl,dpcpp-ocl-jit-usm,cpu,conv,1024,iso,182,6078000,6429200
P3,sycl,dpcpp-ocl-jit-usm,cpu,conv,1024,iso,183,5813400,6437600
P3,sycl,dpcpp-ocl-jit-usm,cpu,conv,1024,iso,184,5791400,6411900
P3,sycl,dpcpp-ocl-jit-usm,cpu,conv,1024,iso,185,6045000,6312500
P3,sycl,dpcpp-ocl-jit-usm,cpu,conv,1024,iso,186,6127800,6318100
P3,sycl,dpcpp-ocl-jit-usm,cpu,conv,1024,iso,187,5920800,6418200
P3,sycl,dpcpp-ocl-jit-usm,cpu,conv,1024,iso,188,5844500,6402100
P3,sycl,dpcpp-ocl-jit-usm,cpu,conv,1024,iso,189,6046400,6162300
P3,sycl,dpcpp-ocl-jit-usm,cpu,conv,1024,iso,190,6065300,6339400
P3,sycl,dpcpp-ocl-jit-usm,cpu,conv,1024,iso,191,5917600,6431200
P3,sycl,dpcpp-ocl-jit-usm,cpu,conv,1024,iso,192,5806300,6391300
P3,sycl,dpcpp-ocl-jit-usm,cpu,conv,1024,iso,193,5960700,6254900
P3,sycl,dpcpp-ocl-jit-usm,cpu,conv,1024,iso,194,6065100,6145000
P3,sycl,dpcpp-ocl-jit-usm,cpu,conv,1024,iso,195,6038700,6406700
P3,sycl,dpcpp-ocl-jit-usm,cpu,conv,1024,iso,196,5787600,6552600
P3,sycl,dpcpp-ocl-jit-usm,cpu,conv,1024,iso,197,5831200,6481300
P3,sycl,dpcpp-ocl-jit-usm,cpu,conv,1024,iso,198,6117300,6375900
P3,sycl,dpcpp-ocl-jit-usm,cpu,conv,1024,iso,199,6116100,6759600
P3,sycl,dpcpp-ocl-jit-usm,cpu,conv,1024,iso,200,5864100,6610800
P3,sycl,dpcpp-ocl-jit-usm,cpu,conv,1024,iso,201,5961400,6459900
P3,sycl,dpcpp-ocl-jit-usm,cpu,conv,1024,iso,202,6050300,6266500
P3,sycl,dpcpp-ocl-jit-usm,cpu,conv,1024,iso,203,6095000,6491700
P3,sycl,dpcpp-ocl-jit-usm,cpu,conv,1024,iso,204,5833900,6417400
P3,sycl,dpcpp-ocl-jit-usm,cpu,conv,1024,iso,205,5811200,6386000
P3,sycl,dpcpp-ocl-jit-usm,cpu,conv,1024,iso,206,6062200,6158500
P3,sycl,dpcpp-ocl-jit-usm,cpu,conv,1024,iso,207,6061400,6316200
P3,sycl,dpcpp-ocl-jit-usm,cpu,conv,1024,iso,208,5894300,6392100
P3,sycl,dpcpp-ocl-jit-usm,cpu,conv,1024,iso,209,5818700,6397300
P3,sycl,dpcpp-ocl-jit-usm,cpu,conv,1024,iso,210,5977000,6243600
P3,sycl,dpcpp-ocl-jit-usm,cpu,conv,1024,iso,211,6059700,6128500
P3,sycl,dpcpp-ocl-jit-usm,cpu,conv,1024,iso,212,6057900,6416600
P3,sycl,dpcpp-ocl-jit-usm,cpu,conv,1024,iso,213,5811800,6400500
P3,sycl,dpcpp-ocl-jit-usm,cpu,conv,1024,iso,214,5939000,6249800
P3,sycl,dpcpp-ocl-jit-usm,cpu,conv,1024,iso,215,6068700,6132000
P3,sycl,dpcpp-ocl-jit-usm,cpu,conv,1024,iso,216,6115800,6295400
P3,sycl,dpcpp-ocl-jit-usm,cpu,conv,1024,iso,217,5918900,6401000
P3,sycl,dpcpp-ocl-jit-usm,cpu,conv,1024,iso,218,5807600,6383300
P3,sycl,dpcpp-ocl-jit-usm,cpu,conv,1024,iso,219,6060100,6140700
P3,sycl,dpcpp-ocl-jit-usm,cpu,conv,1024,iso,220,6037400,6399800
P3,sycl,dpcpp-ocl-jit-usm,cpu,conv,1024,iso,221,5932000,6401900
P3,sycl,dpcpp-ocl-jit-usm,cpu,conv,1024,iso,222,5822100,6522500
P3,sycl,dpcpp-ocl-jit-usm,cpu,conv,1024,iso,223,6005200,6603400
P3,sycl,dpcpp-ocl-jit-usm,cpu,conv,1024,iso,224,6001500,7292100
P3,sycl,dpcpp-ocl-jit-usm,cpu,conv,1024,iso,225,5821600,6444500
P3,sycl,dpcpp-ocl-jit-usm,cpu,conv,1024,iso,226,5794600,6571400
P3,sycl,dpcpp-ocl-jit-usm,cpu,conv,1024,iso,227,6016600,6202500
P3,sycl,dpcpp-ocl-jit-usm,cpu,conv,1024,iso,228,5976000,6124000
P3,sycl,dpcpp-ocl-jit-usm,cpu,conv,1024,iso,229,5923700,6417400
P3,sycl,dpcpp-ocl-jit-usm,cpu,conv,1024,iso,230,5850400,6454300
P3,sycl,dpcpp-ocl-jit-usm,cpu,conv,1024,iso,231,5952300,6165500
P3,sycl,dpcpp-ocl-jit-usm,cpu,conv,1024,iso,232,6071600,6154500
P3,sycl,dpcpp-ocl-jit-usm,cpu,conv,1024,iso,233,5974300,6253600
P3,sycl,dpcpp-ocl-jit-usm,cpu,conv,1024,iso,234,5810700,6374600
P3,sycl,dpcpp-ocl-jit-usm,cpu,conv,1024,iso,235,5809000,6274600
P3,sycl,dpcpp-ocl-jit-usm,cpu,conv,1024,iso,236,5996100,6084900
P3,sycl,dpcpp-ocl-jit-usm,cpu,conv,1024,iso,237,5964800,6158800
P3,sycl,dpcpp-ocl-jit-usm,cpu,conv,1024,iso,238,6071100,6270500
P3,sycl,dpcpp-ocl-jit-usm,cpu,conv,1024,iso,239,5827900,6226100
P3,sycl,dpcpp-ocl-jit-usm,cpu,conv,1024,iso,240,5821600,6348900
P3,sycl,dpcpp-ocl-jit-usm,cpu,conv,1024,iso,241,5943000,6118800
P3,sycl,dpcpp-ocl-jit-usm,cpu,conv,1024,iso,242,6372000,6460200
P3,sycl,dpcpp-ocl-jit-usm,cpu,conv,1024,iso,243,5948000,6273400
P3,sycl,dpcpp-ocl-jit-usm,cpu,conv,1024,iso,244,5793600,6254600
P3,sycl,dpcpp-ocl-jit-usm,cpu,conv,1024,iso,245,5955400,6156900
P3,sycl,dpcpp-ocl-jit-usm,cpu,conv,1024,iso,246,6060600,6186500
P3,sycl,dpcpp-ocl-jit-usm,cpu,conv,1024,iso,247,5936200,6294700
P3,sycl,dpcpp-ocl-jit-usm,cpu,conv,1024,iso,248,5823900,6413400
P3,sycl,dpcpp-ocl-jit-usm,cpu,conv,1024,iso,249,5830900,6450300
P3,sycl,dpcpp-ocl-jit-usm,cpu,conv,1024,iso,250,5955700,6216200
P3,sycl,dpcpp-ocl-jit-usm,cpu,conv,1024,iso,251,5944700,6333700
P3,sycl,dpcpp-ocl-jit-usm,cpu,conv,1024,iso,252,5806600,6397200
P3,sycl,dpcpp-ocl-jit-usm,cpu,conv,1024,iso,253,5779000,6286400
P3,sycl,dpcpp-ocl-jit-usm,cpu,conv,1024,iso,254,5963400,6136400
P3,sycl,dpcpp-ocl-jit-usm,cpu,conv,1024,iso,255,6062600,6133000
P3,sycl,dpcpp-ocl-jit-usm,cpu,conv,1024,iso,256,5937100,6281200
P3,sycl,dpcpp-ocl-jit-usm,cpu,conv,1024,iso,257,5803900,6246200
P3,sycl,dpcpp-ocl-jit-usm,cpu,conv,1024,iso,258,5813100,6379500
P3,sycl,dpcpp-ocl-jit-usm,cpu,conv,1024,iso,259,5961600,6119000
P3,sycl,dpcpp-ocl-jit-usm,cpu,conv,1024,iso,260,5973200,6114900
P3,sycl,dpcpp-ocl-jit-usm,cpu,conv,1024,iso,261,6130600,6293100
P3,sycl,dpcpp-ocl-jit-usm,cpu,conv,1024,iso,262,5796000,6274900
P3,sycl,dpcpp-ocl-jit-usm,cpu,conv,1024,iso,263,5946500,6293900
P3,sycl,dpcpp-ocl-jit-usm,cpu,conv,1024,iso,264,5976000,6120200
P3,sycl,dpcpp-ocl-jit-usm,cpu,conv,1024,iso,265,5920800,6261100
P3,sycl,dpcpp-ocl-jit-usm,cpu,conv,1024,iso,266,5810200,6359000
P3,sycl,dpcpp-ocl-jit-usm,cpu,conv,1024,iso,267,5801700,6348700
P3,sycl,dpcpp-ocl-jit-usm,cpu,conv,1024,iso,268,5925900,6125500
P3,sycl,dpcpp-ocl-jit-usm,cpu,conv,1024,iso,269,6061000,6138800
P3,sycl,dpcpp-ocl-jit-usm,cpu,conv,1024,iso,270,5974800,6259900
P3,sycl,dpcpp-ocl-jit-usm,cpu,conv,1024,iso,271,5826500,6371600
P3,sycl,dpcpp-ocl-jit-usm,cpu,conv,1024,iso,272,5813700,6330200
P3,sycl,dpcpp-ocl-jit-usm,cpu,conv,1024,iso,273,5945700,6131100
P3,sycl,dpcpp-ocl-jit-usm,cpu,conv,1024,iso,274,5939400,6267900
P3,sycl,dpcpp-ocl-jit-usm,cpu,conv,1024,iso,275,5938500,6274900
P3,sycl,dpcpp-ocl-jit-usm,cpu,conv,1024,iso,276,5829100,6233800
P3,sycl,dpcpp-ocl-jit-usm,cpu,conv,1024,iso,277,5927100,6277800
P3,sycl,dpcpp-ocl-jit-usm,cpu,conv,1024,iso,278,5957300,6388400
P3,sycl,dpcpp-ocl-jit-usm,cpu,conv,1024,iso,279,5974400,6443900
P3,sycl,dpcpp-ocl-jit-usm,cpu,conv,1024,iso,280,5812800,6306500
P3,sycl,dpcpp-ocl-jit-usm,cpu,conv,1024,iso,281,5827600,6289300
P3,sycl,dpcpp-ocl-jit-usm,cpu,conv,1024,iso,282,5945000,6153100
P3,sycl,dpcpp-ocl-jit-usm,cpu,conv,1024,iso,283,6081400,6330400
P3,sycl,dpcpp-ocl-jit-usm,cpu,conv,1024,iso,284,5814900,6288000
P3,sycl,dpcpp-ocl-jit-usm,cpu,conv,1024,iso,285,5812000,6364500
P3,sycl,dpcpp-ocl-jit-usm,cpu,conv,1024,iso,286,5964700,6125500
P3,sycl,dpcpp-ocl-jit-usm,cpu,conv,1024,iso,287,5955400,6115900
P3,sycl,dpcpp-ocl-jit-usm,cpu,conv,1024,iso,288,6048900,6300000
P3,sycl,dpcpp-ocl-jit-usm,cpu,conv,1024,iso,289,5797500,6269200
P3,sycl,dpcpp-ocl-jit-usm,cpu,conv,1024,iso,290,5806200,6241100
P3,sycl,dpcpp-ocl-jit-usm,cpu,conv,1024,iso,291,5946000,6236000
P3,sycl,dpcpp-ocl-jit-usm,cpu,conv,1024,iso,292,5970300,6120300
P3,sycl,dpcpp-ocl-jit-usm,cpu,conv,1024,iso,293,5937600,6374900
P3,sycl,dpcpp-ocl-jit-usm,cpu,conv,1024,iso,294,5808900,6245000
P3,sycl,dpcpp-ocl-jit-usm,cpu,conv,1024,iso,295,5792200,6237000
P3,sycl,dpcpp-ocl-jit-usm,cpu,conv,1024,iso,296,6067100,6135000
P3,sycl,dpcpp-ocl-jit-usm,cpu,conv,1024,iso,297,5976200,6265500
P3,sycl,dpcpp-ocl-jit-usm,cpu,conv,1024,iso,298,5795400,6245600
P3,sycl,dpcpp-ocl-jit-usm,cpu,conv,1024,iso,299,5800700,6369200
P3,sycl,dpcpp-ocl-jit-usm,cpu,conv,1024,iso,300,5953800,6092600
P3,sycl,dpcpp-ocl-jit-usm,cpu,conv,1024,iso,301,5923100,6096800
P3,sycl,dpcpp-ocl-jit-usm,cpu,conv,1024,iso,302,6070000,6299500
P3,sycl,dpcpp-ocl-jit-usm,cpu,conv,1024,iso,303,5817800,6338100
P3,sycl,dpcpp-ocl-jit-usm,cpu,conv,1024,iso,304,5794200,6429600
P3,sycl,dpcpp-ocl-jit-usm,cpu,conv,1024,iso,305,5951200,6135100
P3,sycl,dpcpp-ocl-jit-usm,cpu,conv,1024,iso,306,5929400,6107700
P3,sycl,dpcpp-ocl-jit-usm,cpu,conv,1024,iso,307,5938200,6367900
P3,sycl,dpcpp-ocl-jit-usm,cpu,conv,1024,iso,308,5821600,6330000
P3,sycl,dpcpp-ocl-jit-usm,cpu,conv,1024,iso,309,5809100,6241600
P3,sycl,dpcpp-ocl-jit-usm,cpu,conv,1024,iso,310,6043900,6142000
P3,sycl,dpcpp-ocl-jit-usm,cpu,conv,1024,iso,311,5951700,6244400
P3,sycl,dpcpp-ocl-jit-usm,cpu,conv,1024,iso,312,5814200,6360300
P3,sycl,dpcpp-ocl-jit-usm,cpu,conv,1024,iso,313,5802600,6253400
P3,sycl,dpcpp-ocl-jit-usm,cpu,conv,1024,iso,314,5957900,6111400
P3,sycl,dpcpp-ocl-jit-usm,cpu,conv,1024,iso,315,5952600,6112400
P3,sycl,dpcpp-ocl-jit-usm,cpu,conv,1024,iso,316,6036600,6282500
P3,sycl,dpcpp-ocl-jit-usm,cpu,conv,1024,iso,317,5828200,6241500
P3,sycl,dpcpp-ocl-jit-usm,cpu,conv,1024,iso,318,5839600,6363600
P3,sycl,dpcpp-ocl-jit-usm,cpu,conv,1024,iso,319,5938700,6194300
P3,sycl,dpcpp-ocl-jit-usm,cpu,conv,1024,iso,320,5947800,6129000
P3,sycl,dpcpp-ocl-jit-usm,cpu,conv,1024,iso,321,6049900,6267600
P3,sycl,dpcpp-ocl-jit-usm,cpu,conv,1024,iso,322,5803200,6266000
P3,sycl,dpcpp-ocl-jit-usm,cpu,conv,1024,iso,323,5828400,6241400
P3,sycl,dpcpp-ocl-jit-usm,cpu,conv,1024,iso,324,6061700,6152100
P3,sycl,dpcpp-ocl-jit-usm,cpu,conv,1024,iso,325,5949300,6937400
P3,sycl,dpcpp-ocl-jit-usm,cpu,conv,1024,iso,326,5814200,6379100
P3,sycl,dpcpp-ocl-jit-usm,cpu,conv,1024,iso,327,5830600,6191300
P3,sycl,dpcpp-ocl-jit-usm,cpu,conv,1024,iso,328,5966200,6162000
P3,sycl,dpcpp-ocl-jit-usm,cpu,conv,1024,iso,329,6063600,6164700
P3,sycl,dpcpp-ocl-jit-usm,cpu,conv,1024,iso,330,5953300,6285500
P3,sycl,dpcpp-ocl-jit-usm,cpu,conv,1024,iso,331,5785400,6294500
P3,sycl,dpcpp-ocl-jit-usm,cpu,conv,1024,iso,332,5807700,6377400
P3,sycl,dpcpp-ocl-jit-usm,cpu,conv,1024,iso,333,5979400,6133600
P3,sycl,dpcpp-ocl-jit-usm,cpu,conv,1024,iso,334,5932000,6286400
P3,sycl,dpcpp-ocl-jit-usm,cpu,conv,1024,iso,335,5927000,6310100
P3,sycl,dpcpp-ocl-jit-usm,cpu,conv,1024,iso,336,5805300,6373500
P3,sycl,dpcpp-ocl-jit-usm,cpu,conv,1024,iso,337,6017300,6577100
P3,sycl,dpcpp-ocl-jit-usm,cpu,conv,1024,iso,338,6176300,6651200
P3,sycl,dpcpp-ocl-jit-usm,cpu,conv,1024,iso,339,5968100,6491200
P3,sycl,dpcpp-ocl-jit-usm,cpu,conv,1024,iso,340,5809800,6529100
P3,sycl,dpcpp-ocl-jit-usm,cpu,conv,1024,iso,341,5967100,6265800
P3,sycl,dpcpp-ocl-jit-usm,cpu,conv,1024,iso,342,5945400,6212600
P3,sycl,dpcpp-ocl-jit-usm,cpu,conv,1024,iso,343,6123000,6342700
P3,sycl,dpcpp-ocl-jit-usm,cpu,conv,1024,iso,344,5802900,6254900
P3,sycl,dpcpp-ocl-jit-usm,cpu,conv,1024,iso,345,5843600,6393800
P3,sycl,dpcpp-ocl-jit-usm,cpu,conv,1024,iso,346,6001800,6129900
P3,sycl,dpcpp-ocl-jit-usm,cpu,conv,1024,iso,347,5960600,6247600
P3,sycl,dpcpp-ocl-jit-usm,cpu,conv,1024,iso,348,5809000,6396000
P3,sycl,dpcpp-ocl-jit-usm,cpu,conv,1024,iso,349,5789000,6359600
P3,sycl,dpcpp-ocl-jit-usm,cpu,conv,1024,iso,350,5963000,6100000
P3,sycl,dpcpp-ocl-jit-usm,cpu,conv,1024,iso,351,6072200,6122800
P3,sycl,dpcpp-ocl-jit-usm,cpu,conv,1024,iso,352,5937700,6267400
P3,sycl,dpcpp-ocl-jit-usm,cpu,conv,1024,iso,353,5811800,6355800
P3,sycl,dpcpp-ocl-jit-usm,cpu,conv,1024,iso,354,5804100,6238900
P3,sycl,dpcpp-ocl-jit-usm,cpu,conv,1024,iso,355,5943800,6088800
P3,sycl,dpcpp-ocl-jit-usm,cpu,conv,1024,iso,356,5947300,6127200
P3,sycl,dpcpp-ocl-jit-usm,cpu,conv,1024,iso,357,6055200,6332800
P3,sycl,dpcpp-ocl-jit-usm,cpu,conv,1024,iso,358,5792300,6265100
P3,sycl,dpcpp-ocl-jit-usm,cpu,conv,1024,iso,359,5947500,6299900
P3,sycl,dpcpp-ocl-jit-usm,cpu,conv,1024,iso,360,5996500,6417400
P3,sycl,dpcpp-ocl-jit-usm,cpu,conv,1024,iso,361,5984500,6352300
P3,sycl,dpcpp-ocl-jit-usm,cpu,conv,1024,iso,362,5804200,6311800
P3,sycl,dpcpp-ocl-jit-usm,cpu,conv,1024,iso,363,5818700,6421900
P3,sycl,dpcpp-ocl-jit-usm,cpu,conv,1024,iso,364,5949300,6180200
P3,sycl,dpcpp-ocl-jit-usm,cpu,conv,1024,iso,365,5937700,6152600
P3,sycl,dpcpp-ocl-jit-usm,cpu,conv,1024,iso,366,6106700,6324500
P3,sycl,dpcpp-ocl-jit-usm,cpu,conv,1024,iso,367,5820700,6287000
P3,sycl,dpcpp-ocl-jit-usm,cpu,conv,1024,iso,368,5949600,6137700
P3,sycl,dpcpp-ocl-jit-usm,cpu,conv,1024,iso,369,6071300,6193500
P3,sycl,dpcpp-ocl-jit-usm,cpu,conv,1024,iso,370,5934200,6279500
P3,sycl,dpcpp-ocl-jit-usm,cpu,conv,1024,iso,371,5859800,6390400
P3,sycl,dpcpp-ocl-jit-usm,cpu,conv,1024,iso,372,5827600,6268200
P3,sycl,dpcpp-ocl-jit-usm,cpu,conv,1024,iso,373,5936200,6110300
P3,sycl,dpcpp-ocl-jit-usm,cpu,conv,1024,iso,374,6044900,6142400
P3,sycl,dpcpp-ocl-jit-usm,cpu,conv,1024,iso,375,5966500,6249100
P3,sycl,dpcpp-ocl-jit-usm,cpu,conv,1024,iso,376,5808700,6257700
P3,sycl,dpcpp-ocl-jit-usm,cpu,conv,1024,iso,377,5833800,6350800
P3,sycl,dpcpp-ocl-jit-usm,cpu,conv,1024,iso,378,5963700,6132200
P3,sycl,dpcpp-ocl-jit-usm,cpu,conv,1024,iso,379,5923300,6291800
P3,sycl,dpcpp-ocl-jit-usm,cpu,conv,1024,iso,380,5941300,6333400
P3,sycl,dpcpp-ocl-jit-usm,cpu,conv,1024,iso,381,5811700,6257700
P3,sycl,dpcpp-ocl-jit-usm,cpu,conv,1024,iso,382,5952200,6257000
P3,sycl,dpcpp-ocl-jit-usm,cpu,conv,1024,iso,383,5986500,6109600
P3,sycl,dpcpp-ocl-jit-usm,cpu,conv,1024,iso,384,5955300,6301700
P3,sycl,dpcpp-ocl-jit-usm,cpu,conv,1024,iso,385,5807300,6459400
P3,sycl,dpcpp-ocl-jit-usm,cpu,conv,1024,iso,386,5811200,6258500
P3,sycl,dpcpp-ocl-jit-usm,cpu,conv,1024,iso,387,5989600,6124600
P3,sycl,dpcpp-ocl-jit-usm,cpu,conv,1024,iso,388,6088500,6136100
P3,sycl,dpcpp-ocl-jit-usm,cpu,conv,1024,iso,389,5995800,6546300
P3,sycl,dpcpp-ocl-jit-usm,cpu,conv,1024,iso,390,5828000,6680200
P3,sycl,dpcpp-ocl-jit-usm,cpu,conv,1024,iso,391,5956600,6255700
P3,sycl,dpcpp-ocl-jit-usm,cpu,conv,1024,iso,392,5980900,6236100
P3,sycl,dpcpp-ocl-jit-usm,cpu,conv,1024,iso,393,5959800,6482200
P3,sycl,dpcpp-ocl-jit-usm,cpu,conv,1024,iso,394,5828500,6379900
P3,sycl,dpcpp-ocl-jit-usm,cpu,conv,1024,iso,395,5811300,6284500
P3,sycl,dpcpp-ocl-jit-usm,cpu,conv,1024,iso,396,6070700,6240000
P3,sycl,dpcpp-ocl-jit-usm,cpu,conv,1024,iso,397,6002400,6457000
P3,sycl,dpcpp-ocl-jit-usm,cpu,conv,1024,iso,398,5832300,6561500
P3,sycl,dpcpp-ocl-jit-usm,cpu,conv,1024,iso,399,5834200,6365600
P3,sycl,dpcpp-ocl-jit-usm,cpu,conv,1024,iso,400,5945500,6206100
P3,sycl,dpcpp-ocl-jit-usm,cpu,conv,1024,iso,401,5946500,6213700
P3,sycl,dpcpp-ocl-jit-usm,cpu,conv,1024,iso,402,6065900,6299100
P3,sycl,dpcpp-ocl-jit-usm,cpu,conv,1024,iso,403,5794500,6233200
P3,sycl,dpcpp-ocl-jit-usm,cpu,conv,1024,iso,404,5972500,6243800
P3,sycl,dpcpp-ocl-jit-usm,cpu,conv,1024,iso,405,5984300,6104600
P3,sycl,dpcpp-ocl-jit-usm,cpu,conv,1024,iso,406,5945600,6259400
P3,sycl,dpcpp-ocl-jit-usm,cpu,conv,1024,iso,407,5915400,6294400
P3,sycl,dpcpp-ocl-jit-usm,cpu,conv,1024,iso,408,5799500,6884400
P3,sycl,dpcpp-ocl-jit-usm,cpu,conv,1024,iso,409,5898700,6169500
P3,sycl,dpcpp-ocl-jit-usm,cpu,conv,1024,iso,410,6028500,6214000
P3,sycl,dpcpp-ocl-jit-usm,cpu,conv,1024,iso,411,5955800,6275600
P3,sycl,dpcpp-ocl-jit-usm,cpu,conv,1024,iso,412,5804000,6387400
P3,sycl,dpcpp-ocl-jit-usm,cpu,conv,1024,iso,413,5968100,6112400
P3,sycl,dpcpp-ocl-jit-usm,cpu,conv,1024,iso,414,5970900,6095600
P3,sycl,dpcpp-ocl-jit-usm,cpu,conv,1024,iso,415,6053700,6268800
P3,sycl,dpcpp-ocl-jit-usm,cpu,conv,1024,iso,416,5813400,6242000
P3,sycl,dpcpp-ocl-jit-usm,cpu,conv,1024,iso,417,5810300,6241600
P3,sycl,dpcpp-ocl-jit-usm,cpu,conv,1024,iso,418,5941600,6251800
P3,sycl,dpcpp-ocl-jit-usm,cpu,conv,1024,iso,419,5966100,6103400
P3,sycl,dpcpp-ocl-jit-usm,cpu,conv,1024,iso,420,5972400,6359400
P3,sycl,dpcpp-ocl-jit-usm,cpu,conv,1024,iso,421,5826000,6247300
P3,sycl,dpcpp-ocl-jit-usm,cpu,conv,1024,iso,422,5811500,6239000
P3,sycl,dpcpp-ocl-jit-usm,cpu,conv,1024,iso,423,5945100,6333900
P3,sycl,dpcpp-ocl-jit-usm,cpu,conv,1024,iso,424,5944600,6132400
P3,sycl,dpcpp-ocl-jit-usm,cpu,conv,1024,iso,425,6003500,6272100
P3,sycl,dpcpp-ocl-jit-usm,cpu,conv,1024,iso,426,5897900,6378100
P3,sycl,dpcpp-ocl-jit-usm,cpu,conv,1024,iso,427,5935200,6130800
P3,sycl,dpcpp-ocl-jit-usm,cpu,conv,1024,iso,428,5956700,6155700
P3,sycl,dpcpp-ocl-jit-usm,cpu,conv,1024,iso,429,6098100,6311400
P3,sycl,dpcpp-ocl-jit-usm,cpu,conv,1024,iso,430,5811000,6262700
P3,sycl,dpcpp-ocl-jit-usm,cpu,conv,1024,iso,431,5828900,6544600
P3,sycl,dpcpp-ocl-jit-usm,cpu,conv,1024,iso,432,5966400,6219300
P3,sycl,dpcpp-ocl-jit-usm,cpu,conv,1024,iso,433,5929600,6191100
P3,sycl,dpcpp-ocl-jit-usm,cpu,conv,1024,iso,434,5948700,6446700
P3,sycl,dpcpp-ocl-jit-usm,cpu,conv,1024,iso,435,5824500,6292100
P3,sycl,dpcpp-ocl-jit-usm,cpu,conv,1024,iso,436,5944000,6149100
P3,sycl,dpcpp-ocl-jit-usm,cpu,conv,1024,iso,437,6059600,6146100
P3,sycl,dpcpp-ocl-jit-usm,cpu,conv,1024,iso,438,5960000,6284400
P3,sycl,dpcpp-ocl-jit-usm,cpu,conv,1024,iso,439,5803000,6388100
P3,sycl,dpcpp-ocl-jit-usm,cpu,conv,1024,iso,440,5817900,6283600
P3,sycl,dpcpp-ocl-jit-usm,cpu,conv,1024,iso,441,5960800,6146100
P3,sycl,dpcpp-ocl-jit-usm,cpu,conv,1024,iso,442,5942100,6377600
P3,sycl,dpcpp-ocl-jit-usm,cpu,conv,1024,iso,443,6077500,6362500
P3,sycl,dpcpp-ocl-jit-usm,cpu,conv,1024,iso,444,5810200,6304300
P3,sycl,dpcpp-ocl-jit-usm,cpu,conv,1024,iso,445,5789500,6419300
P3,sycl,dpcpp-ocl-jit-usm,cpu,conv,1024,iso,446,5982000,6140300
P3,sycl,dpcpp-ocl-jit-usm,cpu,conv,1024,iso,447,5962700,6280700
P3,sycl,dpcpp-ocl-jit-usm,cpu,conv,1024,iso,448,5900200,6307000
P3,sycl,dpcpp-ocl-jit-usm,cpu,conv,1024,iso,449,5806300,6272700
P3,sycl,dpcpp-ocl-jit-usm,cpu,conv,1024,iso,450,5946400,6154800
P3,sycl,dpcpp-ocl-jit-usm,cpu,conv,1024,iso,451,6062900,6138000
P3,sycl,dpcpp-ocl-jit-usm,cpu,conv,1024,iso,452,5970500,6257900
P3,sycl,dpcpp-ocl-jit-usm,cpu,conv,1024,iso,453,5826300,6363400
P3,sycl,dpcpp-ocl-jit-usm,cpu,conv,1024,iso,454,5789000,6283900
P3,sycl,dpcpp-ocl-jit-usm,cpu,conv,1024,iso,455,5949700,6125700
P3,sycl,dpcpp-ocl-jit-usm,cpu,conv,1024,iso,456,6048500,6267600
P3,sycl,dpcpp-ocl-jit-usm,cpu,conv,1024,iso,457,5825500,6247400
P3,sycl,dpcpp-ocl-jit-usm,cpu,conv,1024,iso,458,5827800,6224300
P3,sycl,dpcpp-ocl-jit-usm,cpu,conv,1024,iso,459,5944700,6269200
P3,sycl,dpcpp-ocl-jit-usm,cpu,conv,1024,iso,460,5953600,6334900
P3,sycl,dpcpp-ocl-jit-usm,cpu,conv,1024,iso,461,5958800,6260700
P3,sycl,dpcpp-ocl-jit-usm,cpu,conv,1024,iso,462,5940200,6303600
P3,sycl,dpcpp-ocl-jit-usm,cpu,conv,1024,iso,463,5840300,6259100
P3,sycl,dpcpp-ocl-jit-usm,cpu,conv,1024,iso,464,6055400,6159000
P3,sycl,dpcpp-ocl-jit-usm,cpu,conv,1024,iso,465,5951100,6126800
P3,sycl,dpcpp-ocl-jit-usm,cpu,conv,1024,iso,466,5941600,6269100
P3,sycl,dpcpp-ocl-jit-usm,cpu,conv,1024,iso,467,5895700,6378200
P3,sycl,dpcpp-ocl-jit-usm,cpu,conv,1024,iso,468,5979900,6148400
P3,sycl,dpcpp-ocl-jit-usm,cpu,conv,1024,iso,469,5926100,6141800
P3,sycl,dpcpp-ocl-jit-usm,cpu,conv,1024,iso,470,6063600,6365700
P3,sycl,dpcpp-ocl-jit-usm,cpu,conv,1024,iso,471,5958600,6331900
P3,sycl,dpcpp-ocl-jit-usm,cpu,conv,1024,iso,472,5786800,6341700
P3,sycl,dpcpp-ocl-jit-usm,cpu,conv,1024,iso,473,5959500,6132500
P3,sycl,dpcpp-ocl-jit-usm,cpu,conv,1024,iso,474,6097600,6151400
P3,sycl,dpcpp-ocl-jit-usm,cpu,conv,1024,iso,475,5950900,6287200
P3,sycl,dpcpp-ocl-jit-usm,cpu,conv,1024,iso,476,5811700,6403500
P3,sycl,dpcpp-ocl-jit-usm,cpu,conv,1024,iso,477,5810400,6274800
P3,sycl,dpcpp-ocl-jit-usm,cpu,conv,1024,iso,478,5946700,6095600
P3,sycl,dpcpp-ocl-jit-usm,cpu,conv,1024,iso,479,5967200,6248900
P3,sycl,dpcpp-ocl-jit-usm,cpu,conv,1024,iso,480,5924200,6298700
P3,sycl,dpcpp-ocl-jit-usm,cpu,conv,1024,iso,481,5793700,6270800
P3,sycl,dpcpp-ocl-jit-usm,cpu,conv,1024,iso,482,5954200,6231100
P3,sycl,dpcpp-ocl-jit-usm,cpu,conv,1024,iso,483,5968800,6175200
P3,sycl,dpcpp-ocl-jit-usm,cpu,conv,1024,iso,484,5944200,6255300
P3,sycl,dpcpp-ocl-jit-usm,cpu,conv,1024,iso,485,5922100,6289900
P3,sycl,dpcpp-ocl-jit-usm,cpu,conv,1024,iso,486,5807500,6381700
P3,sycl,dpcpp-ocl-jit-usm,cpu,conv,1024,iso,487,5924200,6129300
P3,sycl,dpcpp-ocl-jit-usm,cpu,conv,1024,iso,488,6053500,6120400
P3,sycl,dpcpp-ocl-jit-usm,cpu,conv,1024,iso,489,5970100,6247000
P3,sycl,dpcpp-ocl-jit-usm,cpu,conv,1024,iso,490,5792900,6338000
P3,sycl,dpcpp-ocl-jit-usm,cpu,conv,1024,iso,491,5960300,6835700
P3,sycl,dpcpp-ocl-jit-usm,cpu,conv,1024,iso,492,5915000,6167600
P3,sycl,dpcpp-ocl-jit-usm,cpu,conv,1024,iso,493,5930400,6194900
P3,sycl,dpcpp-ocl-jit-usm,cpu,conv,1024,iso,494,5850900,6278500
P3,sycl,dpcpp-ocl-jit-usm,cpu,conv,1024,iso,495,5831400,6259700
P3,sycl,dpcpp-ocl-jit-usm,cpu,conv,1024,iso,496,5921100,6272700
P3,sycl,dpcpp-ocl-jit-usm,cpu,conv,1024,iso,497,5965800,6122600
P3,sycl,dpcpp-ocl-jit-usm,cpu,conv,1024,iso,498,5951600,6375500
P3,sycl,dpcpp-ocl-jit-usm,cpu,conv,1024,iso,499,5843300,6282500
P3,sycl,dpcpp-ocl-jitprecise-usm,cpu,conv,1024,iso,0,5765800,6091900
P3,sycl,dpcpp-ocl-jitprecise-usm,cpu,conv,1024,iso,1,5795600,6301800
P3,sycl,dpcpp-ocl-jitprecise-usm,cpu,conv,1024,iso,2,5785200,6236200
P3,sycl,dpcpp-ocl-jitprecise-usm,cpu,conv,1024,iso,3,5623300,6120200
P3,sycl,dpcpp-ocl-jitprecise-usm,cpu,conv,1024,iso,4,5781500,6100500
P3,sycl,dpcpp-ocl-jitprecise-usm,cpu,conv,1024,iso,5,5828500,5932600
P3,sycl,dpcpp-ocl-jitprecise-usm,cpu,conv,1024,iso,6,5767600,6322500
P3,sycl,dpcpp-ocl-jitprecise-usm,cpu,conv,1024,iso,7,5795100,6103900
P3,sycl,dpcpp-ocl-jitprecise-usm,cpu,conv,1024,iso,8,5654900,6086400
P3,sycl,dpcpp-ocl-jitprecise-usm,cpu,conv,1024,iso,9,5610500,6157200
P3,sycl,dpcpp-ocl-jitprecise-usm,cpu,conv,1024,iso,10,5813900,6130500
P3,sycl,dpcpp-ocl-jitprecise-usm,cpu,conv,1024,iso,11,5830400,5937900
P3,sycl,dpcpp-ocl-jitprecise-usm,cpu,conv,1024,iso,12,5748300,6091200
P3,sycl,dpcpp-ocl-jitprecise-usm,cpu,conv,1024,iso,13,5733900,6090100
P3,sycl,dpcpp-ocl-jitprecise-usm,cpu,conv,1024,iso,14,5652000,6044200
P3,sycl,dpcpp-ocl-jitprecise-usm,cpu,conv,1024,iso,15,5789000,6035000
P3,sycl,dpcpp-ocl-jitprecise-usm,cpu,conv,1024,iso,16,5796000,5900000
P3,sycl,dpcpp-ocl-jitprecise-usm,cpu,conv,1024,iso,17,5792700,5942800
P3,sycl,dpcpp-ocl-jitprecise-usm,cpu,conv,1024,iso,18,5892800,6289400
P3,sycl,dpcpp-ocl-jitprecise-usm,cpu,conv,1024,iso,19,5633600,6107600
P3,sycl,dpcpp-ocl-jitprecise-usm,cpu,conv,1024,iso,20,5688400,6063800
P3,sycl,dpcpp-ocl-jitprecise-usm,cpu,conv,1024,iso,21,5861500,5938400
P3,sycl,dpcpp-ocl-jitprecise-usm,cpu,conv,1024,iso,22,5775900,5934500
P3,sycl,dpcpp-ocl-jitprecise-usm,cpu,conv,1024,iso,23,5811800,6064300
P3,sycl,dpcpp-ocl-jitprecise-usm,cpu,conv,1024,iso,24,5744900,6094800
P3,sycl,dpcpp-ocl-jitprecise-usm,cpu,conv,1024,iso,25,5640600,6039100
P3,sycl,dpcpp-ocl-jitprecise-usm,cpu,conv,1024,iso,26,5797400,5919100
P3,sycl,dpcpp-ocl-jitprecise-usm,cpu,conv,1024,iso,27,5873900,5937700
P3,sycl,dpcpp-ocl-jitprecise-usm,cpu,conv,1024,iso,28,5772000,5905600
P3,sycl,dpcpp-ocl-jitprecise-usm,cpu,conv,1024,iso,29,5792500,6218200
P3,sycl,dpcpp-ocl-jitprecise-usm,cpu,conv,1024,iso,30,5624700,6067700
P3,sycl,dpcpp-ocl-jitprecise-usm,cpu,conv,1024,iso,31,5635000,6061800
P3,sycl,dpcpp-ocl-jitprecise-usm,cpu,conv,1024,iso,32,5817700,6080100
P3,sycl,dpcpp-ocl-jitprecise-usm,cpu,conv,1024,iso,33,5796900,5939700
P3,sycl,dpcpp-ocl-jitprecise-usm,cpu,conv,1024,iso,34,5770500,6071300
P3,sycl,dpcpp-ocl-jitprecise-usm,cpu,conv,1024,iso,35,5656400,6215000
P3,sycl,dpcpp-ocl-jitprecise-usm,cpu,conv,1024,iso,36,5630300,6088900
P3,sycl,dpcpp-ocl-jitprecise-usm,cpu,conv,1024,iso,37,5618700,6042100
P3,sycl,dpcpp-ocl-jitprecise-usm,cpu,conv,1024,iso,38,5923800,5931700
P3,sycl,dpcpp-ocl-jitprecise-usm,cpu,conv,1024,iso,39,5769400,5921000
P3,sycl,dpcpp-ocl-jitprecise-usm,cpu,conv,1024,iso,40,5757700,6090600
P3,sycl,dpcpp-ocl-jitprecise-usm,cpu,conv,1024,iso,41,5770900,6121900
P3,sycl,dpcpp-ocl-jitprecise-usm,cpu,conv,1024,iso,42,5627400,6062700
P3,sycl,dpcpp-ocl-jitprecise-usm,cpu,conv,1024,iso,43,5770200,6005300
P3,sycl,dpcpp-ocl-jitprecise-usm,cpu,conv,1024,iso,44,5934800,5973000
P3,sycl,dpcpp-ocl-jitprecise-usm,cpu,conv,1024,iso,45,5773200,6098600
P3,sycl,dpcpp-ocl-jitprecise-usm,cpu,conv,1024,iso,46,5614300,6180600
P3,sycl,dpcpp-ocl-jitprecise-usm,cpu,conv,1024,iso,47,5654000,6065600
P3,sycl,dpcpp-ocl-jitprecise-usm,cpu,conv,1024,iso,48,5651400,6050500
P3,sycl,dpcpp-ocl-jitprecise-usm,cpu,conv,1024,iso,49,5949800,5973800
P3,sycl,dpcpp-ocl-jitprecise-usm,cpu,conv,1024,iso,50,5806700,5926500
P3,sycl,dpcpp-ocl-jitprecise-usm,cpu,conv,1024,iso,51,5797700,6416000
P3,sycl,dpcpp-ocl-jitprecise-usm,cpu,conv,1024,iso,52,5939700,6219900
P3,sycl,dpcpp-ocl-jitprecise-usm,cpu,conv,1024,iso,53,5671900,6079100
P3,sycl,dpcpp-ocl-jitprecise-usm,cpu,conv,1024,iso,54,5770100,5918500
P3,sycl,dpcpp-ocl-jitprecise-usm,cpu,conv,1024,iso,55,5868700,5951600
P3,sycl,dpcpp-ocl-jitprecise-usm,cpu,conv,1024,iso,56,5803900,6063100
P3,sycl,dpcpp-ocl-jitprecise-usm,cpu,conv,1024,iso,57,5641100,6171100
P3,sycl,dpcpp-ocl-jitprecise-usm,cpu,conv,1024,iso,58,5638000,6079300
P3,sycl,dpcpp-ocl-jitprecise-usm,cpu,conv,1024,iso,59,5654400,6067800
P3,sycl,dpcpp-ocl-jitprecise-usm,cpu,conv,1024,iso,60,5763700,6009600
P3,sycl,dpcpp-ocl-jitprecise-usm,cpu,conv,1024,iso,61,5882200,6028000
P3,sycl,dpcpp-ocl-jitprecise-usm,cpu,conv,1024,iso,62,5804000,6132800
P3,sycl,dpcpp-ocl-jitprecise-usm,cpu,conv,1024,iso,63,5616500,6255500
P3,sycl,dpcpp-ocl-jitprecise-usm,cpu,conv,1024,iso,64,5623400,6083100
P3,sycl,dpcpp-ocl-jitprecise-usm,cpu,conv,1024,iso,65,5805200,5902300
P3,sycl,dpcpp-ocl-jitprecise-usm,cpu,conv,1024,iso,66,5897100,5930200
P3,sycl,dpcpp-ocl-jitprecise-usm,cpu,conv,1024,iso,67,5796400,6063800
P3,sycl,dpcpp-ocl-jitprecise-usm,cpu,conv,1024,iso,68,5652900,6047900
P3,sycl,dpcpp-ocl-jitprecise-usm,cpu,conv,1024,iso,69,5624600,6172500
P3,sycl,dpcpp-ocl-jitprecise-usm,cpu,conv,1024,iso,70,5632700,6061100
P3,sycl,dpcpp-ocl-jitprecise-usm,cpu,conv,1024,iso,71,5815800,6360100
P3,sycl,dpcpp-ocl-jitprecise-usm,cpu,conv,1024,iso,72,5747000,5991200
P3,sycl,dpcpp-ocl-jitprecise-usm,cpu,conv,1024,iso,73,5639600,6056300
P3,sycl,dpcpp-ocl-jitprecise-usm,cpu,conv,1024,iso,74,5661800,6226800
P3,sycl,dpcpp-ocl-jitprecise-usm,cpu,conv,1024,iso,75,5624800,6064900
P3,sycl,dpcpp-ocl-jitprecise-usm,cpu,conv,1024,iso,76,5780500,5912900
P3,sycl,dpcpp-ocl-jitprecise-usm,cpu,conv,1024,iso,77,5828100,5900000
P3,sycl,dpcpp-ocl-jitprecise-usm,cpu,conv,1024,iso,78,5874400,6122800
P3,sycl,dpcpp-ocl-jitprecise-usm,cpu,conv,1024,iso,79,5627500,6048700
P3,sycl,dpcpp-ocl-jitprecise-usm,cpu,conv,1024,iso,80,5671100,6189300
P3,sycl,dpcpp-ocl-jitprecise-usm,cpu,conv,1024,iso,81,5655800,6081200
P3,sycl,dpcpp-ocl-jitprecise-usm,cpu,conv,1024,iso,82,5771100,5954700
P3,sycl,dpcpp-ocl-jitprecise-usm,cpu,conv,1024,iso,83,5914400,5992900
P3,sycl,dpcpp-ocl-jitprecise-usm,cpu,conv,1024,iso,84,5773300,6077900
P3,sycl,dpcpp-ocl-jitprecise-usm,cpu,conv,1024,iso,85,5650500,6117800
P3,sycl,dpcpp-ocl-jitprecise-usm,cpu,conv,1024,iso,86,5685400,6158400
P3,sycl,dpcpp-ocl-jitprecise-usm,cpu,conv,1024,iso,87,5784800,5965100
P3,sycl,dpcpp-ocl-jitprecise-usm,cpu,conv,1024,iso,88,5761100,5931900
P3,sycl,dpcpp-ocl-jitprecise-usm,cpu,conv,1024,iso,89,5899600,6082400
P3,sycl,dpcpp-ocl-jitprecise-usm,cpu,conv,1024,iso,90,5664300,6045500
P3,sycl,dpcpp-ocl-jitprecise-usm,cpu,conv,1024,iso,91,5646000,6244600
P3,sycl,dpcpp-ocl-jitprecise-usm,cpu,conv,1024,iso,92,5661900,6124100
P3,sycl,dpcpp-ocl-jitprecise-usm,cpu,conv,1024,iso,93,5760100,5945300
P3,sycl,dpcpp-ocl-jitprecise-usm,cpu,conv,1024,iso,94,5760800,5901600
P3,sycl,dpcpp-ocl-jitprecise-usm,cpu,conv,1024,iso,95,5937400,6111400
P3,sycl,dpcpp-ocl-jitprecise-usm,cpu,conv,1024,iso,96,5629700,6115400
P3,sycl,dpcpp-ocl-jitprecise-usm,cpu,conv,1024,iso,97,5621200,6273800
P3,sycl,dpcpp-ocl-jitprecise-usm,cpu,conv,1024,iso,98,5813800,5946600
P3,sycl,dpcpp-ocl-jitprecise-usm,cpu,conv,1024,iso,99,5782500,5917500
P3,sycl,dpcpp-ocl-jitprecise-usm,cpu,conv,1024,iso,100,5887500,5931100
P3,sycl,dpcpp-ocl-jitprecise-usm,cpu,conv,1024,iso,101,5802300,6068700
P3,sycl,dpcpp-ocl-jitprecise-usm,cpu,conv,1024,iso,102,5627800,6277100
P3,sycl,dpcpp-ocl-jitprecise-usm,cpu,conv,1024,iso,103,5627100,6252400
P3,sycl,dpcpp-ocl-jitprecise-usm,cpu,conv,1024,iso,104,5843500,5965200
P3,sycl,dpcpp-ocl-jitprecise-usm,cpu,conv,1024,iso,105,5770000,5930400
P3,sycl,dpcpp-ocl-jitprecise-usm,cpu,conv,1024,iso,106,5863200,6176800
P3,sycl,dpcpp-ocl-jitprecise-usm,cpu,conv,1024,iso,107,5760300,6125300
P3,sycl,dpcpp-ocl-jitprecise-usm,cpu,conv,1024,iso,108,5627700,6072300
P3,sycl,dpcpp-ocl-jitprecise-usm,cpu,conv,1024,iso,109,5771500,5899200
P3,sycl,dpcpp-ocl-jitprecise-usm,cpu,conv,1024,iso,110,5905300,5944300
P3,sycl,dpcpp-ocl-jitprecise-usm,cpu,conv,1024,iso,111,5825800,6085800
P3,sycl,dpcpp-ocl-jitprecise-usm,cpu,conv,1024,iso,112,5628200,6183200
P3,sycl,dpcpp-ocl-jitprecise-usm,cpu,conv,1024,iso,113,5675100,6081700
P3,sycl,dpcpp-ocl-jitprecise-usm,cpu,conv,1024,iso,114,5641900,6043200
P3,sycl,dpcpp-ocl-jitprecise-usm,cpu,conv,1024,iso,115,5773200,5906400
P3,sycl,dpcpp-ocl-jitprecise-usm,cpu,conv,1024,iso,116,5948000,5961000
P3,sycl,dpcpp-ocl-jitprecise-usm,cpu,conv,1024,iso,117,5769800,6059800
P3,sycl,dpcpp-ocl-jitprecise-usm,cpu,conv,1024,iso,118,5659300,6161000
P3,sycl,dpcpp-ocl-jitprecise-usm,cpu,conv,1024,iso,119,5680600,6053000
P3,sycl,dpcpp-ocl-jitprecise-usm,cpu,conv,1024,iso,120,5775200,5938400
P3,sycl,dpcpp-ocl-jitprecise-usm,cpu,conv,1024,iso,121,5868500,5944300
P3,sycl,dpcpp-ocl-jitprecise-usm,cpu,conv,1024,iso,122,5819400,5912500
P3,sycl,dpcpp-ocl-jitprecise-usm,cpu,conv,1024,iso,123,5773200,6051400
P3,sycl,dpcpp-ocl-jitprecise-usm,cpu,conv,1024,iso,124,5631200,6183000
P3,sycl,dpcpp-ocl-jitprecise-usm,cpu,conv,1024,iso,125,5644600,6077400
P3,sycl,dpcpp-ocl-jitprecise-usm,cpu,conv,1024,iso,126,5765400,5899200
P3,sycl,dpcpp-ocl-jitprecise-usm,cpu,conv,1024,iso,127,5867100,5955800
P3,sycl,dpcpp-ocl-jitprecise-usm,cpu,conv,1024,iso,128,5911100,6059800
P3,sycl,dpcpp-ocl-jitprecise-usm,cpu,conv,1024,iso,129,5623700,6161700
P3,sycl,dpcpp-ocl-jitprecise-usm,cpu,conv,1024,iso,130,5611800,6065000
P3,sycl,dpcpp-ocl-jitprecise-usm,cpu,conv,1024,iso,131,5656400,6044500
P3,sycl,dpcpp-ocl-jitprecise-usm,cpu,conv,1024,iso,132,5800000,5901000
P3,sycl,dpcpp-ocl-jitprecise-usm,cpu,conv,1024,iso,133,5902200,5938600
P3,sycl,dpcpp-ocl-jitprecise-usm,cpu,conv,1024,iso,134,5861100,6095000
P3,sycl,dpcpp-ocl-jitprecise-usm,cpu,conv,1024,iso,135,5617000,6189800
P3,sycl,dpcpp-ocl-jitprecise-usm,cpu,conv,1024,iso,136,5611900,6071200
P3,sycl,dpcpp-ocl-jitprecise-usm,cpu,conv,1024,iso,137,5804000,5919000
P3,sycl,dpcpp-ocl-jitprecise-usm,cpu,conv,1024,iso,138,5912600,5946500
P3,sycl,dpcpp-ocl-jitprecise-usm,cpu,conv,1024,iso,139,5765800,5927700
P3,sycl,dpcpp-ocl-jitprecise-usm,cpu,conv,1024,iso,140,5782600,6048700
P3,sycl,dpcpp-ocl-jitprecise-usm,cpu,conv,1024,iso,141,5628500,6181800
P3,sycl,dpcpp-ocl-jitprecise-usm,cpu,conv,1024,iso,142,5646700,6075200
P3,sycl,dpcpp-ocl-jitprecise-usm,cpu,conv,1024,iso,143,5790400,5910800
P3,sycl,dpcpp-ocl-jitprecise-usm,cpu,conv,1024,iso,144,5873800,5955800
P3,sycl,dpcpp-ocl-jitprecise-usm,cpu,conv,1024,iso,145,5768900,6118000
P3,sycl,dpcpp-ocl-jitprecise-usm,cpu,conv,1024,iso,146,5681600,6172600
P3,sycl,dpcpp-ocl-jitprecise-usm,cpu,conv,1024,iso,147,5635200,6058500
P3,sycl,dpcpp-ocl-jitprecise-usm,cpu,conv,1024,iso,148,5635900,6045900
P3,sycl,dpcpp-ocl-jitprecise-usm,cpu,conv,1024,iso,149,5784800,5910300
P3,sycl,dpcpp-ocl-jitprecise-usm,cpu,conv,1024,iso,150,5867200,5932300
P3,sycl,dpcpp-ocl-jitprecise-usm,cpu,conv,1024,iso,151,5779900,6056000
P3,sycl,dpcpp-ocl-jitprecise-usm,cpu,conv,1024,iso,152,5649400,6166600
P3,sycl,dpcpp-ocl-jitprecise-usm,cpu,conv,1024,iso,153,5617300,6081700
P3,sycl,dpcpp-ocl-jitprecise-usm,cpu,conv,1024,iso,154,5754800,5903900
P3,sycl,dpcpp-ocl-jitprecise-usm,cpu,conv,1024,iso,155,5903000,5919100
P3,sycl,dpcpp-ocl-jitprecise-usm,cpu,conv,1024,iso,156,5793900,5917400
P3,sycl,dpcpp-ocl-jitprecise-usm,cpu,conv,1024,iso,157,5764900,6504800
P3,sycl,dpcpp-ocl-jitprecise-usm,cpu,conv,1024,iso,158,5690100,6099900
P3,sycl,dpcpp-ocl-jitprecise-usm,cpu,conv,1024,iso,159,5631200,6056900
P3,sycl,dpcpp-ocl-jitprecise-usm,cpu,conv,1024,iso,160,5784700,5929200
P3,sycl,dpcpp-ocl-jitprecise-usm,cpu,conv,1024,iso,161,5974100,5942400
P3,sycl,dpcpp-ocl-jitprecise-usm,cpu,conv,1024,iso,162,5758000,6074500
P3,sycl,dpcpp-ocl-jitprecise-usm,cpu,conv,1024,iso,163,5627800,6200800
P3,sycl,dpcpp-ocl-jitprecise-usm,cpu,conv,1024,iso,164,5663400,6072800
P3,sycl,dpcpp-ocl-jitprecise-usm,cpu,conv,1024,iso,165,5774300,5908900
P3,sycl,dpcpp-ocl-jitprecise-usm,cpu,conv,1024,iso,166,5753700,5952000
P3,sycl,dpcpp-ocl-jitprecise-usm,cpu,conv,1024,iso,167,5911100,5993900
P3,sycl,dpcpp-ocl-jitprecise-usm,cpu,conv,1024,iso,168,5778200,6071300
P3,sycl,dpcpp-ocl-jitprecise-usm,cpu,conv,1024,iso,169,5649800,6177100
P3,sycl,dpcpp-ocl-jitprecise-usm,cpu,conv,1024,iso,170,5687000,6144100
P3,sycl,dpcpp-ocl-jitprecise-usm,cpu,conv,1024,iso,171,5772200,5937400
P3,sycl,dpcpp-ocl-jitprecise-usm,cpu,conv,1024,iso,172,5858500,5959100
P3,sycl,dpcpp-ocl-jitprecise-usm,cpu,conv,1024,iso,173,5812500,6050100
P3,sycl,dpcpp-ocl-jitprecise-usm,cpu,conv,1024,iso,174,5633000,6032900
P3,sycl,dpcpp-ocl-jitprecise-usm,cpu,conv,1024,iso,175,5625300,6145900
P3,sycl,dpcpp-ocl-jitprecise-usm,cpu,conv,1024,iso,176,5661900,6159700
P3,sycl,dpcpp-ocl-jitprecise-usm,cpu,conv,1024,iso,177,5773100,5921200
P3,sycl,dpcpp-ocl-jitprecise-usm,cpu,conv,1024,iso,178,5867300,5957900
P3,sycl,dpcpp-ocl-jitprecise-usm,cpu,conv,1024,iso,179,5889800,6091400
P3,sycl,dpcpp-ocl-jitprecise-usm,cpu,conv,1024,iso,180,5626000,6176100
P3,sycl,dpcpp-ocl-jitprecise-usm,cpu,conv,1024,iso,181,5633000,6080700
P3,sycl,dpcpp-ocl-jitprecise-usm,cpu,conv,1024,iso,182,5791800,5905600
P3,sycl,dpcpp-ocl-jitprecise-usm,cpu,conv,1024,iso,183,5780700,5941700
P3,sycl,dpcpp-ocl-jitprecise-usm,cpu,conv,1024,iso,184,5919600,6101700
P3,sycl,dpcpp-ocl-jitprecise-usm,cpu,conv,1024,iso,185,5648800,6067400
P3,sycl,dpcpp-ocl-jitprecise-usm,cpu,conv,1024,iso,186,5622900,6194300
P3,sycl,dpcpp-ocl-jitprecise-usm,cpu,conv,1024,iso,187,5631100,6273900
P3,sycl,dpcpp-ocl-jitprecise-usm,cpu,conv,1024,iso,188,5846400,5974600
P3,sycl,dpcpp-ocl-jitprecise-usm,cpu,conv,1024,iso,189,5879600,6131900
P3,sycl,dpcpp-ocl-jitprecise-usm,cpu,conv,1024,iso,190,5789300,6094000
P3,sycl,dpcpp-ocl-jitprecise-usm,cpu,conv,1024,iso,191,5670900,6032900
P3,sycl,dpcpp-ocl-jitprecise-usm,cpu,conv,1024,iso,192,5636400,6153100
P3,sycl,dpcpp-ocl-jitprecise-usm,cpu,conv,1024,iso,193,5791100,5915200
P3,sycl,dpcpp-ocl-jitprecise-usm,cpu,conv,1024,iso,194,5814900,5902500
P3,sycl,dpcpp-ocl-jitprecise-usm,cpu,conv,1024,iso,195,5865200,6111000
P3,sycl,dpcpp-ocl-jitprecise-usm,cpu,conv,1024,iso,196,5624400,6053100
P3,sycl,dpcpp-ocl-jitprecise-usm,cpu,conv,1024,iso,197,5654800,6164700
P3,sycl,dpcpp-ocl-jitprecise-usm,cpu,conv,1024,iso,198,5630000,6063200
P3,sycl,dpcpp-ocl-jitprecise-usm,cpu,conv,1024,iso,199,5774300,5926600
P3,sycl,dpcpp-ocl-jitprecise-usm,cpu,conv,1024,iso,200,5791600,5946600
P3,sycl,dpcpp-ocl-jitprecise-usm,cpu,conv,1024,iso,201,5867000,6080900
P3,sycl,dpcpp-ocl-jitprecise-usm,cpu,conv,1024,iso,202,5639100,6042000
P3,sycl,dpcpp-ocl-jitprecise-usm,cpu,conv,1024,iso,203,5670700,6177400
P3,sycl,dpcpp-ocl-jitprecise-usm,cpu,conv,1024,iso,204,5766800,5922200
P3,sycl,dpcpp-ocl-jitprecise-usm,cpu,conv,1024,iso,205,5753600,5918000
P3,sycl,dpcpp-ocl-jitprecise-usm,cpu,conv,1024,iso,206,5904200,5947000
P3,sycl,dpcpp-ocl-jitprecise-usm,cpu,conv,1024,iso,207,5786300,6062500
P3,sycl,dpcpp-ocl-jitprecise-usm,cpu,conv,1024,iso,208,5634500,6029900
P3,sycl,dpcpp-ocl-jitprecise-usm,cpu,conv,1024,iso,209,5669400,6162100
P3,sycl,dpcpp-ocl-jitprecise-usm,cpu,conv,1024,iso,210,5783400,5911200
P3,sycl,dpcpp-ocl-jitprecise-usm,cpu,conv,1024,iso,211,5780600,5903900
P3,sycl,dpcpp-ocl-jitprecise-usm,cpu,conv,1024,iso,212,5892400,6195300
P3,sycl,dpcpp-ocl-jitprecise-usm,cpu,conv,1024,iso,213,5620700,6075100
P3,sycl,dpcpp-ocl-jitprecise-usm,cpu,conv,1024,iso,214,5627600,6191800
P3,sycl,dpcpp-ocl-jitprecise-usm,cpu,conv,1024,iso,215,5661100,6257400
P3,sycl,dpcpp-ocl-jitprecise-usm,cpu,conv,1024,iso,216,5773200,5922800
P3,sycl,dpcpp-ocl-jitprecise-usm,cpu,conv,1024,iso,217,5777800,5926700
P3,sycl,dpcpp-ocl-jitprecise-usm,cpu,conv,1024,iso,218,5901900,6207300
P3,sycl,dpcpp-ocl-jitprecise-usm,cpu,conv,1024,iso,219,5629100,6079100
P3,sycl,dpcpp-ocl-jitprecise-usm,cpu,conv,1024,iso,220,5620200,6207800
P3,sycl,dpcpp-ocl-jitprecise-usm,cpu,conv,1024,iso,221,5829200,6118500
P3,sycl,dpcpp-ocl-jitprecise-usm,cpu,conv,1024,iso,222,5791300,5951000
P3,sycl,dpcpp-ocl-jitprecise-usm,cpu,conv,1024,iso,223,5765300,6086900
P3,sycl,dpcpp-ocl-jitprecise-usm,cpu,conv,1024,iso,224,5654600,6230100
P3,sycl,dpcpp-ocl-jitprecise-usm,cpu,conv,1024,iso,225,5625700,6068000
P3,sycl,dpcpp-ocl-jitprecise-usm,cpu,conv,1024,iso,226,5776200,5908900
P3,sycl,dpcpp-ocl-jitprecise-usm,cpu,conv,1024,iso,227,5916000,5977100
P3,sycl,dpcpp-ocl-jitprecise-usm,cpu,conv,1024,iso,228,5767300,5937900
P3,sycl,dpcpp-ocl-jitprecise-usm,cpu,conv,1024,iso,229,5765300,6044200
P3,sycl,dpcpp-ocl-jitprecise-usm,cpu,conv,1024,iso,230,5759200,6165700
P3,sycl,dpcpp-ocl-jitprecise-usm,cpu,conv,1024,iso,231,5645300,6063300
P3,sycl,dpcpp-ocl-jitprecise-usm,cpu,conv,1024,iso,232,5755300,5916100
P3,sycl,dpcpp-ocl-jitprecise-usm,cpu,conv,1024,iso,233,5890200,5965200
P3,sycl,dpcpp-ocl-jitprecise-usm,cpu,conv,1024,iso,234,5769500,6052200
P3,sycl,dpcpp-ocl-jitprecise-usm,cpu,conv,1024,iso,235,5643800,6203100
P3,sycl,dpcpp-ocl-jitprecise-usm,cpu,conv,1024,iso,236,5675400,6087900
P3,sycl,dpcpp-ocl-jitprecise-usm,cpu,conv,1024,iso,237,5618500,6070600
P3,sycl,dpcpp-ocl-jitprecise-usm,cpu,conv,1024,iso,238,5759600,5918500
P3,sycl,dpcpp-ocl-jitprecise-usm,cpu,conv,1024,iso,239,5916700,5940200
P3,sycl,dpcpp-ocl-jitprecise-usm,cpu,conv,1024,iso,240,5798900,6054800
P3,sycl,dpcpp-ocl-jitprecise-usm,cpu,conv,1024,iso,241,5625200,6190200
P3,sycl,dpcpp-ocl-jitprecise-usm,cpu,conv,1024,iso,242,5659000,6083300
P3,sycl,dpcpp-ocl-jitprecise-usm,cpu,conv,1024,iso,243,6130300,6022300
P3,sycl,dpcpp-ocl-jitprecise-usm,cpu,conv,1024,iso,244,5740900,5975500
P3,sycl,dpcpp-ocl-jitprecise-usm,cpu,conv,1024,iso,245,5773700,6078500
P3,sycl,dpcpp-ocl-jitprecise-usm,cpu,conv,1024,iso,246,5636800,6074200
P3,sycl,dpcpp-ocl-jitprecise-usm,cpu,conv,1024,iso,247,5626600,6213900
P3,sycl,dpcpp-ocl-jitprecise-usm,cpu,conv,1024,iso,248,5662100,6056200
P3,sycl,dpcpp-ocl-jitprecise-usm,cpu,conv,1024,iso,249,5777500,6065500
P3,sycl,dpcpp-ocl-jitprecise-usm,cpu,conv,1024,iso,250,5939200,6041800
P3,sycl,dpcpp-ocl-jitprecise-usm,cpu,conv,1024,iso,251,5814500,6152200
P3,sycl,dpcpp-ocl-jitprecise-usm,cpu,conv,1024,iso,252,5619500,6224000
P3,sycl,dpcpp-ocl-jitprecise-usm,cpu,conv,1024,iso,253,5610900,6070200
P3,sycl,dpcpp-ocl-jitprecise-usm,cpu,conv,1024,iso,254,5804000,5913500
P3,sycl,dpcpp-ocl-jitprecise-usm,cpu,conv,1024,iso,255,5866300,5903700
P3,sycl,dpcpp-ocl-jitprecise-usm,cpu,conv,1024,iso,256,5869200,6094900
P3,sycl,dpcpp-ocl-jitprecise-usm,cpu,conv,1024,iso,257,5648000,6024100
P3,sycl,dpcpp-ocl-jitprecise-usm,cpu,conv,1024,iso,258,5639100,6159400
P3,sycl,dpcpp-ocl-jitprecise-usm,cpu,conv,1024,iso,259,5636700,6086800
P3,sycl,dpcpp-ocl-jitprecise-usm,cpu,conv,1024,iso,260,5796500,5924200
P3,sycl,dpcpp-ocl-jitprecise-usm,cpu,conv,1024,iso,261,5980700,5952600
P3,sycl,dpcpp-ocl-jitprecise-usm,cpu,conv,1024,iso,262,5768600,6048300
P3,sycl,dpcpp-ocl-jitprecise-usm,cpu,conv,1024,iso,263,5661400,6045900
P3,sycl,dpcpp-ocl-jitprecise-usm,cpu,conv,1024,iso,264,5616300,6243100
P3,sycl,dpcpp-ocl-jitprecise-usm,cpu,conv,1024,iso,265,5772100,5945600
P3,sycl,dpcpp-ocl-jitprecise-usm,cpu,conv,1024,iso,266,5787600,5911700
P3,sycl,dpcpp-ocl-jitprecise-usm,cpu,conv,1024,iso,267,5859000,5933800
P3,sycl,dpcpp-ocl-jitprecise-usm,cpu,conv,1024,iso,268,5782200,6054600
P3,sycl,dpcpp-ocl-jitprecise-usm,cpu,conv,1024,iso,269,5685000,6231300
P3,sycl,dpcpp-ocl-jitprecise-usm,cpu,conv,1024,iso,270,5621300,6103600
P3,sycl,dpcpp-ocl-jitprecise-usm,cpu,conv,1024,iso,271,5769900,5931600
P3,sycl,dpcpp-ocl-jitprecise-usm,cpu,conv,1024,iso,272,5822200,6170500
P3,sycl,dpcpp-ocl-jitprecise-usm,cpu,conv,1024,iso,273,5902000,6117500
P3,sycl,dpcpp-ocl-jitprecise-usm,cpu,conv,1024,iso,274,5635600,6062100
P3,sycl,dpcpp-ocl-jitprecise-usm,cpu,conv,1024,iso,275,5673500,6247400
P3,sycl,dpcpp-ocl-jitprecise-usm,cpu,conv,1024,iso,276,5778600,5954200
P3,sycl,dpcpp-ocl-jitprecise-usm,cpu,conv,1024,iso,277,5771500,5913700
P3,sycl,dpcpp-ocl-jitprecise-usm,cpu,conv,1024,iso,278,5920000,6101600
P3,sycl,dpcpp-ocl-jitprecise-usm,cpu,conv,1024,iso,279,5627600,6075800
P3,sycl,dpcpp-ocl-jitprecise-usm,cpu,conv,1024,iso,280,5629700,6060000
P3,sycl,dpcpp-ocl-jitprecise-usm,cpu,conv,1024,iso,281,5664100,6153400
P3,sycl,dpcpp-ocl-jitprecise-usm,cpu,conv,1024,iso,282,5784600,5925900
P3,sycl,dpcpp-ocl-jitprecise-usm,cpu,conv,1024,iso,283,5796800,5910000
P3,sycl,dpcpp-ocl-jitprecise-usm,cpu,conv,1024,iso,284,5917400,6107400
P3,sycl,dpcpp-ocl-jitprecise-usm,cpu,conv,1024,iso,285,5625100,6056800
P3,sycl,dpcpp-ocl-jitprecise-usm,cpu,conv,1024,iso,286,5629700,6158100
P3,sycl,dpcpp-ocl-jitprecise-usm,cpu,conv,1024,iso,287,5672200,6083800
P3,sycl,dpcpp-ocl-jitprecise-usm,cpu,conv,1024,iso,288,5768900,5918600
P3,sycl,dpcpp-ocl-jitprecise-usm,cpu,conv,1024,iso,289,5751600,5913500
P3,sycl,dpcpp-ocl-jitprecise-usm,cpu,conv,1024,iso,290,5924500,6104000
P3,sycl,dpcpp-ocl-jitprecise-usm,cpu,conv,1024,iso,291,5641800,6052300
P3,sycl,dpcpp-ocl-jitprecise-usm,cpu,conv,1024,iso,292,5642600,6152100
P3,sycl,dpcpp-ocl-jitprecise-usm,cpu,conv,1024,iso,293,5810000,5933100
P3,sycl,dpcpp-ocl-jitprecise-usm,cpu,conv,1024,iso,294,5758000,5928000
P3,sycl,dpcpp-ocl-jitprecise-usm,cpu,conv,1024,iso,295,5872000,6103600
P3,sycl,dpcpp-ocl-jitprecise-usm,cpu,conv,1024,iso,296,5681700,6058600
P3,sycl,dpcpp-ocl-jitprecise-usm,cpu,conv,1024,iso,297,5666900,6123000
P3,sycl,dpcpp-ocl-jitprecise-usm,cpu,conv,1024,iso,298,5630200,6195600
P3,sycl,dpcpp-ocl-jitprecise-usm,cpu,conv,1024,iso,299,5804900,5945400
P3,sycl,dpcpp-ocl-jitprecise-usm,cpu,conv,1024,iso,300,5755400,5908000
P3,sycl,dpcpp-ocl-jitprecise-usm,cpu,conv,1024,iso,301,5892300,6088800
P3,sycl,dpcpp-ocl-jitprecise-usm,cpu,conv,1024,iso,302,5660400,6071500
P3,sycl,dpcpp-ocl-jitprecise-usm,cpu,conv,1024,iso,303,5613200,6230900
P3,sycl,dpcpp-ocl-jitprecise-usm,cpu,conv,1024,iso,304,5773000,5908100
P3,sycl,dpcpp-ocl-jitprecise-usm,cpu,conv,1024,iso,305,5854000,5913000
P3,sycl,dpcpp-ocl-jitprecise-usm,cpu,conv,1024,iso,306,5767200,5910200
P3,sycl,dpcpp-ocl-jitprecise-usm,cpu,conv,1024,iso,307,5868600,6106200
P3,sycl,dpcpp-ocl-jitprecise-usm,cpu,conv,1024,iso,308,5658600,6054500
P3,sycl,dpcpp-ocl-jitprecise-usm,cpu,conv,1024,iso,309,5624700,6161100
P3,sycl,dpcpp-ocl-jitprecise-usm,cpu,conv,1024,iso,310,5812800,5915900
P3,sycl,dpcpp-ocl-jitprecise-usm,cpu,conv,1024,iso,311,5804300,5921700
P3,sycl,dpcpp-ocl-jitprecise-usm,cpu,conv,1024,iso,312,5899400,6103000
P3,sycl,dpcpp-ocl-jitprecise-usm,cpu,conv,1024,iso,313,5617400,6040800
P3,sycl,dpcpp-ocl-jitprecise-usm,cpu,conv,1024,iso,314,5681100,6032900
P3,sycl,dpcpp-ocl-jitprecise-usm,cpu,conv,1024,iso,315,5723900,6168700
P3,sycl,dpcpp-ocl-jitprecise-usm,cpu,conv,1024,iso,316,5772000,5954200
P3,sycl,dpcpp-ocl-jitprecise-usm,cpu,conv,1024,iso,317,5780200,5986900
P3,sycl,dpcpp-ocl-jitprecise-usm,cpu,conv,1024,iso,318,5859500,6103500
P3,sycl,dpcpp-ocl-jitprecise-usm,cpu,conv,1024,iso,319,5636000,6044500
P3,sycl,dpcpp-ocl-jitprecise-usm,cpu,conv,1024,iso,320,5671800,6155400
P3,sycl,dpcpp-ocl-jitprecise-usm,cpu,conv,1024,iso,321,5771000,5938700
P3,sycl,dpcpp-ocl-jitprecise-usm,cpu,conv,1024,iso,322,5766000,5926900
P3,sycl,dpcpp-ocl-jitprecise-usm,cpu,conv,1024,iso,323,5783800,6045800
P3,sycl,dpcpp-ocl-jitprecise-usm,cpu,conv,1024,iso,324,5768200,6091700
P3,sycl,dpcpp-ocl-jitprecise-usm,cpu,conv,1024,iso,325,5640200,6040700
P3,sycl,dpcpp-ocl-jitprecise-usm,cpu,conv,1024,iso,326,5674100,6179500
P3,sycl,dpcpp-ocl-jitprecise-usm,cpu,conv,1024,iso,327,5791100,5939100
P3,sycl,dpcpp-ocl-jitprecise-usm,cpu,conv,1024,iso,328,5776800,5918300
P3,sycl,dpcpp-ocl-jitprecise-usm,cpu,conv,1024,iso,329,6546900,6031400
P3,sycl,dpcpp-ocl-jitprecise-usm,cpu,conv,1024,iso,330,5637200,6053100
P3,sycl,dpcpp-ocl-jitprecise-usm,cpu,conv,1024,iso,331,5644700,6028100
P3,sycl,dpcpp-ocl-jitprecise-usm,cpu,conv,1024,iso,332,5794400,6113600
P3,sycl,dpcpp-ocl-jitprecise-usm,cpu,conv,1024,iso,333,5799700,5946800
P3,sycl,dpcpp-ocl-jitprecise-usm,cpu,conv,1024,iso,334,5792900,6074700
P3,sycl,dpcpp-ocl-jitprecise-usm,cpu,conv,1024,iso,335,5811800,6297700
P3,sycl,dpcpp-ocl-jitprecise-usm,cpu,conv,1024,iso,336,5615900,6125500
P3,sycl,dpcpp-ocl-jitprecise-usm,cpu,conv,1024,iso,337,5628300,6087100
P3,sycl,dpcpp-ocl-jitprecise-usm,cpu,conv,1024,iso,338,5838000,5901800
P3,sycl,dpcpp-ocl-jitprecise-usm,cpu,conv,1024,iso,339,5900500,6043600
P3,sycl,dpcpp-ocl-jitprecise-usm,cpu,conv,1024,iso,340,5778500,6096400
P3,sycl,dpcpp-ocl-jitprecise-usm,cpu,conv,1024,iso,341,5642100,6174000
P3,sycl,dpcpp-ocl-jitprecise-usm,cpu,conv,1024,iso,342,5634000,6051300
P3,sycl,dpcpp-ocl-jitprecise-usm,cpu,conv,1024,iso,343,5780800,5904100
P3,sycl,dpcpp-ocl-jitprecise-usm,cpu,conv,1024,iso,344,5789900,5921300
P3,sycl,dpcpp-ocl-jitprecise-usm,cpu,conv,1024,iso,345,5859800,6120700
P3,sycl,dpcpp-ocl-jitprecise-usm,cpu,conv,1024,iso,346,5708500,6075200
P3,sycl,dpcpp-ocl-jitprecise-usm,cpu,conv,1024,iso,347,5652200,6160400
P3,sycl,dpcpp-ocl-jitprecise-usm,cpu,conv,1024,iso,348,5649000,6053300
P3,sycl,dpcpp-ocl-jitprecise-usm,cpu,conv,1024,iso,349,5766000,5912500
P3,sycl,dpcpp-ocl-jitprecise-usm,cpu,conv,1024,iso,350,5905800,6062900
P3,sycl,dpcpp-ocl-jitprecise-usm,cpu,conv,1024,iso,351,5764700,6070000
P3,sycl,dpcpp-ocl-jitprecise-usm,cpu,conv,1024,iso,352,5639200,6053000
P3,sycl,dpcpp-ocl-jitprecise-usm,cpu,conv,1024,iso,353,5663600,6170900
P3,sycl,dpcpp-ocl-jitprecise-usm,cpu,conv,1024,iso,354,5811100,5965800
P3,sycl,dpcpp-ocl-jitprecise-usm,cpu,conv,1024,iso,355,5768300,5941900
P3,sycl,dpcpp-ocl-jitprecise-usm,cpu,conv,1024,iso,356,5943800,6167800
P3,sycl,dpcpp-ocl-jitprecise-usm,cpu,conv,1024,iso,357,5748400,6158000
P3,sycl,dpcpp-ocl-jitprecise-usm,cpu,conv,1024,iso,358,5647400,6194000
P3,sycl,dpcpp-ocl-jitprecise-usm,cpu,conv,1024,iso,359,5668500,6083600
P3,sycl,dpcpp-ocl-jitprecise-usm,cpu,conv,1024,iso,360,5767900,5934000
P3,sycl,dpcpp-ocl-jitprecise-usm,cpu,conv,1024,iso,361,5760000,5896500
P3,sycl,dpcpp-ocl-jitprecise-usm,cpu,conv,1024,iso,362,5917500,6102700
P3,sycl,dpcpp-ocl-jitprecise-usm,cpu,conv,1024,iso,363,5630400,6123100
P3,sycl,dpcpp-ocl-jitprecise-usm,cpu,conv,1024,iso,364,5626200,6169100
P3,sycl,dpcpp-ocl-jitprecise-usm,cpu,conv,1024,iso,365,5808200,5930500
P3,sycl,dpcpp-ocl-jitprecise-usm,cpu,conv,1024,iso,366,5782200,5903500
P3,sycl,dpcpp-ocl-jitprecise-usm,cpu,conv,1024,iso,367,5886800,6114600
P3,sycl,dpcpp-ocl-jitprecise-usm,cpu,conv,1024,iso,368,5662700,6062800
P3,sycl,dpcpp-ocl-jitprecise-usm,cpu,conv,1024,iso,369,5626900,6041900
P3,sycl,dpcpp-ocl-jitprecise-usm,cpu,conv,1024,iso,370,5634000,6148400
P3,sycl,dpcpp-ocl-jitprecise-usm,cpu,conv,1024,iso,371,5819100,5925800
P3,sycl,dpcpp-ocl-jitprecise-usm,cpu,conv,1024,iso,372,5780000,5934900
P3,sycl,dpcpp-ocl-jitprecise-usm,cpu,conv,1024,iso,373,5861900,6120600
P3,sycl,dpcpp-ocl-jitprecise-usm,cpu,conv,1024,iso,374,5652200,6050700
P3,sycl,dpcpp-ocl-jitprecise-usm,cpu,conv,1024,iso,375,5639300,6193300
P3,sycl,dpcpp-ocl-jitprecise-usm,cpu,conv,1024,iso,376,5791500,5930800
P3,sycl,dpcpp-ocl-jitprecise-usm,cpu,conv,1024,iso,377,5800700,5914500
P3,sycl,dpcpp-ocl-jitprecise-usm,cpu,conv,1024,iso,378,5766600,5932400
P3,sycl,dpcpp-ocl-jitprecise-usm,cpu,conv,1024,iso,379,5866500,6109900
P3,sycl,dpcpp-ocl-jitprecise-usm,cpu,conv,1024,iso,380,5674200,6050600
P3,sycl,dpcpp-ocl-jitprecise-usm,cpu,conv,1024,iso,381,5651600,6183600
P3,sycl,dpcpp-ocl-jitprecise-usm,cpu,conv,1024,iso,382,5848200,5956100
P3,sycl,dpcpp-ocl-jitprecise-usm,cpu,conv,1024,iso,383,5791800,5927400
P3,sycl,dpcpp-ocl-jitprecise-usm,cpu,conv,1024,iso,384,5869300,6115600
P3,sycl,dpcpp-ocl-jitprecise-usm,cpu,conv,1024,iso,385,5641500,6058600
P3,sycl,dpcpp-ocl-jitprecise-usm,cpu,conv,1024,iso,386,5669300,6037500
P3,sycl,dpcpp-ocl-jitprecise-usm,cpu,conv,1024,iso,387,5626400,6170000
P3,sycl,dpcpp-ocl-jitprecise-usm,cpu,conv,1024,iso,388,5774200,5989700
P3,sycl,dpcpp-ocl-jitprecise-usm,cpu,conv,1024,iso,389,5798500,5909900
P3,sycl,dpcpp-ocl-jitprecise-usm,cpu,conv,1024,iso,390,5896700,6088500
P3,sycl,dpcpp-ocl-jitprecise-usm,cpu,conv,1024,iso,391,5628700,6065900
P3,sycl,dpcpp-ocl-jitprecise-usm,cpu,conv,1024,iso,392,5670700,6192500
P3,sycl,dpcpp-ocl-jitprecise-usm,cpu,conv,1024,iso,393,5777500,5917800
P3,sycl,dpcpp-ocl-jitprecise-usm,cpu,conv,1024,iso,394,5788100,5904900
P3,sycl,dpcpp-ocl-jitprecise-usm,cpu,conv,1024,iso,395,5825400,5916200
P3,sycl,dpcpp-ocl-jitprecise-usm,cpu,conv,1024,iso,396,5869200,6142800
P3,sycl,dpcpp-ocl-jitprecise-usm,cpu,conv,1024,iso,397,5624300,6059400
P3,sycl,dpcpp-ocl-jitprecise-usm,cpu,conv,1024,iso,398,5657300,6204900
P3,sycl,dpcpp-ocl-jitprecise-usm,cpu,conv,1024,iso,399,5780500,5998900
P3,sycl,dpcpp-ocl-jitprecise-usm,cpu,conv,1024,iso,400,5762200,5907100
P3,sycl,dpcpp-ocl-jitprecise-usm,cpu,conv,1024,iso,401,5898200,6115700
P3,sycl,dpcpp-ocl-jitprecise-usm,cpu,conv,1024,iso,402,5620100,6066100
P3,sycl,dpcpp-ocl-jitprecise-usm,cpu,conv,1024,iso,403,5637400,6031600
P3,sycl,dpcpp-ocl-jitprecise-usm,cpu,conv,1024,iso,404,5679300,6179900
P3,sycl,dpcpp-ocl-jitprecise-usm,cpu,conv,1024,iso,405,5774800,5938200
P3,sycl,dpcpp-ocl-jitprecise-usm,cpu,conv,1024,iso,406,5754200,5937800
P3,sycl,dpcpp-ocl-jitprecise-usm,cpu,conv,1024,iso,407,5881300,6082300
P3,sycl,dpcpp-ocl-jitprecise-usm,cpu,conv,1024,iso,408,5640500,6027300
P3,sycl,dpcpp-ocl-jitprecise-usm,cpu,conv,1024,iso,409,5648200,6151900
P3,sycl,dpcpp-ocl-jitprecise-usm,cpu,conv,1024,iso,410,5810900,5945800
P3,sycl,dpcpp-ocl-jitprecise-usm,cpu,conv,1024,iso,411,5767100,5914800
P3,sycl,dpcpp-ocl-jitprecise-usm,cpu,conv,1024,iso,412,5758300,6038800
P3,sycl,dpcpp-ocl-jitprecise-usm,cpu,conv,1024,iso,413,5791000,6080300
P3,sycl,dpcpp-ocl-jitprecise-usm,cpu,conv,1024,iso,414,5641500,6044300
P3,sycl,dpcpp-ocl-jitprecise-usm,cpu,conv,1024,iso,415,6071000,6089700
P3,sycl,dpcpp-ocl-jitprecise-usm,cpu,conv,1024,iso,416,5670200,5974300
P3,sycl,dpcpp-ocl-jitprecise-usm,cpu,conv,1024,iso,417,5646700,5934600
P3,sycl,dpcpp-ocl-jitprecise-usm,cpu,conv,1024,iso,418,5885400,6105300
P3,sycl,dpcpp-ocl-jitprecise-usm,cpu,conv,1024,iso,419,5655800,6093600
P3,sycl,dpcpp-ocl-jitprecise-usm,cpu,conv,1024,iso,420,5627300,6044700
P3,sycl,dpcpp-ocl-jitprecise-usm,cpu,conv,1024,iso,421,5768600,6070600
P3,sycl,dpcpp-ocl-jitprecise-usm,cpu,conv,1024,iso,422,5828500,5917400
P3,sycl,dpcpp-ocl-jitprecise-usm,cpu,conv,1024,iso,423,5779300,5913900
P3,sycl,dpcpp-ocl-jitprecise-usm,cpu,conv,1024,iso,424,5955300,6127300
P3,sycl,dpcpp-ocl-jitprecise-usm,cpu,conv,1024,iso,425,5641400,6062200
P3,sycl,dpcpp-ocl-jitprecise-usm,cpu,conv,1024,iso,426,5633400,6160100
P3,sycl,dpcpp-ocl-jitprecise-usm,cpu,conv,1024,iso,427,5792100,5915700
P3,sycl,dpcpp-ocl-jitprecise-usm,cpu,conv,1024,iso,428,5795400,5917000
P3,sycl,dpcpp-ocl-jitprecise-usm,cpu,conv,1024,iso,429,5759700,6069000
P3,sycl,dpcpp-ocl-jitprecise-usm,cpu,conv,1024,iso,430,5727800,6168200
P3,sycl,dpcpp-ocl-jitprecise-usm,cpu,conv,1024,iso,431,5660500,6071000
P3,sycl,dpcpp-ocl-jitprecise-usm,cpu,conv,1024,iso,432,5652700,6179700
P3,sycl,dpcpp-ocl-jitprecise-usm,cpu,conv,1024,iso,433,5776500,5953600
P3,sycl,dpcpp-ocl-jitprecise-usm,cpu,conv,1024,iso,434,5799400,5948900
P3,sycl,dpcpp-ocl-jitprecise-usm,cpu,conv,1024,iso,435,5881000,6102200
P3,sycl,dpcpp-ocl-jitprecise-usm,cpu,conv,1024,iso,436,5627200,6183900
P3,sycl,dpcpp-ocl-jitprecise-usm,cpu,conv,1024,iso,437,5687200,6044500
P3,sycl,dpcpp-ocl-jitprecise-usm,cpu,conv,1024,iso,438,5769500,6099400
P3,sycl,dpcpp-ocl-jitprecise-usm,cpu,conv,1024,iso,439,5778400,5962900
P3,sycl,dpcpp-ocl-jitprecise-usm,cpu,conv,1024,iso,440,5801900,6075200
P3,sycl,dpcpp-ocl-jitprecise-usm,cpu,conv,1024,iso,441,5789900,6276700
P3,sycl,dpcpp-ocl-jitprecise-usm,cpu,conv,1024,iso,442,5771400,6165300
P3,sycl,dpcpp-ocl-jitprecise-usm,cpu,conv,1024,iso,443,5797100,6112100
P3,sycl,dpcpp-ocl-jitprecise-usm,cpu,conv,1024,iso,444,5776000,5957600
P3,sycl,dpcpp-ocl-jitprecise-usm,cpu,conv,1024,iso,445,5754000,5923400
P3,sycl,dpcpp-ocl-jitprecise-usm,cpu,conv,1024,iso,446,5801200,6205400
P3,sycl,dpcpp-ocl-jitprecise-usm,cpu,conv,1024,iso,447,5653400,6082500
P3,sycl,dpcpp-ocl-jitprecise-usm,cpu,conv,1024,iso,448,5629600,6072700
P3,sycl,dpcpp-ocl-jitprecise-usm,cpu,conv,1024,iso,449,5817800,6141000
P3,sycl,dpcpp-ocl-jitprecise-usm,cpu,conv,1024,iso,450,5881100,5968900
P3,sycl,dpcpp-ocl-jitprecise-usm,cpu,conv,1024,iso,451,5780300,6089400
P3,sycl,dpcpp-ocl-jitprecise-usm,cpu,conv,1024,iso,452,5647700,6066400
P3,sycl,dpcpp-ocl-jitprecise-usm,cpu,conv,1024,iso,453,5635900,6187200
P3,sycl,dpcpp-ocl-jitprecise-usm,cpu,conv,1024,iso,454,5771000,5925200
P3,sycl,dpcpp-ocl-jitprecise-usm,cpu,conv,1024,iso,455,5813600,5917000
P3,sycl,dpcpp-ocl-jitprecise-usm,cpu,conv,1024,iso,456,5879200,5942300
P3,sycl,dpcpp-ocl-jitprecise-usm,cpu,conv,1024,iso,457,5769700,6080700
P3,sycl,dpcpp-ocl-jitprecise-usm,cpu,conv,1024,iso,458,5669300,6035200
P3,sycl,dpcpp-ocl-jitprecise-usm,cpu,conv,1024,iso,459,5621500,6143500
P3,sycl,dpcpp-ocl-jitprecise-usm,cpu,conv,1024,iso,460,5796800,5925700
P3,sycl,dpcpp-ocl-jitprecise-usm,cpu,conv,1024,iso,461,5832200,5908600
P3,sycl,dpcpp-ocl-jitprecise-usm,cpu,conv,1024,iso,462,5898000,6106900
P3,sycl,dpcpp-ocl-jitprecise-usm,cpu,conv,1024,iso,463,5626000,6039000
P3,sycl,dpcpp-ocl-jitprecise-usm,cpu,conv,1024,iso,464,5682700,6147200
P3,sycl,dpcpp-ocl-jitprecise-usm,cpu,conv,1024,iso,465,5630300,6069900
P3,sycl,dpcpp-ocl-jitprecise-usm,cpu,conv,1024,iso,466,5762400,5939800
P3,sycl,dpcpp-ocl-jitprecise-usm,cpu,conv,1024,iso,467,5790600,6005100
P3,sycl,dpcpp-ocl-jitprecise-usm,cpu,conv,1024,iso,468,5858100,6099200
P3,sycl,dpcpp-ocl-jitprecise-usm,cpu,conv,1024,iso,469,5637300,6040300
P3,sycl,dpcpp-ocl-jitprecise-usm,cpu,conv,1024,iso,470,5678400,6169200
P3,sycl,dpcpp-ocl-jitprecise-usm,cpu,conv,1024,iso,471,5770900,5944700
P3,sycl,dpcpp-ocl-jitprecise-usm,cpu,conv,1024,iso,472,5750500,5931000
P3,sycl,dpcpp-ocl-jitprecise-usm,cpu,conv,1024,iso,473,5986200,6099600
P3,sycl,dpcpp-ocl-jitprecise-usm,cpu,conv,1024,iso,474,5637100,6070200
P3,sycl,dpcpp-ocl-jitprecise-usm,cpu,conv,1024,iso,475,5643900,6036600
P3,sycl,dpcpp-ocl-jitprecise-usm,cpu,conv,1024,iso,476,5665500,6169100
P3,sycl,dpcpp-ocl-jitprecise-usm,cpu,conv,1024,iso,477,5768800,5912600
P3,sycl,dpcpp-ocl-jitprecise-usm,cpu,conv,1024,iso,478,5782300,5897100
P3,sycl,dpcpp-ocl-jitprecise-usm,cpu,conv,1024,iso,479,5922500,6076700
P3,sycl,dpcpp-ocl-jitprecise-usm,cpu,conv,1024,iso,480,5627200,6053000
P3,sycl,dpcpp-ocl-jitprecise-usm,cpu,conv,1024,iso,481,5615500,6180000
P3,sycl,dpcpp-ocl-jitprecise-usm,cpu,conv,1024,iso,482,5798600,5926700
P3,sycl,dpcpp-ocl-jitprecise-usm,cpu,conv,1024,iso,483,5767500,5908100
P3,sycl,dpcpp-ocl-jitprecise-usm,cpu,conv,1024,iso,484,5767300,5962600
P3,sycl,dpcpp-ocl-jitprecise-usm,cpu,conv,1024,iso,485,5962700,6121600
P3,sycl,dpcpp-ocl-jitprecise-usm,cpu,conv,1024,iso,486,5620400,6055300
P3,sycl,dpcpp-ocl-jitprecise-usm,cpu,conv,1024,iso,487,5628700,6150500
P3,sycl,dpcpp-ocl-jitprecise-usm,cpu,conv,1024,iso,488,5830600,5912600
P3,sycl,dpcpp-ocl-jitprecise-usm,cpu,conv,1024,iso,489,5784400,5899100
P3,sycl,dpcpp-ocl-jitprecise-usm,cpu,conv,1024,iso,490,5863000,6098700
P3,sycl,dpcpp-ocl-jitprecise-usm,cpu,conv,1024,iso,491,5652600,6060000
P3,sycl,dpcpp-ocl-jitprecise-usm,cpu,conv,1024,iso,492,5622000,6036600
P3,sycl,dpcpp-ocl-jitprecise-usm,cpu,conv,1024,iso,493,5639800,6157000
P3,sycl,dpcpp-ocl-jitprecise-usm,cpu,conv,1024,iso,494,5825100,5941600
P3,sycl,dpcpp-ocl-jitprecise-usm,cpu,conv,1024,iso,495,5762800,5933700
P3,sycl,dpcpp-ocl-jitprecise-usm,cpu,conv,1024,iso,496,5858600,6089000
P3,sycl,dpcpp-ocl-jitprecise-usm,cpu,conv,1024,iso,497,5647200,6047100
P3,sycl,dpcpp-ocl-jitprecise-usm,cpu,conv,1024,iso,498,5651400,6168900
P3,sycl,dpcpp-ocl-jitprecise-usm,cpu,conv,1024,iso,499,5771800,5956700
P3,opencl,intel-ocl,cpu,kalman,4096,iso,0,459000,684700
P3,opencl,intel-ocl,cpu,kalman,4096,iso,1,462900,540300
P3,opencl,intel-ocl,cpu,kalman,4096,iso,2,460600,553300
P3,opencl,intel-ocl,cpu,kalman,4096,iso,3,462400,539400
P3,opencl,intel-ocl,cpu,kalman,4096,iso,4,460400,539000
P3,opencl,intel-ocl,cpu,kalman,4096,iso,5,462200,538900
P3,opencl,intel-ocl,cpu,kalman,4096,iso,6,460100,539500
P3,opencl,intel-ocl,cpu,kalman,4096,iso,7,460400,539500
P3,opencl,intel-ocl,cpu,kalman,4096,iso,8,460600,540700
P3,opencl,intel-ocl,cpu,kalman,4096,iso,9,460500,538900
P3,opencl,intel-ocl,cpu,kalman,4096,iso,10,461700,676700
P3,opencl,intel-ocl,cpu,kalman,4096,iso,11,461400,539200
P3,opencl,intel-ocl,cpu,kalman,4096,iso,12,490200,541200
P3,opencl,intel-ocl,cpu,kalman,4096,iso,13,460600,539300
P3,opencl,intel-ocl,cpu,kalman,4096,iso,14,462200,538300
P3,opencl,intel-ocl,cpu,kalman,4096,iso,15,457700,536600
P3,opencl,intel-ocl,cpu,kalman,4096,iso,16,462000,538200
P3,opencl,intel-ocl,cpu,kalman,4096,iso,17,460600,552400
P3,opencl,intel-ocl,cpu,kalman,4096,iso,18,460600,539100
P3,opencl,intel-ocl,cpu,kalman,4096,iso,19,460500,541100
P3,opencl,intel-ocl,cpu,kalman,4096,iso,20,595700,543800
P3,opencl,intel-ocl,cpu,kalman,4096,iso,21,462600,658100
P3,opencl,intel-ocl,cpu,kalman,4096,iso,22,461700,539800
P3,opencl,intel-ocl,cpu,kalman,4096,iso,23,462200,542800
P3,opencl,intel-ocl,cpu,kalman,4096,iso,24,460400,541500
P3,opencl,intel-ocl,cpu,kalman,4096,iso,25,462000,539100
P3,opencl,intel-ocl,cpu,kalman,4096,iso,26,460500,538500
P3,opencl,intel-ocl,cpu,kalman,4096,iso,27,461800,538500
P3,opencl,intel-ocl,cpu,kalman,4096,iso,28,460300,540000
P3,opencl,intel-ocl,cpu,kalman,4096,iso,29,460500,538300
P3,opencl,intel-ocl,cpu,kalman,4096,iso,30,606800,544800
P3,opencl,intel-ocl,cpu,kalman,4096,iso,31,460500,539000
P3,opencl,intel-ocl,cpu,kalman,4096,iso,32,460700,543100
P3,opencl,intel-ocl,cpu,kalman,4096,iso,33,460400,538200
P3,opencl,intel-ocl,cpu,kalman,4096,iso,34,459900,539700
P3,opencl,intel-ocl,cpu,kalman,4096,iso,35,460200,538700
P3,opencl,intel-ocl,cpu,kalman,4096,iso,36,461800,538500
P3,opencl,intel-ocl,cpu,kalman,4096,iso,37,460600,538500
P3,opencl,intel-ocl,cpu,kalman,4096,iso,38,462000,538900
P3,opencl,intel-ocl,cpu,kalman,4096,iso,39,460400,673800
P3,opencl,intel-ocl,cpu,kalman,4096,iso,40,463700,540000
P3,opencl,intel-ocl,cpu,kalman,4096,iso,41,460300,540300
P3,opencl,intel-ocl,cpu,kalman,4096,iso,42,460400,538700
P3,opencl,intel-ocl,cpu,kalman,4096,iso,43,460400,668200
P3,opencl,intel-ocl,cpu,kalman,4096,iso,44,466300,541800
P3,opencl,intel-ocl,cpu,kalman,4096,iso,45,460800,541000
P3,opencl,intel-ocl,cpu,kalman,4096,iso,46,460300,539000
P3,opencl,intel-ocl,cpu,kalman,4096,iso,47,472100,541000
P3,opencl,intel-ocl,cpu,kalman,4096,iso,48,460400,539200
P3,opencl,intel-ocl,cpu,kalman,4096,iso,49,460900,681900
P3,opencl,intel-ocl,cpu,kalman,4096,iso,50,461100,644300
P3,opencl,intel-ocl,cpu,kalman,4096,iso,51,467600,541100
P3,opencl,intel-ocl,cpu,kalman,4096,iso,52,460600,539100
P3,opencl,intel-ocl,cpu,kalman,4096,iso,53,462000,539100
P3,opencl,intel-ocl,cpu,kalman,4096,iso,54,461900,539900
P3,opencl,intel-ocl,cpu,kalman,4096,iso,55,460400,538700
P3,opencl,intel-ocl,cpu,kalman,4096,iso,56,460600,540200
P3,opencl,intel-ocl,cpu,kalman,4096,iso,57,460400,538900
P3,opencl,intel-ocl,cpu,kalman,4096,iso,58,460600,540300
P3,opencl,intel-ocl,cpu,kalman,4096,iso,59,610700,545900
P3,opencl,intel-ocl,cpu,kalman,4096,iso,60,460500,540900
P3,opencl,intel-ocl,cpu,kalman,4096,iso,61,472300,539300
P3,opencl,intel-ocl,cpu,kalman,4096,iso,62,460500,540200
P3,opencl,intel-ocl,cpu,kalman,4096,iso,63,460300,538800
P3,opencl,intel-ocl,cpu,kalman,4096,iso,64,460500,544400
P3,opencl,intel-ocl,cpu,kalman,4096,iso,65,460500,538300
P3,opencl,intel-ocl,cpu,kalman,4096,iso,66,460400,539800
P3,opencl,intel-ocl,cpu,kalman,4096,iso,67,460000,538700
P3,opencl,intel-ocl,cpu,kalman,4096,iso,68,460300,540200
P3,opencl,intel-ocl,cpu,kalman,4096,iso,69,593800,546900
P3,opencl,intel-ocl,cpu,kalman,4096,iso,70,460500,538600
P3,opencl,intel-ocl,cpu,kalman,4096,iso,71,458200,538200
P3,opencl,intel-ocl,cpu,kalman,4096,iso,72,460400,540700
P3,opencl,intel-ocl,cpu,kalman,4096,iso,73,460200,580600
P3,opencl,intel-ocl,cpu,kalman,4096,iso,74,488400,539900
P3,opencl,intel-ocl,cpu,kalman,4096,iso,75,461500,549800
P3,opencl,intel-ocl,cpu,kalman,4096,iso,76,470400,538600
P3,opencl,intel-ocl,cpu,kalman,4096,iso,77,460300,538300
P3,opencl,intel-ocl,cpu,kalman,4096,iso,78,461700,538900
P3,opencl,intel-ocl,cpu,kalman,4096,iso,79,595700,541800
P3,opencl,intel-ocl,cpu,kalman,4096,iso,80,462000,535700
P3,opencl,intel-ocl,cpu,kalman,4096,iso,81,458200,538500
P3,opencl,intel-ocl,cpu,kalman,4096,iso,82,461900,538600
P3,opencl,intel-ocl,cpu,kalman,4096,iso,83,460400,538400
P3,opencl,intel-ocl,cpu,kalman,4096,iso,84,461900,554600
P3,opencl,intel-ocl,cpu,kalman,4096,iso,85,526000,540200
P3,opencl,intel-ocl,cpu,kalman,4096,iso,86,460300,538600
P3,opencl,intel-ocl,cpu,kalman,4096,iso,87,460400,540200
P3,opencl,intel-ocl,cpu,kalman,4096,iso,88,460300,672900
P3,opencl,intel-ocl,cpu,kalman,4096,iso,89,499900,649000
P3,opencl,intel-ocl,cpu,kalman,4096,iso,90,461500,550900
P3,opencl,intel-ocl,cpu,kalman,4096,iso,91,460200,535800
P3,opencl,intel-ocl,cpu,kalman,4096,iso,92,460200,538900
P3,opencl,intel-ocl,cpu,kalman,4096,iso,93,462300,538400
P3,opencl,intel-ocl,cpu,kalman,4096,iso,94,460300,538500
P3,opencl,intel-ocl,cpu,kalman,4096,iso,95,461600,538700
P3,opencl,intel-ocl,cpu,kalman,4096,iso,96,460400,538400
P3,opencl,intel-ocl,cpu,kalman,4096,iso,97,461800,537900
P3,opencl,intel-ocl,cpu,kalman,4096,iso,98,460100,685800
P3,opencl,intel-ocl,cpu,kalman,4096,iso,99,462800,538900
P3,opencl,intel-ocl,cpu,kalman,4096,iso,100,457800,536400
P3,opencl,intel-ocl,cpu,kalman,4096,iso,101,461800,538300
P3,opencl,intel-ocl,cpu,kalman,4096,iso,102,460500,539200
P3,opencl,intel-ocl,cpu,kalman,4096,iso,103,460500,538600
P3,opencl,intel-ocl,cpu,kalman,4096,iso,104,460200,539300
P3,opencl,intel-ocl,cpu,kalman,4096,iso,105,458000,546800
P3,opencl,intel-ocl,cpu,kalman,4096,iso,106,461500,539000
P3,opencl,intel-ocl,cpu,kalman,4096,iso,107,460200,538200
P3,opencl,intel-ocl,cpu,kalman,4096,iso,108,602700,550500
P3,opencl,intel-ocl,cpu,kalman,4096,iso,109,460200,538500
P3,opencl,intel-ocl,cpu,kalman,4096,iso,110,462100,538600
P3,opencl,intel-ocl,cpu,kalman,4096,iso,111,460400,538900
P3,opencl,intel-ocl,cpu,kalman,4096,iso,112,461800,538500
P3,opencl,intel-ocl,cpu,kalman,4096,iso,113,460300,539600
P3,opencl,intel-ocl,cpu,kalman,4096,iso,114,460400,538300
P3,opencl,intel-ocl,cpu,kalman,4096,iso,115,460400,540100
P3,opencl,intel-ocl,cpu,kalman,4096,iso,116,460100,538600
P3,opencl,intel-ocl,cpu,kalman,4096,iso,117,460200,540100
P3,opencl,intel-ocl,cpu,kalman,4096,iso,118,592000,543000
P3,opencl,intel-ocl,cpu,kalman,4096,iso,119,562700,545800
P3,opencl,intel-ocl,cpu,kalman,4096,iso,120,486000,538900
P3,opencl,intel-ocl,cpu,kalman,4096,iso,121,462100,535600
P3,opencl,intel-ocl,cpu,kalman,4096,iso,122,457800,538400
P3,opencl,intel-ocl,cpu,kalman,4096,iso,123,462000,538100
P3,opencl,intel-ocl,cpu,kalman,4096,iso,124,460200,539000
P3,opencl,intel-ocl,cpu,kalman,4096,iso,125,462100,538200
P3,opencl,intel-ocl,cpu,kalman,4096,iso,126,460300,538100
P3,opencl,intel-ocl,cpu,kalman,4096,iso,127,461700,684500
P3,opencl,intel-ocl,cpu,kalman,4096,iso,128,463200,542100
P3,opencl,intel-ocl,cpu,kalman,4096,iso,129,460100,539500
P3,opencl,intel-ocl,cpu,kalman,4096,iso,130,459800,537200
P3,opencl,intel-ocl,cpu,kalman,4096,iso,131,458800,539200
P3,opencl,intel-ocl,cpu,kalman,4096,iso,132,460500,540000
P3,opencl,intel-ocl,cpu,kalman,4096,iso,133,460400,538500
P3,opencl,intel-ocl,cpu,kalman,4096,iso,134,460300,539700
P3,opencl,intel-ocl,cpu,kalman,4096,iso,135,471300,538400
P3,opencl,intel-ocl,cpu,kalman,4096,iso,136,461800,538200
P3,opencl,intel-ocl,cpu,kalman,4096,iso,137,460400,675400
P3,opencl,intel-ocl,cpu,kalman,4096,iso,138,462200,538700
P3,opencl,intel-ocl,cpu,kalman,4096,iso,139,460300,543300
P3,opencl,intel-ocl,cpu,kalman,4096,iso,140,469100,538900
P3,opencl,intel-ocl,cpu,kalman,4096,iso,141,460100,539400
P3,opencl,intel-ocl,cpu,kalman,4096,iso,142,460000,538600
P3,opencl,intel-ocl,cpu,kalman,4096,iso,143,460200,539300
P3,opencl,intel-ocl,cpu,kalman,4096,iso,144,460500,538500
P3,opencl,intel-ocl,cpu,kalman,4096,iso,145,460300,539500
P3,opencl,intel-ocl,cpu,kalman,4096,iso,146,460300,538300
P3,opencl,intel-ocl,cpu,kalman,4096,iso,147,460600,677400
P3,opencl,intel-ocl,cpu,kalman,4096,iso,148,461000,648600
P3,opencl,intel-ocl,cpu,kalman,4096,iso,149,534300,543800
P3,opencl,intel-ocl,cpu,kalman,4096,iso,150,458200,536700
P3,opencl,intel-ocl,cpu,kalman,4096,iso,151,462000,538100
P3,opencl,intel-ocl,cpu,kalman,4096,iso,152,460300,538300
P3,opencl,intel-ocl,cpu,kalman,4096,iso,153,461800,539100
P3,opencl,intel-ocl,cpu,kalman,4096,iso,154,460300,538200
P3,opencl,intel-ocl,cpu,kalman,4096,iso,155,461600,538400
P3,opencl,intel-ocl,cpu,kalman,4096,iso,156,460200,538200
P3,opencl,intel-ocl,cpu,kalman,4096,iso,157,603100,543500
P3,opencl,intel-ocl,cpu,kalman,4096,iso,158,460300,538500
P3,opencl,intel-ocl,cpu,kalman,4096,iso,159,463700,538700
P3,opencl,intel-ocl,cpu,kalman,4096,iso,160,460500,541300
P3,opencl,intel-ocl,cpu,kalman,4096,iso,161,461900,538200
P3,opencl,intel-ocl,cpu,kalman,4096,iso,162,460100,539200
P3,opencl,intel-ocl,cpu,kalman,4096,iso,163,460300,538200
P3,opencl,intel-ocl,cpu,kalman,4096,iso,164,460200,551100
P3,opencl,intel-ocl,cpu,kalman,4096,iso,165,460200,538700
P3,opencl,intel-ocl,cpu,kalman,4096,iso,166,461600,538000
P3,opencl,intel-ocl,cpu,kalman,4096,iso,167,593700,542000
P3,opencl,intel-ocl,cpu,kalman,4096,iso,168,462100,538200
P3,opencl,intel-ocl,cpu,kalman,4096,iso,169,460200,538300
P3,opencl,intel-ocl,cpu,kalman,4096,iso,170,461800,538700
P3,opencl,intel-ocl,cpu,kalman,4096,iso,171,460000,538200
P3,opencl,intel-ocl,cpu,kalman,4096,iso,172,469700,538600
P3,opencl,intel-ocl,cpu,kalman,4096,iso,173,460400,538000
P3,opencl,intel-ocl,cpu,kalman,4096,iso,174,461500,537800
P3,opencl,intel-ocl,cpu,kalman,4096,iso,175,460200,538400
P3,opencl,intel-ocl,cpu,kalman,4096,iso,176,461700,539100
P3,opencl,intel-ocl,cpu,kalman,4096,iso,177,593400,545500
P3,opencl,intel-ocl,cpu,kalman,4096,iso,178,460400,549500
P3,opencl,intel-ocl,cpu,kalman,4096,iso,179,460600,540000
P3,opencl,intel-ocl,cpu,kalman,4096,iso,180,460100,538200
P3,opencl,intel-ocl,cpu,kalman,4096,iso,181,460400,537200
P3,opencl,intel-ocl,cpu,kalman,4096,iso,182,458200,538500
P3,opencl,intel-ocl,cpu,kalman,4096,iso,183,460300,540300
P3,opencl,intel-ocl,cpu,kalman,4096,iso,184,460400,538500
P3,opencl,intel-ocl,cpu,kalman,4096,iso,185,460300,540200
P3,opencl,intel-ocl,cpu,kalman,4096,iso,186,460400,678100
P3,opencl,intel-ocl,cpu,kalman,4096,iso,187,461000,542000
P3,opencl,intel-ocl,cpu,kalman,4096,iso,188,564100,545800
P3,opencl,intel-ocl,cpu,kalman,4096,iso,189,462800,538800
P3,opencl,intel-ocl,cpu,kalman,4096,iso,190,460300,538600
P3,opencl,intel-ocl,cpu,kalman,4096,iso,191,462000,607600
P3,opencl,intel-ocl,cpu,kalman,4096,iso,192,462200,538900
P3,opencl,intel-ocl,cpu,kalman,4096,iso,193,462500,550000
P3,opencl,intel-ocl,cpu,kalman,4096,iso,194,460400,538600
P3,opencl,intel-ocl,cpu,kalman,4096,iso,195,462000,538700
P3,opencl,intel-ocl,cpu,kalman,4096,iso,196,460300,689200
P3,opencl,intel-ocl,cpu,kalman,4096,iso,197,462700,539200
P3,opencl,intel-ocl,cpu,kalman,4096,iso,198,460600,537800
P3,opencl,intel-ocl,cpu,kalman,4096,iso,199,461400,538700
P3,opencl,intel-ocl,cpu,kalman,4096,iso,200,460400,540100
P3,opencl,intel-ocl,cpu,kalman,4096,iso,201,460200,538100
P3,opencl,intel-ocl,cpu,kalman,4096,iso,202,460200,540200
P3,opencl,intel-ocl,cpu,kalman,4096,iso,203,460200,538500
P3,opencl,intel-ocl,cpu,kalman,4096,iso,204,460300,548800
P3,opencl,intel-ocl,cpu,kalman,4096,iso,205,460400,538600
P3,opencl,intel-ocl,cpu,kalman,4096,iso,206,598700,545800
P3,opencl,intel-ocl,cpu,kalman,4096,iso,207,460100,541700
P3,opencl,intel-ocl,cpu,kalman,4096,iso,208,460600,551600
P3,opencl,intel-ocl,cpu,kalman,4096,iso,209,460200,537800
P3,opencl,intel-ocl,cpu,kalman,4096,iso,210,460000,540900
P3,opencl,intel-ocl,cpu,kalman,4096,iso,211,460300,538600
P3,opencl,intel-ocl,cpu,kalman,4096,iso,212,462200,538500
P3,opencl,intel-ocl,cpu,kalman,4096,iso,213,460400,538200
P3,opencl,intel-ocl,cpu,kalman,4096,iso,214,461800,538400
P3,opencl,intel-ocl,cpu,kalman,4096,iso,215,461700,543300
P3,opencl,intel-ocl,cpu,kalman,4096,iso,216,595800,544400
P3,opencl,intel-ocl,cpu,kalman,4096,iso,217,460300,652500
P3,opencl,intel-ocl,cpu,kalman,4096,iso,218,463500,538800
P3,opencl,intel-ocl,cpu,kalman,4096,iso,219,460000,538600
P3,opencl,intel-ocl,cpu,kalman,4096,iso,220,461800,538200
P3,opencl,intel-ocl,cpu,kalman,4096,iso,221,460200,538100
P3,opencl,intel-ocl,cpu,kalman,4096,iso,222,461800,536300
P3,opencl,intel-ocl,cpu,kalman,4096,iso,223,468700,540200
P3,opencl,intel-ocl,cpu,kalman,4096,iso,224,460300,538000
P3,opencl,intel-ocl,cpu,kalman,4096,iso,225,460200,540200
P3,opencl,intel-ocl,cpu,kalman,4096,iso,226,606600,544000
P3,opencl,intel-ocl,cpu,kalman,4096,iso,227,462200,646200
P3,opencl,intel-ocl,cpu,kalman,4096,iso,228,461600,539000
P3,opencl,intel-ocl,cpu,kalman,4096,iso,229,462300,538300
P3,opencl,intel-ocl,cpu,kalman,4096,iso,230,460100,538300
P3,opencl,intel-ocl,cpu,kalman,4096,iso,231,461500,538700
P3,opencl,intel-ocl,cpu,kalman,4096,iso,232,460000,537900
P3,opencl,intel-ocl,cpu,kalman,4096,iso,233,461400,537800
P3,opencl,intel-ocl,cpu,kalman,4096,iso,234,460300,538400
P3,opencl,intel-ocl,cpu,kalman,4096,iso,235,461500,684800
P3,opencl,intel-ocl,cpu,kalman,4096,iso,236,461200,539500
P3,opencl,intel-ocl,cpu,kalman,4096,iso,237,468700,536200
P3,opencl,intel-ocl,cpu,kalman,4096,iso,238,471000,538200
P3,opencl,intel-ocl,cpu,kalman,4096,iso,239,462400,538300
P3,opencl,intel-ocl,cpu,kalman,4096,iso,240,460200,539700
P3,opencl,intel-ocl,cpu,kalman,4096,iso,241,460100,538100
P3,opencl,intel-ocl,cpu,kalman,4096,iso,242,460200,539800
P3,opencl,intel-ocl,cpu,kalman,4096,iso,243,460400,538500
P3,opencl,intel-ocl,cpu,kalman,4096,iso,244,460000,539700
P3,opencl,intel-ocl,cpu,kalman,4096,iso,245,460300,675400
P3,opencl,intel-ocl,cpu,kalman,4096,iso,246,462300,538800
P3,opencl,intel-ocl,cpu,kalman,4096,iso,247,460100,538300
P3,opencl,intel-ocl,cpu,kalman,4096,iso,248,461500,538600
P3,opencl,intel-ocl,cpu,kalman,4096,iso,249,460300,539800
P3,opencl,intel-ocl,cpu,kalman,4096,iso,250,460400,538600
P3,opencl,intel-ocl,cpu,kalman,4096,iso,251,460200,539800
P3,opencl,intel-ocl,cpu,kalman,4096,iso,252,460400,538100
P3,opencl,intel-ocl,cpu,kalman,4096,iso,253,461900,539400
P3,opencl,intel-ocl,cpu,kalman,4096,iso,254,460300,538200
P3,opencl,intel-ocl,cpu,kalman,4096,iso,255,591600,548600
P3,opencl,intel-ocl,cpu,kalman,4096,iso,256,460300,538400
P3,opencl,intel-ocl,cpu,kalman,4096,iso,257,462100,537200
P3,opencl,intel-ocl,cpu,kalman,4096,iso,258,457800,536400
P3,opencl,intel-ocl,cpu,kalman,4096,iso,259,462100,538300
P3,opencl,intel-ocl,cpu,kalman,4096,iso,260,460300,538600
P3,opencl,intel-ocl,cpu,kalman,4096,iso,261,461700,538800
P3,opencl,intel-ocl,cpu,kalman,4096,iso,262,460200,538200
P3,opencl,intel-ocl,cpu,kalman,4096,iso,263,461400,538400
P3,opencl,intel-ocl,cpu,kalman,4096,iso,264,459900,538700
P3,opencl,intel-ocl,cpu,kalman,4096,iso,265,592800,543700
P3,opencl,intel-ocl,cpu,kalman,4096,iso,266,560300,563600
P3,opencl,intel-ocl,cpu,kalman,4096,iso,267,458400,539600
P3,opencl,intel-ocl,cpu,kalman,4096,iso,268,465100,548300
P3,opencl,intel-ocl,cpu,kalman,4096,iso,269,460500,538400
P3,opencl,intel-ocl,cpu,kalman,4096,iso,270,460200,539800
P3,opencl,intel-ocl,cpu,kalman,4096,iso,271,460100,538300
P3,opencl,intel-ocl,cpu,kalman,4096,iso,272,460000,539300
P3,opencl,intel-ocl,cpu,kalman,4096,iso,273,460200,538000
P3,opencl,intel-ocl,cpu,kalman,4096,iso,274,462100,538500
P3,opencl,intel-ocl,cpu,kalman,4096,iso,275,605200,543200
P3,opencl,intel-ocl,cpu,kalman,4096,iso,276,462100,538200
P3,opencl,intel-ocl,cpu,kalman,4096,iso,277,460300,538200
P3,opencl,intel-ocl,cpu,kalman,4096,iso,278,461700,538000
P3,opencl,intel-ocl,cpu,kalman,4096,iso,279,460400,613700
P3,opencl,intel-ocl,cpu,kalman,4096,iso,280,463600,539100
P3,opencl,intel-ocl,cpu,kalman,4096,iso,281,460000,558800
P3,opencl,intel-ocl,cpu,kalman,4096,iso,282,459500,536100
P3,opencl,intel-ocl,cpu,kalman,4096,iso,283,458500,538200
P3,opencl,intel-ocl,cpu,kalman,4096,iso,284,461800,674500
P3,opencl,intel-ocl,cpu,kalman,4096,iso,285,460700,541200
P3,opencl,intel-ocl,cpu,kalman,4096,iso,286,460500,537900
P3,opencl,intel-ocl,cpu,kalman,4096,iso,287,460300,539700
P3,opencl,intel-ocl,cpu,kalman,4096,iso,288,460500,538500
P3,opencl,intel-ocl,cpu,kalman,4096,iso,289,460300,539200
P3,opencl,intel-ocl,cpu,kalman,4096,iso,290,460200,542600
P3,opencl,intel-ocl,cpu,kalman,4096,iso,291,460400,539100
P3,opencl,intel-ocl,cpu,kalman,4096,iso,292,460400,538200
P3,opencl,intel-ocl,cpu,kalman,4096,iso,293,459900,539400
P3,opencl,intel-ocl,cpu,kalman,4096,iso,294,460300,672600
P3,opencl,intel-ocl,cpu,kalman,4096,iso,295,461000,647900
P3,opencl,intel-ocl,cpu,kalman,4096,iso,296,461100,549900
P3,opencl,intel-ocl,cpu,kalman,4096,iso,297,460200,536000
P3,opencl,intel-ocl,cpu,kalman,4096,iso,298,460200,539400
P3,opencl,intel-ocl,cpu,kalman,4096,iso,299,461900,538600
P3,opencl,intel-ocl,cpu,kalman,4096,iso,300,460300,538100
P3,opencl,intel-ocl,cpu,kalman,4096,iso,301,469200,538600
P3,opencl,intel-ocl,cpu,kalman,4096,iso,302,460400,538600
P3,opencl,intel-ocl,cpu,kalman,4096,iso,303,461400,538400
P3,opencl,intel-ocl,cpu,kalman,4096,iso,304,606200,547500
P3,opencl,intel-ocl,cpu,kalman,4096,iso,305,460300,538100
P3,opencl,intel-ocl,cpu,kalman,4096,iso,306,460300,539200
P3,opencl,intel-ocl,cpu,kalman,4096,iso,307,460300,538300
P3,opencl,intel-ocl,cpu,kalman,4096,iso,308,460100,539800
P3,opencl,intel-ocl,cpu,kalman,4096,iso,309,460100,538000
P3,opencl,intel-ocl,cpu,kalman,4096,iso,310,460200,539300
P3,opencl,intel-ocl,cpu,kalman,4096,iso,311,460200,548800
P3,opencl,intel-ocl,cpu,kalman,4096,iso,312,460200,540100
P3,opencl,intel-ocl,cpu,kalman,4096,iso,313,460300,541300
P3,opencl,intel-ocl,cpu,kalman,4096,iso,314,594000,543200
P3,opencl,intel-ocl,cpu,kalman,4096,iso,315,459900,537500
P3,opencl,intel-ocl,cpu,kalman,4096,iso,316,461800,537400
P3,opencl,intel-ocl,cpu,kalman,4096,iso,317,460000,537900
P3,opencl,intel-ocl,cpu,kalman,4096,iso,318,461400,538500
P3,opencl,intel-ocl,cpu,kalman,4096,iso,319,459900,539900
P3,opencl,intel-ocl,cpu,kalman,4096,iso,320,459900,538000
P3,opencl,intel-ocl,cpu,kalman,4096,iso,321,460100,539500
P3,opencl,intel-ocl,cpu,kalman,4096,iso,322,459900,536900
P3,opencl,intel-ocl,cpu,kalman,4096,iso,323,460100,540100
P3,opencl,intel-ocl,cpu,kalman,4096,iso,324,593600,542000
P3,opencl,intel-ocl,cpu,kalman,4096,iso,325,460100,539000
P3,opencl,intel-ocl,cpu,kalman,4096,iso,326,470900,538900
P3,opencl,intel-ocl,cpu,kalman,4096,iso,327,461700,537500
P3,opencl,intel-ocl,cpu,kalman,4096,iso,328,459700,538100
P3,opencl,intel-ocl,cpu,kalman,4096,iso,329,461500,542000
P3,opencl,intel-ocl,cpu,kalman,4096,iso,330,460200,538000
P3,opencl,intel-ocl,cpu,kalman,4096,iso,331,461700,538100
P3,opencl,intel-ocl,cpu,kalman,4096,iso,332,460100,537600
P3,opencl,intel-ocl,cpu,kalman,4096,iso,333,466300,537900
P3,opencl,intel-ocl,cpu,kalman,4096,iso,334,595400,580100
P3,opencl,intel-ocl,cpu,kalman,4096,iso,335,562300,545300
P3,opencl,intel-ocl,cpu,kalman,4096,iso,336,459000,534800
P3,opencl,intel-ocl,cpu,kalman,4096,iso,337,460300,537600
P3,opencl,intel-ocl,cpu,kalman,4096,iso,338,459800,537600
P3,opencl,intel-ocl,cpu,kalman,4096,iso,339,461400,538100
P3,opencl,intel-ocl,cpu,kalman,4096,iso,340,460300,537700
P3,opencl,intel-ocl,cpu,kalman,4096,iso,341,472500,538200
P3,opencl,intel-ocl,cpu,kalman,4096,iso,342,459900,538600
P3,opencl,intel-ocl,cpu,kalman,4096,iso,343,460200,684100
P3,opencl,intel-ocl,cpu,kalman,4096,iso,344,460900,540900
P3,opencl,intel-ocl,cpu,kalman,4096,iso,345,458300,535200
P3,opencl,intel-ocl,cpu,kalman,4096,iso,346,459600,539200
P3,opencl,intel-ocl,cpu,kalman,4096,iso,347,460300,537700
P3,opencl,intel-ocl,cpu,kalman,4096,iso,348,460200,539000
P3,opencl,intel-ocl,cpu,kalman,4096,iso,349,459900,537800
P3,opencl,intel-ocl,cpu,kalman,4096,iso,350,461200,537600
P3,opencl,intel-ocl,cpu,kalman,4096,iso,351,460000,537900
P3,opencl,intel-ocl,cpu,kalman,4096,iso,352,461500,537800
P3,opencl,intel-ocl,cpu,kalman,4096,iso,353,459900,673500
P3,opencl,intel-ocl,cpu,kalman,4096,iso,354,462400,538300
P3,opencl,intel-ocl,cpu,kalman,4096,iso,355,460100,538200
P3,opencl,intel-ocl,cpu,kalman,4096,iso,356,471600,538600
P3,opencl,intel-ocl,cpu,kalman,4096,iso,357,460000,538900
P3,opencl,intel-ocl,cpu,kalman,4096,iso,358,460000,538000
P3,opencl,intel-ocl,cpu,kalman,4096,iso,359,460200,539200
P3,opencl,intel-ocl,cpu,kalman,4096,iso,360,459800,538200
P3,opencl,intel-ocl,cpu,kalman,4096,iso,361,461400,538100
P3,opencl,intel-ocl,cpu,kalman,4096,iso,362,460100,537900
P3,opencl,intel-ocl,cpu,kalman,4096,iso,363,593900,546500
P3,opencl,intel-ocl,cpu,kalman,4096,iso,364,460000,645600
P3,opencl,intel-ocl,cpu,kalman,4096,iso,365,461100,537900
P3,opencl,intel-ocl,cpu,kalman,4096,iso,366,459900,552500
P3,opencl,intel-ocl,cpu,kalman,4096,iso,367,460400,537300
P3,opencl,intel-ocl,cpu,kalman,4096,iso,368,460200,539400
P3,opencl,intel-ocl,cpu,kalman,4096,iso,369,460000,538100
P3,opencl,intel-ocl,cpu,kalman,4096,iso,370,472400,538700
P3,opencl,intel-ocl,cpu,kalman,4096,iso,371,459800,537500
P3,opencl,intel-ocl,cpu,kalman,4096,iso,372,461400,537400
P3,opencl,intel-ocl,cpu,kalman,4096,iso,373,604500,542600
P3,opencl,intel-ocl,cpu,kalman,4096,iso,374,461500,537900
P3,opencl,intel-ocl,cpu,kalman,4096,iso,375,460100,537500
P3,opencl,intel-ocl,cpu,kalman,4096,iso,376,461300,537700
P3,opencl,intel-ocl,cpu,kalman,4096,iso,377,460100,540000
P3,opencl,intel-ocl,cpu,kalman,4096,iso,378,460200,537300
P3,opencl,intel-ocl,cpu,kalman,4096,iso,379,459800,539600
P3,opencl,intel-ocl,cpu,kalman,4096,iso,380,460400,538100
P3,opencl,intel-ocl,cpu,kalman,4096,iso,381,460300,539800
P3,opencl,intel-ocl,cpu,kalman,4096,iso,382,460000,538200
P3,opencl,intel-ocl,cpu,kalman,4096,iso,383,592900,543700
P3,opencl,intel-ocl,cpu,kalman,4096,iso,384,459900,540300
P3,opencl,intel-ocl,cpu,kalman,4096,iso,385,460200,539700
P3,opencl,intel-ocl,cpu,kalman,4096,iso,386,459700,537700
P3,opencl,intel-ocl,cpu,kalman,4096,iso,387,460000,539200
P3,opencl,intel-ocl,cpu,kalman,4096,iso,388,460200,538300
P3,opencl,intel-ocl,cpu,kalman,4096,iso,389,459900,539800
P3,opencl,intel-ocl,cpu,kalman,4096,iso,390,460100,538000
P3,opencl,intel-ocl,cpu,kalman,4096,iso,391,460200,539900
P3,opencl,intel-ocl,cpu,kalman,4096,iso,392,460100,676600
P3,opencl,intel-ocl,cpu,kalman,4096,iso,393,462800,638500
P3,opencl,intel-ocl,cpu,kalman,4096,iso,394,468100,540700
P3,opencl,intel-ocl,cpu,kalman,4096,iso,395,462000,537600
P3,opencl,intel-ocl,cpu,kalman,4096,iso,396,459900,537900
P3,opencl,intel-ocl,cpu,kalman,4096,iso,397,461900,538600
P3,opencl,intel-ocl,cpu,kalman,4096,iso,398,459900,538900
P3,opencl,intel-ocl,cpu,kalman,4096,iso,399,469000,550000
P3,opencl,intel-ocl,cpu,kalman,4096,iso,400,459900,537700
P3,opencl,intel-ocl,cpu,kalman,4096,iso,401,461700,538200
P3,opencl,intel-ocl,cpu,kalman,4096,iso,402,459700,688600
P3,opencl,intel-ocl,cpu,kalman,4096,iso,403,460600,539000
P3,opencl,intel-ocl,cpu,kalman,4096,iso,404,460100,540400
P3,opencl,intel-ocl,cpu,kalman,4096,iso,405,457900,540400
P3,opencl,intel-ocl,cpu,kalman,4096,iso,406,460200,539800
P3,opencl,intel-ocl,cpu,kalman,4096,iso,407,460100,537900
P3,opencl,intel-ocl,cpu,kalman,4096,iso,408,460000,538500
P3,opencl,intel-ocl,cpu,kalman,4096,iso,409,459900,537800
P3,opencl,intel-ocl,cpu,kalman,4096,iso,410,460200,539000
P3,opencl,intel-ocl,cpu,kalman,4096,iso,411,460000,537100
P3,opencl,intel-ocl,cpu,kalman,4096,iso,412,460000,675400
P3,opencl,intel-ocl,cpu,kalman,4096,iso,413,460500,538700
P3,opencl,intel-ocl,cpu,kalman,4096,iso,414,459900,550600
P3,opencl,intel-ocl,cpu,kalman,4096,iso,415,460300,537800
P3,opencl,intel-ocl,cpu,kalman,4096,iso,416,461500,538100
P3,opencl,intel-ocl,cpu,kalman,4096,iso,417,460400,537800
P3,opencl,intel-ocl,cpu,kalman,4096,iso,418,461100,538100
P3,opencl,intel-ocl,cpu,kalman,4096,iso,419,460000,537800
P3,opencl,intel-ocl,cpu,kalman,4096,iso,420,461200,537900
P3,opencl,intel-ocl,cpu,kalman,4096,iso,421,460000,538600
P3,opencl,intel-ocl,cpu,kalman,4096,iso,422,593200,544400
P3,opencl,intel-ocl,cpu,kalman,4096,iso,423,460000,538200
P3,opencl,intel-ocl,cpu,kalman,4096,iso,424,461900,538200
P3,opencl,intel-ocl,cpu,kalman,4096,iso,425,460100,538000
P3,opencl,intel-ocl,cpu,kalman,4096,iso,426,461300,537900
P3,opencl,intel-ocl,cpu,kalman,4096,iso,427,460100,538000
P3,opencl,intel-ocl,cpu,kalman,4096,iso,428,461500,538300
P3,opencl,intel-ocl,cpu,kalman,4096,iso,429,460200,554300
P3,opencl,intel-ocl,cpu,kalman,4096,iso,430,461600,538200
P3,opencl,intel-ocl,cpu,kalman,4096,iso,431,459800,547200
P3,opencl,intel-ocl,cpu,kalman,4096,iso,432,592800,541900
P3,opencl,intel-ocl,cpu,kalman,4096,iso,433,560500,547500
P3,opencl,intel-ocl,cpu,kalman,4096,iso,434,460000,535800
P3,opencl,intel-ocl,cpu,kalman,4096,iso,435,457700,539300
P3,opencl,intel-ocl,cpu,kalman,4096,iso,436,460300,538700
P3,opencl,intel-ocl,cpu,kalman,4096,iso,437,461300,537800
P3,opencl,intel-ocl,cpu,kalman,4096,iso,438,460000,538200
P3,opencl,intel-ocl,cpu,kalman,4096,iso,439,461500,538000
P3,opencl,intel-ocl,cpu,kalman,4096,iso,440,460100,538100
P3,opencl,intel-ocl,cpu,kalman,4096,iso,441,463000,542800
P3,opencl,intel-ocl,cpu,kalman,4096,iso,442,603500,544800
P3,opencl,intel-ocl,cpu,kalman,4096,iso,443,460500,538300
P3,opencl,intel-ocl,cpu,kalman,4096,iso,444,460200,550800
P3,opencl,intel-ocl,cpu,kalman,4096,iso,445,460400,537800
P3,opencl,intel-ocl,cpu,kalman,4096,iso,446,460200,538800
P3,opencl,intel-ocl,cpu,kalman,4096,iso,447,460000,537600
P3,opencl,intel-ocl,cpu,kalman,4096,iso,448,459800,539500
P3,opencl,intel-ocl,cpu,kalman,4096,iso,449,459900,537600
P3,opencl,intel-ocl,cpu,kalman,4096,iso,450,459900,539000
P3,opencl,intel-ocl,cpu,kalman,4096,iso,451,459900,675700
P3,opencl,intel-ocl,cpu,kalman,4096,iso,452,462500,538100
P3,opencl,intel-ocl,cpu,kalman,4096,iso,453,460000,537800
P3,opencl,intel-ocl,cpu,kalman,4096,iso,454,461500,537600
P3,opencl,intel-ocl,cpu,kalman,4096,iso,455,459700,537900
P3,opencl,intel-ocl,cpu,kalman,4096,iso,456,461500,538100
P3,opencl,intel-ocl,cpu,kalman,4096,iso,457,459800,537600
P3,opencl,intel-ocl,cpu,kalman,4096,iso,458,461800,538500
P3,opencl,intel-ocl,cpu,kalman,4096,iso,459,470700,538500
P3,opencl,intel-ocl,cpu,kalman,4096,iso,460,461900,537500
P3,opencl,intel-ocl,cpu,kalman,4096,iso,461,460100,672300
P3,opencl,intel-ocl,cpu,kalman,4096,iso,462,462400,643000
P3,opencl,intel-ocl,cpu,kalman,4096,iso,463,460900,538100
P3,opencl,intel-ocl,cpu,kalman,4096,iso,464,469500,538000
P3,opencl,intel-ocl,cpu,kalman,4096,iso,465,460100,537900
P3,opencl,intel-ocl,cpu,kalman,4096,iso,466,462000,547800
P3,opencl,intel-ocl,cpu,kalman,4096,iso,467,461100,543700
P3,opencl,intel-ocl,cpu,kalman,4096,iso,468,460100,544800
P3,opencl,intel-ocl,cpu,kalman,4096,iso,469,457700,538800
P3,opencl,intel-ocl,cpu,kalman,4096,iso,470,460100,539100
P3,opencl,intel-ocl,cpu,kalman,4096,iso,471,460200,703400
P3,opencl,intel-ocl,cpu,kalman,4096,iso,472,462800,539400
P3,opencl,intel-ocl,cpu,kalman,4096,iso,473,460100,559900
P3,opencl,intel-ocl,cpu,kalman,4096,iso,474,460500,539500
P3,opencl,intel-ocl,cpu,kalman,4096,iso,475,462500,542300
P3,opencl,intel-ocl,cpu,kalman,4096,iso,476,460200,539000
P3,opencl,intel-ocl,cpu,kalman,4096,iso,477,461900,538600
P3,opencl,intel-ocl,cpu,kalman,4096,iso,478,457600,537600
P3,opencl,intel-ocl,cpu,kalman,4096,iso,479,462100,543100
P3,opencl,intel-ocl,cpu,kalman,4096,iso,480,460000,539500
P3,opencl,intel-ocl,cpu,kalman,4096,iso,481,612900,573400
P3,opencl,intel-ocl,cpu,kalman,4096,iso,482,460600,957000
P3,opencl,intel-ocl,cpu,kalman,4096,iso,483,461200,544700
P3,opencl,intel-ocl,cpu,kalman,4096,iso,484,481500,544700
P3,opencl,intel-ocl,cpu,kalman,4096,iso,485,460700,543000
P3,opencl,intel-ocl,cpu,kalman,4096,iso,486,460500,540300
P3,opencl,intel-ocl,cpu,kalman,4096,iso,487,458600,538200
P3,opencl,intel-ocl,cpu,kalman,4096,iso,488,457900,537600
P3,opencl,intel-ocl,cpu,kalman,4096,iso,489,459400,538000
P3,opencl,intel-ocl,cpu,kalman,4096,iso,490,460100,559400
P3,opencl,intel-ocl,cpu,kalman,4096,iso,491,460900,540600
P3,opencl,intel-ocl,cpu,kalman,4096,iso,492,577700,545600
P3,opencl,intel-ocl,cpu,kalman,4096,iso,493,460400,538100
P3,opencl,intel-ocl,cpu,kalman,4096,iso,494,461900,538500
P3,opencl,intel-ocl,cpu,kalman,4096,iso,495,460200,538600
P3,opencl,intel-ocl,cpu,kalman,4096,iso,496,472000,555100
P3,opencl,intel-ocl,cpu,kalman,4096,iso,497,461100,541800
P3,opencl,intel-ocl,cpu,kalman,4096,iso,498,468800,548000
P3,opencl,intel-ocl,cpu,kalman,4096,iso,499,469900,549800
P3,opencl,intel-ocl,cpu,kalman,4096,iso,500,486600,557800
P3,opencl,intel-ocl,cpu,kalman,4096,iso,501,470000,551600
P3,opencl,intel-ocl,cpu,kalman,4096,iso,502,472000,550000
P3,opencl,intel-ocl,cpu,kalman,4096,iso,503,470000,560000
P3,opencl,intel-ocl,cpu,kalman,4096,iso,504,470100,549100
P3,opencl,intel-ocl,cpu,kalman,4096,iso,505,470100,550800
P3,opencl,intel-ocl,cpu,kalman,4096,iso,506,470200,549600
P3,opencl,intel-ocl,cpu,kalman,4096,iso,507,469700,550800
P3,opencl,intel-ocl,cpu,kalman,4096,iso,508,470500,549400
P3,opencl,intel-ocl,cpu,kalman,4096,iso,509,470400,552800
P3,opencl,intel-ocl,cpu,kalman,4096,iso,510,491400,551800
P3,opencl,intel-ocl,cpu,kalman,4096,iso,511,470000,552800
P3,opencl,intel-ocl,cpu,kalman,4096,iso,512,472700,552300
P3,opencl,intel-ocl,cpu,kalman,4096,iso,513,474100,552500
P3,opencl,intel-ocl,cpu,kalman,4096,iso,514,472800,557500
P3,opencl,intel-ocl,cpu,kalman,4096,iso,515,474200,552400
P3,opencl,intel-ocl,cpu,kalman,4096,iso,516,472600,555200
P3,opencl,intel-ocl,cpu,kalman,4096,iso,517,474600,563800
P3,opencl,intel-ocl,cpu,kalman,4096,iso,518,472700,552100
P3,opencl,intel-ocl,cpu,kalman,4096,iso,519,474400,696100
P3,opencl,intel-ocl,cpu,kalman,4096,iso,520,473300,555400
P3,opencl,intel-ocl,cpu,kalman,4096,iso,521,472700,552500
P3,opencl,intel-ocl,cpu,kalman,4096,iso,522,472700,554800
P3,opencl,intel-ocl,cpu,kalman,4096,iso,523,472600,552500
P3,opencl,intel-ocl,cpu,kalman,4096,iso,524,474400,557600
P3,opencl,intel-ocl,cpu,kalman,4096,iso,525,473500,552900
P3,opencl,intel-ocl,cpu,kalman,4096,iso,526,474500,552500
P3,opencl,intel-ocl,cpu,kalman,4096,iso,527,472800,552400
P3,opencl,intel-ocl,cpu,kalman,4096,iso,528,481900,553500
P3,opencl,intel-ocl,cpu,kalman,4096,iso,529,472700,694000
P3,opencl,intel-ocl,cpu,kalman,4096,iso,530,474500,666800
P3,opencl,intel-ocl,cpu,kalman,4096,iso,531,478900,554700
P3,opencl,intel-ocl,cpu,kalman,4096,iso,532,475000,555400
P3,opencl,intel-ocl,cpu,kalman,4096,iso,533,475200,555900
P3,opencl,intel-ocl,cpu,kalman,4096,iso,534,472500,552400
P3,opencl,intel-ocl,cpu,kalman,4096,iso,535,472600,556000
P3,opencl,intel-ocl,cpu,kalman,4096,iso,536,473800,546700
P3,opencl,intel-ocl,cpu,kalman,4096,iso,537,465100,539000
P3,opencl,intel-ocl,cpu,kalman,4096,iso,538,457600,539300
P3,opencl,intel-ocl,cpu,kalman,4096,iso,539,610400,546100
P3,opencl,intel-ocl,cpu,kalman,4096,iso,540,460400,538500
P3,opencl,intel-ocl,cpu,kalman,4096,iso,541,460200,541400
P3,opencl,intel-ocl,cpu,kalman,4096,iso,542,460000,537600
P3,opencl,intel-ocl,cpu,kalman,4096,iso,543,460100,539400
P3,opencl,intel-ocl,cpu,kalman,4096,iso,544,459900,538100
P3,opencl,intel-ocl,cpu,kalman,4096,iso,545,460200,539500
P3,opencl,intel-ocl,cpu,kalman,4096,iso,546,462100,538300
P3,opencl,intel-ocl,cpu,kalman,4096,iso,547,460100,539500
P3,opencl,intel-ocl,cpu,kalman,4096,iso,548,460200,682900
P3,opencl,intel-ocl,cpu,kalman,4096,iso,549,466000,539800
P3,opencl,intel-ocl,cpu,kalman,4096,iso,550,461200,541500
P3,opencl,intel-ocl,cpu,kalman,4096,iso,551,462200,539700
P3,opencl,intel-ocl,cpu,kalman,4096,iso,552,460100,541500
P3,opencl,intel-ocl,cpu,kalman,4096,iso,553,462000,539400
P3,opencl,intel-ocl,cpu,kalman,4096,iso,554,460900,538000
P3,opencl,intel-ocl,cpu,kalman,4096,iso,555,461900,538800
P3,opencl,intel-ocl,cpu,kalman,4096,iso,556,462100,539800
P3,opencl,intel-ocl,cpu,kalman,4096,iso,557,460300,537800
P3,opencl,intel-ocl,cpu,kalman,4096,iso,558,460100,676300
P3,opencl,intel-ocl,cpu,kalman,4096,iso,559,460900,651800
P3,opencl,intel-ocl,cpu,kalman,4096,iso,560,461300,565500
P3,opencl,intel-ocl,cpu,kalman,4096,iso,561,458300,536400
P3,opencl,intel-ocl,cpu,kalman,4096,iso,562,460100,540100
P3,opencl,intel-ocl,cpu,kalman,4096,iso,563,460100,537800
P3,opencl,intel-ocl,cpu,kalman,4096,iso,564,460000,539700
P3,opencl,intel-ocl,cpu,kalman,4096,iso,565,460100,537900
P3,opencl,intel-ocl,cpu,kalman,4096,iso,566,460200,539500
P3,opencl,intel-ocl,cpu,kalman,4096,iso,567,459700,537800
P3,opencl,intel-ocl,cpu,kalman,4096,iso,568,610400,545300
P3,opencl,intel-ocl,cpu,kalman,4096,iso,569,460200,537300
P3,opencl,intel-ocl,cpu,kalman,4096,iso,570,462600,537800
P3,opencl,intel-ocl,cpu,kalman,4096,iso,571,539900,541300
P3,opencl,intel-ocl,cpu,kalman,4096,iso,572,460000,538200
P3,opencl,intel-ocl,cpu,kalman,4096,iso,573,459900,538900
P3,opencl,intel-ocl,cpu,kalman,4096,iso,574,459900,537700
P3,opencl,intel-ocl,cpu,kalman,4096,iso,575,460000,566100
P3,opencl,intel-ocl,cpu,kalman,4096,iso,576,460300,537300
P3,opencl,intel-ocl,cpu,kalman,4096,iso,577,460000,539900
P3,opencl,intel-ocl,cpu,kalman,4096,iso,578,593800,541900
P3,opencl,intel-ocl,cpu,kalman,4096,iso,579,461700,535700
P3,opencl,intel-ocl,cpu,kalman,4096,iso,580,457700,536400
P3,opencl,intel-ocl,cpu,kalman,4096,iso,581,461500,538200
P3,opencl,intel-ocl,cpu,kalman,4096,iso,582,459800,537500
P3,opencl,intel-ocl,cpu,kalman,4096,iso,583,461500,537900
P3,opencl,intel-ocl,cpu,kalman,4096,iso,584,460100,539100
P3,opencl,intel-ocl,cpu,kalman,4096,iso,585,460200,538000
P3,opencl,intel-ocl,cpu,kalman,4096,iso,586,460000,544000
P3,opencl,intel-ocl,cpu,kalman,4096,iso,587,461000,538500
P3,opencl,intel-ocl,cpu,kalman,4096,iso,588,592800,583300
P3,opencl,intel-ocl,cpu,kalman,4096,iso,589,561300,558600
P3,opencl,intel-ocl,cpu,kalman,4096,iso,590,460700,538400
P3,opencl,intel-ocl,cpu,kalman,4096,iso,591,460200,539800
P3,opencl,intel-ocl,cpu,kalman,4096,iso,592,460100,545400
P3,opencl,intel-ocl,cpu,kalman,4096,iso,593,460000,548100
P3,opencl,intel-ocl,cpu,kalman,4096,iso,594,459900,537600
P3,opencl,intel-ocl,cpu,kalman,4096,iso,595,459600,539800
P3,opencl,intel-ocl,cpu,kalman,4096,iso,596,459900,538300
P3,opencl,intel-ocl,cpu,kalman,4096,iso,597,460100,687900
P3,opencl,intel-ocl,cpu,kalman,4096,iso,598,460600,538100
P3,opencl,intel-ocl,cpu,kalman,4096,iso,599,461700,537700
P3,opencl,intel-ocl,cpu,kalman,4096,iso,600,460000,537300
P3,opencl,intel-ocl,cpu,kalman,4096,iso,601,461300,538300
P3,opencl,intel-ocl,cpu,kalman,4096,iso,602,460100,537600
P3,opencl,intel-ocl,cpu,kalman,4096,iso,603,461600,537600
P3,opencl,intel-ocl,cpu,kalman,4096,iso,604,459600,549700
P3,opencl,intel-ocl,cpu,kalman,4096,iso,605,462000,538000
P3,opencl,intel-ocl,cpu,kalman,4096,iso,606,459900,538000
P3,opencl,intel-ocl,cpu,kalman,4096,iso,607,461800,673300
P3,opencl,intel-ocl,cpu,kalman,4096,iso,608,460300,538600
P3,opencl,intel-ocl,cpu,kalman,4096,iso,609,461700,538400
P3,opencl,intel-ocl,cpu,kalman,4096,iso,610,460200,537700
P3,opencl,intel-ocl,cpu,kalman,4096,iso,611,461900,538100
P3,opencl,intel-ocl,cpu,kalman,4096,iso,612,460600,538000
P3,opencl,intel-ocl,cpu,kalman,4096,iso,613,461500,538600
P3,opencl,intel-ocl,cpu,kalman,4096,iso,614,460100,538000
P3,opencl,intel-ocl,cpu,kalman,4096,iso,615,461400,538100
P3,opencl,intel-ocl,cpu,kalman,4096,iso,616,459600,539500
P3,opencl,intel-ocl,cpu,kalman,4096,iso,617,460100,674700
P3,opencl,intel-ocl,cpu,kalman,4096,iso,618,460100,540500
P3,opencl,intel-ocl,cpu,kalman,4096,iso,619,462300,539100
P3,opencl,intel-ocl,cpu,kalman,4096,iso,620,460500,539000
P3,opencl,intel-ocl,cpu,kalman,4096,iso,621,460200,538800
P3,opencl,intel-ocl,cpu,kalman,4096,iso,622,457500,536300
P3,opencl,intel-ocl,cpu,kalman,4096,iso,623,457200,535100
P3,opencl,intel-ocl,cpu,kalman,4096,iso,624,460000,539700
P3,opencl,intel-ocl,cpu,kalman,4096,iso,625,460200,536900
P3,opencl,intel-ocl,cpu,kalman,4096,iso,626,476700,569800
P3,opencl,intel-ocl,cpu,kalman,4096,iso,627,592900,544900
P3,opencl,intel-ocl,cpu,kalman,4096,iso,628,561000,544300
P3,opencl,intel-ocl,cpu,kalman,4096,iso,629,460200,537900
P3,opencl,intel-ocl,cpu,kalman,4096,iso,630,461700,537300
P3,opencl,intel-ocl,cpu,kalman,4096,iso,631,459800,537800
P3,opencl,intel-ocl,cpu,kalman,4096,iso,632,461700,538200
P3,opencl,intel-ocl,cpu,kalman,4096,iso,633,460000,537800
P3,opencl,intel-ocl,cpu,kalman,4096,iso,634,461600,548800
P3,opencl,intel-ocl,cpu,kalman,4096,iso,635,459900,539600
P3,opencl,intel-ocl,cpu,kalman,4096,iso,636,460100,537700
P3,opencl,intel-ocl,cpu,kalman,4096,iso,637,602900,543200
P3,opencl,intel-ocl,cpu,kalman,4096,iso,638,460200,613400
P3,opencl,intel-ocl,cpu,kalman,4096,iso,639,462500,538500
P3,opencl,intel-ocl,cpu,kalman,4096,iso,640,459800,538500
P3,opencl,intel-ocl,cpu,kalman,4096,iso,641,461800,537600
P3,opencl,intel-ocl,cpu,kalman,4096,iso,642,460300,537900
P3,opencl,intel-ocl,cpu,kalman,4096,iso,643,461600,537000
P3,opencl,intel-ocl,cpu,kalman,4096,iso,644,460000,537800
P3,opencl,intel-ocl,cpu,kalman,4096,iso,645,461300,537600
P3,opencl,intel-ocl,cpu,kalman,4096,iso,646,459900,672500
P3,opencl,intel-ocl,cpu,kalman,4096,iso,647,462600,538200
P3,opencl,intel-ocl,cpu,kalman,4096,iso,648,460200,538300
P3,opencl,intel-ocl,cpu,kalman,4096,iso,649,470500,538200
P3,opencl,intel-ocl,cpu,kalman,4096,iso,650,460000,539300
P3,opencl,intel-ocl,cpu,kalman,4096,iso,651,460000,537600
P3,opencl,intel-ocl,cpu,kalman,4096,iso,652,459700,539600
P3,opencl,intel-ocl,cpu,kalman,4096,iso,653,459800,537400
P3,opencl,intel-ocl,cpu,kalman,4096,iso,654,459700,539300
P3,opencl,intel-ocl,cpu,kalman,4096,iso,655,460100,537300
P3,opencl,intel-ocl,cpu,kalman,4096,iso,656,461400,671600
P3,opencl,intel-ocl,cpu,kalman,4096,iso,657,460700,643300
P3,opencl,intel-ocl,cpu,kalman,4096,iso,658,463400,538800
P3,opencl,intel-ocl,cpu,kalman,4096,iso,659,460000,538300
P3,opencl,intel-ocl,cpu,kalman,4096,iso,660,482400,539700
P3,opencl,intel-ocl,cpu,kalman,4096,iso,661,460400,539400
P3,opencl,intel-ocl,cpu,kalman,4096,iso,662,460400,538200
P3,opencl,intel-ocl,cpu,kalman,4096,iso,663,460600,539300
P3,opencl,intel-ocl,cpu,kalman,4096,iso,664,471200,538600
P3,opencl,intel-ocl,cpu,kalman,4096,iso,665,460200,539000
P3,opencl,intel-ocl,cpu,kalman,4096,iso,666,604400,546300
P3,opencl,intel-ocl,cpu,kalman,4096,iso,667,461900,537000
P3,opencl,intel-ocl,cpu,kalman,4096,iso,668,457800,541200
P3,opencl,intel-ocl,cpu,kalman,4096,iso,669,461400,538000
P3,opencl,intel-ocl,cpu,kalman,4096,iso,670,460100,537900
P3,opencl,intel-ocl,cpu,kalman,4096,iso,671,461600,538000
P3,opencl,intel-ocl,cpu,kalman,4096,iso,672,459800,537300
P3,opencl,intel-ocl,cpu,kalman,4096,iso,673,461700,538400
P3,opencl,intel-ocl,cpu,kalman,4096,iso,674,460200,538200
P3,opencl,intel-ocl,cpu,kalman,4096,iso,675,461700,537500
P3,opencl,intel-ocl,cpu,kalman,4096,iso,676,591700,543800
P3,opencl,intel-ocl,cpu,kalman,4096,iso,677,460000,537900
P3,opencl,intel-ocl,cpu,kalman,4096,iso,678,459800,542000
P3,opencl,intel-ocl,cpu,kalman,4096,iso,679,460200,538600
P3,opencl,intel-ocl,cpu,kalman,4096,iso,680,460000,538800
P3,opencl,intel-ocl,cpu,kalman,4096,iso,681,460100,538000
P3,opencl,intel-ocl,cpu,kalman,4096,iso,682,460000,539700
P3,opencl,intel-ocl,cpu,kalman,4096,iso,683,460000,537900
P3,opencl,intel-ocl,cpu,kalman,4096,iso,684,460300,539000
P3,opencl,intel-ocl,cpu,kalman,4096,iso,685,459900,538100
P3,opencl,intel-ocl,cpu,kalman,4096,iso,686,591800,544200
P3,opencl,intel-ocl,cpu,kalman,4096,iso,687,561300,545600
P3,opencl,intel-ocl,cpu,kalman,4096,iso,688,462300,538300
P3,opencl,intel-ocl,cpu,kalman,4096,iso,689,460100,534900
P3,opencl,intel-ocl,cpu,kalman,4096,iso,690,460700,538000
P3,opencl,intel-ocl,cpu,kalman,4096,iso,691,460300,537400
P3,opencl,intel-ocl,cpu,kalman,4096,iso,692,465700,550100
P3,opencl,intel-ocl,cpu,kalman,4096,iso,693,460200,538700
P3,opencl,intel-ocl,cpu,kalman,4096,iso,694,462400,538200
P3,opencl,intel-ocl,cpu,kalman,4096,iso,695,459800,686700
P3,opencl,intel-ocl,cpu,kalman,4096,iso,696,462400,538300
P3,opencl,intel-ocl,cpu,kalman,4096,iso,697,460200,537600
P3,opencl,intel-ocl,cpu,kalman,4096,iso,698,461800,537900
P3,opencl,intel-ocl,cpu,kalman,4096,iso,699,460100,538600
P3,opencl,intel-ocl,cpu,kalman,4096,iso,700,462000,538200
P3,opencl,intel-ocl,cpu,kalman,4096,iso,701,460100,538200
P3,opencl,intel-ocl,cpu,kalman,4096,iso,702,461700,537900
P3,opencl,intel-ocl,cpu,kalman,4096,iso,703,460100,537900
P3,opencl,intel-ocl,cpu,kalman,4096,iso,704,461400,537700
P3,opencl,intel-ocl,cpu,kalman,4096,iso,705,460000,674800
P3,opencl,intel-ocl,cpu,kalman,4096,iso,706,460500,538400
P3,opencl,intel-ocl,cpu,kalman,4096,iso,707,460100,550300
P3,opencl,intel-ocl,cpu,kalman,4096,iso,708,460100,537600
P3,opencl,intel-ocl,cpu,kalman,4096,iso,709,460000,541800
P3,opencl,intel-ocl,cpu,kalman,4096,iso,710,460200,538400
P3,opencl,intel-ocl,cpu,kalman,4096,iso,711,459900,538900
P3,opencl,intel-ocl,cpu,kalman,4096,iso,712,459900,537600
P3,opencl,intel-ocl,cpu,kalman,4096,iso,713,461500,537500
P3,opencl,intel-ocl,cpu,kalman,4096,iso,714,460000,537900
P3,opencl,intel-ocl,cpu,kalman,4096,iso,715,461300,673500
P3,opencl,intel-ocl,cpu,kalman,4096,iso,716,460500,537900
P3,opencl,intel-ocl,cpu,kalman,4096,iso,717,461800,538000
P3,opencl,intel-ocl,cpu,kalman,4096,iso,718,460100,537900
P3,opencl,intel-ocl,cpu,kalman,4096,iso,719,461600,538300
P3,opencl,intel-ocl,cpu,kalman,4096,iso,720,460000,537400
P3,opencl,intel-ocl,cpu,kalman,4096,iso,721,461600,537800
P3,opencl,intel-ocl,cpu,kalman,4096,iso,722,460100,548500
P3,opencl,intel-ocl,cpu,kalman,4096,iso,723,461600,538300
P3,opencl,intel-ocl,cpu,kalman,4096,iso,724,459900,539100
P3,opencl,intel-ocl,cpu,kalman,4096,iso,725,471200,554800
P3,opencl,intel-ocl,cpu,kalman,4096,iso,726,460600,657300
P3,opencl,intel-ocl,cpu,kalman,4096,iso,727,471600,568100
P3,opencl,intel-ocl,cpu,kalman,4096,iso,728,462100,537400
P3,opencl,intel-ocl,cpu,kalman,4096,iso,729,457700,535700
P3,opencl,intel-ocl,cpu,kalman,4096,iso,730,461600,537900
P3,opencl,intel-ocl,cpu,kalman,4096,iso,731,460100,537700
P3,opencl,intel-ocl,cpu,kalman,4096,iso,732,461800,537400
P3,opencl,intel-ocl,cpu,kalman,4096,iso,733,460000,538000
P3,opencl,intel-ocl,cpu,kalman,4096,iso,734,461600,538000
P3,opencl,intel-ocl,cpu,kalman,4096,iso,735,604100,542500
P3,opencl,intel-ocl,cpu,kalman,4096,iso,736,461700,538100
P3,opencl,intel-ocl,cpu,kalman,4096,iso,737,459900,560800
P3,opencl,intel-ocl,cpu,kalman,4096,iso,738,461500,538200
P3,opencl,intel-ocl,cpu,kalman,4096,iso,739,459900,537800
P3,opencl,intel-ocl,cpu,kalman,4096,iso,740,461400,538100
P3,opencl,intel-ocl,cpu,kalman,4096,iso,741,460100,538100
P3,opencl,intel-ocl,cpu,kalman,4096,iso,742,461200,537800
P3,opencl,intel-ocl,cpu,kalman,4096,iso,743,460200,543800
P3,opencl,intel-ocl,cpu,kalman,4096,iso,744,461600,536900
P3,opencl,intel-ocl,cpu,kalman,4096,iso,745,590200,538400
P3,opencl,intel-ocl,cpu,kalman,4096,iso,746,459500,537400
P3,opencl,intel-ocl,cpu,kalman,4096,iso,747,460000,537200
P3,opencl,intel-ocl,cpu,kalman,4096,iso,748,461700,537700
P3,opencl,intel-ocl,cpu,kalman,4096,iso,749,459700,537600
P3,opencl,intel-ocl,cpu,kalman,4096,iso,750,461500,537600
P3,opencl,intel-ocl,cpu,kalman,4096,iso,751,459800,537800
P3,opencl,intel-ocl,cpu,kalman,4096,iso,752,461500,548500
P3,opencl,intel-ocl,cpu,kalman,4096,iso,753,460500,537600
P3,opencl,intel-ocl,cpu,kalman,4096,iso,754,461600,537400
P3,opencl,intel-ocl,cpu,kalman,4096,iso,755,592600,544100
P3,opencl,intel-ocl,cpu,kalman,4096,iso,756,560400,545400
P3,opencl,intel-ocl,cpu,kalman,4096,iso,757,460300,548700
P3,opencl,intel-ocl,cpu,kalman,4096,iso,758,459800,538100
P3,opencl,intel-ocl,cpu,kalman,4096,iso,759,459300,540000
P3,opencl,intel-ocl,cpu,kalman,4096,iso,760,460100,538300
P3,opencl,intel-ocl,cpu,kalman,4096,iso,761,459900,539300
P3,opencl,intel-ocl,cpu,kalman,4096,iso,762,460000,538100
P3,opencl,intel-ocl,cpu,kalman,4096,iso,763,460000,539500
P3,opencl,intel-ocl,cpu,kalman,4096,iso,764,459800,685800
P3,opencl,intel-ocl,cpu,kalman,4096,iso,765,463000,541900
P3,opencl,intel-ocl,cpu,kalman,4096,iso,766,463400,543700
P3,opencl,intel-ocl,cpu,kalman,4096,iso,767,462100,648600
P3,opencl,intel-ocl,cpu,kalman,4096,iso,768,461100,539500
P3,opencl,intel-ocl,cpu,kalman,4096,iso,769,460000,534900
P3,opencl,intel-ocl,cpu,kalman,4096,iso,770,459400,538600
P3,opencl,intel-ocl,cpu,kalman,4096,iso,771,461700,538100
P3,opencl,intel-ocl,cpu,kalman,4096,iso,772,459900,538500
P3,opencl,intel-ocl,cpu,kalman,4096,iso,773,459900,537400
P3,opencl,intel-ocl,cpu,kalman,4096,iso,774,460100,686100
P3,opencl,intel-ocl,cpu,kalman,4096,iso,775,460600,538400
P3,opencl,intel-ocl,cpu,kalman,4096,iso,776,461800,537800
P3,opencl,intel-ocl,cpu,kalman,4096,iso,777,460100,537600
P3,opencl,intel-ocl,cpu,kalman,4096,iso,778,461500,538200
P3,opencl,intel-ocl,cpu,kalman,4096,iso,779,459800,539900
P3,opencl,intel-ocl,cpu,kalman,4096,iso,780,460100,537800
P3,opencl,intel-ocl,cpu,kalman,4096,iso,781,471400,540400
P3,opencl,intel-ocl,cpu,kalman,4096,iso,782,459900,537500
P3,opencl,intel-ocl,cpu,kalman,4096,iso,783,459700,539600
P3,opencl,intel-ocl,cpu,kalman,4096,iso,784,592600,542300
P3,opencl,intel-ocl,cpu,kalman,4096,iso,785,460100,649000
P3,opencl,intel-ocl,cpu,kalman,4096,iso,786,461200,538200
P3,opencl,intel-ocl,cpu,kalman,4096,iso,787,460100,539700
P3,opencl,intel-ocl,cpu,kalman,4096,iso,788,460000,535900
P3,opencl,intel-ocl,cpu,kalman,4096,iso,789,457500,546600
P3,opencl,intel-ocl,cpu,kalman,4096,iso,790,459800,537500
P3,opencl,intel-ocl,cpu,kalman,4096,iso,791,461400,537800
P3,opencl,intel-ocl,cpu,kalman,4096,iso,792,460300,537900
P3,opencl,intel-ocl,cpu,kalman,4096,iso,793,461300,537800
P3,opencl,intel-ocl,cpu,kalman,4096,iso,794,604400,542300
P3,opencl,intel-ocl,cpu,kalman,4096,iso,795,461700,538200
P3,opencl,intel-ocl,cpu,kalman,4096,iso,796,471700,540000
P3,opencl,intel-ocl,cpu,kalman,4096,iso,797,459800,537900
P3,opencl,intel-ocl,cpu,kalman,4096,iso,798,460200,539500
P3,opencl,intel-ocl,cpu,kalman,4096,iso,799,460000,537900
P3,opencl,intel-ocl,cpu,kalman,4096,iso,800,460100,539600
P3,opencl,intel-ocl,cpu,kalman,4096,iso,801,460200,537600
P3,opencl,intel-ocl,cpu,kalman,4096,iso,802,459900,539400
P3,opencl,intel-ocl,cpu,kalman,4096,iso,803,460000,538100
P3,opencl,intel-ocl,cpu,kalman,4096,iso,804,593100,543600
P3,opencl,intel-ocl,cpu,kalman,4096,iso,805,460000,538400
P3,opencl,intel-ocl,cpu,kalman,4096,iso,806,460000,539300
P3,opencl,intel-ocl,cpu,kalman,4096,iso,807,459600,537700
P3,opencl,intel-ocl,cpu,kalman,4096,iso,808,460200,540100
P3,opencl,intel-ocl,cpu,kalman,4096,iso,809,460000,538000
P3,opencl,intel-ocl,cpu,kalman,4096,iso,810,460200,540500
P3,opencl,intel-ocl,cpu,kalman,4096,iso,811,471400,538700
P3,opencl,intel-ocl,cpu,kalman,4096,iso,812,459800,539200
P3,opencl,intel-ocl,cpu,kalman,4096,iso,813,459800,672000
P3,opencl,intel-ocl,cpu,kalman,4096,iso,814,460500,540000
P3,opencl,intel-ocl,cpu,kalman,4096,iso,815,460000,538100
P3,opencl,intel-ocl,cpu,kalman,4096,iso,816,462200,539300
P3,opencl,intel-ocl,cpu,kalman,4096,iso,817,460100,538500
P3,opencl,intel-ocl,cpu,kalman,4096,iso,818,461000,538300
P3,opencl,intel-ocl,cpu,kalman,4096,iso,819,460000,539900
P3,opencl,intel-ocl,cpu,kalman,4096,iso,820,460200,537900
P3,opencl,intel-ocl,cpu,kalman,4096,iso,821,459800,543000
P3,opencl,intel-ocl,cpu,kalman,4096,iso,822,460300,537800
P3,opencl,intel-ocl,cpu,kalman,4096,iso,823,460000,674600
P3,opencl,intel-ocl,cpu,kalman,4096,iso,824,498200,646600
P3,opencl,intel-ocl,cpu,kalman,4096,iso,825,463400,550300
P3,opencl,intel-ocl,cpu,kalman,4096,iso,826,460100,538100
P3,opencl,intel-ocl,cpu,kalman,4096,iso,827,461700,538300
P3,opencl,intel-ocl,cpu,kalman,4096,iso,828,460100,538300
P3,opencl,intel-ocl,cpu,kalman,4096,iso,829,461200,537800
P3,opencl,intel-ocl,cpu,kalman,4096,iso,830,459900,537600
P3,opencl,intel-ocl,cpu,kalman,4096,iso,831,464300,537800
P3,opencl,intel-ocl,cpu,kalman,4096,iso,832,459900,538000
P3,opencl,intel-ocl,cpu,kalman,4096,iso,833,461400,697500
P3,opencl,intel-ocl,cpu,kalman,4096,iso,834,460400,540100
P3,opencl,intel-ocl,cpu,kalman,4096,iso,835,460000,538200
P3,opencl,intel-ocl,cpu,kalman,4096,iso,836,460400,539400
P3,opencl,intel-ocl,cpu,kalman,4096,iso,837,460300,537900
P3,opencl,intel-ocl,cpu,kalman,4096,iso,838,459800,538900
P3,opencl,intel-ocl,cpu,kalman,4096,iso,839,459900,538200
P3,opencl,intel-ocl,cpu,kalman,4096,iso,840,460000,550100
P3,opencl,intel-ocl,cpu,kalman,4096,iso,841,460500,538200
P3,opencl,intel-ocl,cpu,kalman,4096,iso,842,460000,539900
P3,opencl,intel-ocl,cpu,kalman,4096,iso,843,592200,541800
P3,opencl,intel-ocl,cpu,kalman,4096,iso,844,462200,538300
P3,opencl,intel-ocl,cpu,kalman,4096,iso,845,460100,537800
P3,opencl,intel-ocl,cpu,kalman,4096,iso,846,461800,537800
P3,opencl,intel-ocl,cpu,kalman,4096,iso,847,460000,538200
P3,opencl,intel-ocl,cpu,kalman,4096,iso,848,461700,537700
P3,opencl,intel-ocl,cpu,kalman,4096,iso,849,460000,537700
P3,opencl,intel-ocl,cpu,kalman,4096,iso,850,461100,538200
P3,opencl,intel-ocl,cpu,kalman,4096,iso,851,460200,537500
P3,opencl,intel-ocl,cpu,kalman,4096,iso,852,461200,538100
P3,opencl,intel-ocl,cpu,kalman,4096,iso,853,591400,551900
P3,opencl,intel-ocl,cpu,kalman,4096,iso,854,560400,545800
P3,opencl,intel-ocl,cpu,kalman,4096,iso,855,460100,551100
P3,opencl,intel-ocl,cpu,kalman,4096,iso,856,460000,538500
P3,opencl,intel-ocl,cpu,kalman,4096,iso,857,460100,539900
P3,opencl,intel-ocl,cpu,kalman,4096,iso,858,460200,537200
P3,opencl,intel-ocl,cpu,kalman,4096,iso,859,459800,539700
P3,opencl,intel-ocl,cpu,kalman,4096,iso,860,460000,537400
P3,opencl,intel-ocl,cpu,kalman,4096,iso,861,461300,539200
P3,opencl,intel-ocl,cpu,kalman,4096,iso,862,460200,686500
P3,opencl,intel-ocl,cpu,kalman,4096,iso,863,462600,538200
P3,opencl,intel-ocl,cpu,kalman,4096,iso,864,459900,537700
P3,opencl,intel-ocl,cpu,kalman,4096,iso,865,461800,537200
P3,opencl,intel-ocl,cpu,kalman,4096,iso,866,459900,537500
P3,opencl,intel-ocl,cpu,kalman,4096,iso,867,461100,537800
P3,opencl,intel-ocl,cpu,kalman,4096,iso,868,459200,535200
P3,opencl,intel-ocl,cpu,kalman,4096,iso,869,459700,547900
P3,opencl,intel-ocl,cpu,kalman,4096,iso,870,460100,537700
P3,opencl,intel-ocl,cpu,kalman,4096,iso,871,461200,537800
P3,opencl,intel-ocl,cpu,kalman,4096,iso,872,460000,673300
P3,opencl,intel-ocl,cpu,kalman,4096,iso,873,462300,538000
P3,opencl,intel-ocl,cpu,kalman,4096,iso,874,459800,537700
P3,opencl,intel-ocl,cpu,kalman,4096,iso,875,461500,537800
P3,opencl,intel-ocl,cpu,kalman,4096,iso,876,465000,537800
P3,opencl,intel-ocl,cpu,kalman,4096,iso,877,461500,537200
P3,opencl,intel-ocl,cpu,kalman,4096,iso,878,460100,539400
P3,opencl,intel-ocl,cpu,kalman,4096,iso,879,461000,537600
P3,opencl,intel-ocl,cpu,kalman,4096,iso,880,459800,539300
P3,opencl,intel-ocl,cpu,kalman,4096,iso,881,459900,537600
P3,opencl,intel-ocl,cpu,kalman,4096,iso,882,460100,674000
P3,opencl,intel-ocl,cpu,kalman,4096,iso,883,461000,643600
P3,opencl,intel-ocl,cpu,kalman,4096,iso,884,474200,539300
P3,opencl,intel-ocl,cpu,kalman,4096,iso,885,457700,535600
P3,opencl,intel-ocl,cpu,kalman,4096,iso,886,466500,536100
P3,opencl,intel-ocl,cpu,kalman,4096,iso,887,460100,537700
P3,opencl,intel-ocl,cpu,kalman,4096,iso,888,461600,537500
P3,opencl,intel-ocl,cpu,kalman,4096,iso,889,460100,537400
P3,opencl,intel-ocl,cpu,kalman,4096,iso,890,461200,538100
P3,opencl,intel-ocl,cpu,kalman,4096,iso,891,459800,539000
P3,opencl,intel-ocl,cpu,kalman,4096,iso,892,602800,548200
P3,opencl,intel-ocl,cpu,kalman,4096,iso,893,460500,539100
P3,opencl,intel-ocl,cpu,kalman,4096,iso,894,459800,537500
P3,opencl,intel-ocl,cpu,kalman,4096,iso,895,459800,539100
P3,opencl,intel-ocl,cpu,kalman,4096,iso,896,459900,538000
P3,opencl,intel-ocl,cpu,kalman,4096,iso,897,459600,539400
P3,opencl,intel-ocl,cpu,kalman,4096,iso,898,460100,538100
P3,opencl,intel-ocl,cpu,kalman,4096,iso,899,461100,560100
P3,opencl,intel-ocl,cpu,kalman,4096,iso,900,460000,537600
P3,opencl,intel-ocl,cpu,kalman,4096,iso,901,461800,537900
P3,opencl,intel-ocl,cpu,kalman,4096,iso,902,592100,541400
P3,opencl,intel-ocl,cpu,kalman,4096,iso,903,461900,537800
P3,opencl,intel-ocl,cpu,kalman,4096,iso,904,460000,538000
P3,opencl,intel-ocl,cpu,kalman,4096,iso,905,461700,538300
P3,opencl,intel-ocl,cpu,kalman,4096,iso,906,459400,537900
P3,opencl,intel-ocl,cpu,kalman,4096,iso,907,461900,537600
P3,opencl,intel-ocl,cpu,kalman,4096,iso,908,463700,538000
P3,opencl,intel-ocl,cpu,kalman,4096,iso,909,461700,537700
P3,opencl,intel-ocl,cpu,kalman,4096,iso,910,459900,538900
P3,opencl,intel-ocl,cpu,kalman,4096,iso,911,460100,537600
P3,opencl,intel-ocl,cpu,kalman,4096,iso,912,592100,543000
P3,opencl,intel-ocl,cpu,kalman,4096,iso,913,460100,538400
P3,opencl,intel-ocl,cpu,kalman,4096,iso,914,470300,539600
P3,opencl,intel-ocl,cpu,kalman,4096,iso,915,460100,537700
P3,opencl,intel-ocl,cpu,kalman,4096,iso,916,459800,538900
P3,opencl,intel-ocl,cpu,kalman,4096,iso,917,459500,538300
P3,opencl,intel-ocl,cpu,kalman,4096,iso,918,460100,547100
P3,opencl,intel-ocl,cpu,kalman,4096,iso,919,460200,537400
P3,opencl,intel-ocl,cpu,kalman,4096,iso,920,461500,538100
P3,opencl,intel-ocl,cpu,kalman,4096,iso,921,459900,537200
P3,opencl,intel-ocl,cpu,kalman,4096,iso,922,594900,542200
P3,opencl,intel-ocl,cpu,kalman,4096,iso,923,560100,544700
P3,opencl,intel-ocl,cpu,kalman,4096,iso,924,462100,538100
P3,opencl,intel-ocl,cpu,kalman,4096,iso,925,459300,535200
P3,opencl,intel-ocl,cpu,kalman,4096,iso,926,460300,538200
P3,opencl,intel-ocl,cpu,kalman,4096,iso,927,460000,538100
P3,opencl,intel-ocl,cpu,kalman,4096,iso,928,461500,538000
P3,opencl,intel-ocl,cpu,kalman,4096,iso,929,471000,538100
P3,opencl,intel-ocl,cpu,kalman,4096,iso,930,461800,537900
P3,opencl,intel-ocl,cpu,kalman,4096,iso,931,459800,687000
P3,opencl,intel-ocl,cpu,kalman,4096,iso,932,460400,538300
P3,opencl,intel-ocl,cpu,kalman,4096,iso,933,460300,539900
P3,opencl,intel-ocl,cpu,kalman,4096,iso,934,459800,538500
P3,opencl,intel-ocl,cpu,kalman,4096,iso,935,460100,539700
P3,opencl,intel-ocl,cpu,kalman,4096,iso,936,460000,537600
P3,opencl,intel-ocl,cpu,kalman,4096,iso,937,459900,537400
P3,opencl,intel-ocl,cpu,kalman,4096,iso,938,461900,538200
P3,opencl,intel-ocl,cpu,kalman,4096,iso,939,460200,537800
P3,opencl,intel-ocl,cpu,kalman,4096,iso,940,461600,537700
P3,opencl,intel-ocl,cpu,kalman,4096,iso,941,459900,674200
P3,opencl,intel-ocl,cpu,kalman,4096,iso,942,460300,537800
P3,opencl,intel-ocl,cpu,kalman,4096,iso,943,478800,548000
P3,opencl,intel-ocl,cpu,kalman,4096,iso,944,471800,537900
P3,opencl,intel-ocl,cpu,kalman,4096,iso,945,460000,538900
P3,opencl,intel-ocl,cpu,kalman,4096,iso,946,460100,537500
P3,opencl,intel-ocl,cpu,kalman,4096,iso,947,460100,539500
P3,opencl,intel-ocl,cpu,kalman,4096,iso,948,459900,537900
P3,opencl,intel-ocl,cpu,kalman,4096,iso,949,460200,539200
P3,opencl,intel-ocl,cpu,kalman,4096,iso,950,460100,537700
P3,opencl,intel-ocl,cpu,kalman,4096,iso,951,460100,694400
P3,opencl,intel-ocl,cpu,kalman,4096,iso,952,460200,646000
P3,opencl,intel-ocl,cpu,kalman,4096,iso,953,463300,538900
P3,opencl,intel-ocl,cpu,kalman,4096,iso,954,465400,541100
P3,opencl,intel-ocl,cpu,kalman,4096,iso,955,461700,537600
P3,opencl,intel-ocl,cpu,kalman,4096,iso,956,459900,537900
P3,opencl,intel-ocl,cpu,kalman,4096,iso,957,463000,538000
P3,opencl,intel-ocl,cpu,kalman,4096,iso,958,462300,538000
P3,opencl,intel-ocl,cpu,kalman,4096,iso,959,461300,538400
P3,opencl,intel-ocl,cpu,kalman,4096,iso,960,459800,537800
P3,opencl,intel-ocl,cpu,kalman,4096,iso,961,607100,542400
P3,opencl,intel-ocl,cpu,kalman,4096,iso,962,459900,539900
P3,opencl,intel-ocl,cpu,kalman,4096,iso,963,460100,537700
P3,opencl,intel-ocl,cpu,kalman,4096,iso,964,459800,539300
P3,opencl,intel-ocl,cpu,kalman,4096,iso,965,460100,539200
P3,opencl,intel-ocl,cpu,kalman,4096,iso,966,460200,539800
P3,opencl,intel-ocl,cpu,kalman,4096,iso,967,460500,537600
P3,opencl,intel-ocl,cpu,kalman,4096,iso,968,460000,541900
P3,opencl,intel-ocl,cpu,kalman,4096,iso,969,460500,538100
P3,opencl,intel-ocl,cpu,kalman,4096,iso,970,461300,538100
P3,opencl,intel-ocl,cpu,kalman,4096,iso,971,592600,541600
P3,opencl,intel-ocl,cpu,kalman,4096,iso,972,461700,549500
P3,opencl,intel-ocl,cpu,kalman,4096,iso,973,460100,539000
P3,opencl,intel-ocl,cpu,kalman,4096,iso,974,460400,538300
P3,opencl,intel-ocl,cpu,kalman,4096,iso,975,460000,539400
P3,opencl,intel-ocl,cpu,kalman,4096,iso,976,460000,537700
P3,opencl,intel-ocl,cpu,kalman,4096,iso,977,461200,537500
P3,opencl,intel-ocl,cpu,kalman,4096,iso,978,459900,538100
P3,opencl,intel-ocl,cpu,kalman,4096,iso,979,461300,537700
P3,opencl,intel-ocl,cpu,kalman,4096,iso,980,459900,671900
P3,opencl,intel-ocl,cpu,kalman,4096,iso,981,462400,638000
P3,opencl,intel-ocl,cpu,kalman,4096,iso,982,464500,547400
P3,opencl,intel-ocl,cpu,kalman,4096,iso,983,457800,535400
P3,opencl,intel-ocl,cpu,kalman,4096,iso,984,459300,539100
P3,opencl,intel-ocl,cpu,kalman,4096,iso,985,459700,537500
P3,opencl,intel-ocl,cpu,kalman,4096,iso,986,460000,538400
P3,opencl,intel-ocl,cpu,kalman,4096,iso,987,460000,549100
P3,opencl,intel-ocl,cpu,kalman,4096,iso,988,460400,539700
P3,opencl,intel-ocl,cpu,kalman,4096,iso,989,460000,537000
P3,opencl,intel-ocl,cpu,kalman,4096,iso,990,460100,687800
P3,opencl,intel-ocl,cpu,kalman,4096,iso,991,460500,538400
P3,opencl,intel-ocl,cpu,kalman,4096,iso,992,462000,538000
P3,opencl,intel-ocl,cpu,kalman,4096,iso,993,460000,537600
P3,opencl,intel-ocl,cpu,kalman,4096,iso,994,461500,538300
P3,opencl,intel-ocl,cpu,kalman,4096,iso,995,459900,537600
P3,opencl,intel-ocl,cpu,kalman,4096,iso,996,459800,535000
P3,opencl,intel-ocl,cpu,kalman,4096,iso,997,460000,537700
P3,opencl,intel-ocl,cpu,kalman,4096,iso,998,461400,538000
P3,opencl,intel-ocl,cpu,kalman,4096,iso,999,459800,537400
P3,sycl,dpcpp-ocl-jit-usm,cpu,kalman,4096,iso,0,235800,390800
P3,sycl,dpcpp-ocl-jit-usm,cpu,kalman,4096,iso,1,237400,356300
P3,sycl,dpcpp-ocl-jit-usm,cpu,kalman,4096,iso,2,238400,353600
P3,sycl,dpcpp-ocl-jit-usm,cpu,kalman,4096,iso,3,236500,355100
P3,sycl,dpcpp-ocl-jit-usm,cpu,kalman,4096,iso,4,238000,354300
P3,sycl,dpcpp-ocl-jit-usm,cpu,kalman,4096,iso,5,236500,380700
P3,sycl,dpcpp-ocl-jit-usm,cpu,kalman,4096,iso,6,237500,354000
P3,sycl,dpcpp-ocl-jit-usm,cpu,kalman,4096,iso,7,237500,352400
P3,sycl,dpcpp-ocl-jit-usm,cpu,kalman,4096,iso,8,236700,351900
P3,sycl,dpcpp-ocl-jit-usm,cpu,kalman,4096,iso,9,239200,352700
P3,sycl,dpcpp-ocl-jit-usm,cpu,kalman,4096,iso,10,236300,350900
P3,sycl,dpcpp-ocl-jit-usm,cpu,kalman,4096,iso,11,236100,352300
P3,sycl,dpcpp-ocl-jit-usm,cpu,kalman,4096,iso,12,237500,352700
P3,sycl,dpcpp-ocl-jit-usm,cpu,kalman,4096,iso,13,236800,352100
P3,sycl,dpcpp-ocl-jit-usm,cpu,kalman,4096,iso,14,383300,354000
P3,sycl,dpcpp-ocl-jit-usm,cpu,kalman,4096,iso,15,236300,351400
P3,sycl,dpcpp-ocl-jit-usm,cpu,kalman,4096,iso,16,236500,350800
P3,sycl,dpcpp-ocl-jit-usm,cpu,kalman,4096,iso,17,237000,351100
P3,sycl,dpcpp-ocl-jit-usm,cpu,kalman,4096,iso,18,235900,351500
P3,sycl,dpcpp-ocl-jit-usm,cpu,kalman,4096,iso,19,237300,349600
P3,sycl,dpcpp-ocl-jit-usm,cpu,kalman,4096,iso,20,236900,350600
P3,sycl,dpcpp-ocl-jit-usm,cpu,kalman,4096,iso,21,236700,350600
P3,sycl,dpcpp-ocl-jit-usm,cpu,kalman,4096,iso,22,236800,352200
P3,sycl,dpcpp-ocl-jit-usm,cpu,kalman,4096,iso,23,237400,351200
P3,sycl,dpcpp-ocl-jit-usm,cpu,kalman,4096,iso,24,237700,349800
P3,sycl,dpcpp-ocl-jit-usm,cpu,kalman,4096,iso,25,236600,366600
P3,sycl,dpcpp-ocl-jit-usm,cpu,kalman,4096,iso,26,238500,351100
P3,sycl,dpcpp-ocl-jit-usm,cpu,kalman,4096,iso,27,237200,349700
P3,sycl,dpcpp-ocl-jit-usm,cpu,kalman,4096,iso,28,237500,353300
P3,sycl,dpcpp-ocl-jit-usm,cpu,kalman,4096,iso,29,237200,350100
P3,sycl,dpcpp-ocl-jit-usm,cpu,kalman,4096,iso,30,237000,494300
P3,sycl,dpcpp-ocl-jit-usm,cpu,kalman,4096,iso,31,241100,353600
P3,sycl,dpcpp-ocl-jit-usm,cpu,kalman,4096,iso,32,237200,478900
P3,sycl,dpcpp-ocl-jit-usm,cpu,kalman,4096,iso,33,242200,434300
P3,sycl,dpcpp-ocl-jit-usm,cpu,kalman,4096,iso,34,241400,371300
P3,sycl,dpcpp-ocl-jit-usm,cpu,kalman,4096,iso,35,291200,356100
P3,sycl,dpcpp-ocl-jit-usm,cpu,kalman,4096,iso,36,237000,349900
P3,sycl,dpcpp-ocl-jit-usm,cpu,kalman,4096,iso,37,236400,350000
P3,sycl,dpcpp-ocl-jit-usm,cpu,kalman,4096,iso,38,239200,350600
P3,sycl,dpcpp-ocl-jit-usm,cpu,kalman,4096,iso,39,237300,348300
P3,sycl,dpcpp-ocl-jit-usm,cpu,kalman,4096,iso,40,235500,351400
P3,sycl,dpcpp-ocl-jit-usm,cpu,kalman,4096,iso,41,237300,354600
P3,sycl,dpcpp-ocl-jit-usm,cpu,kalman,4096,iso,42,237100,349400
P3,sycl,dpcpp-ocl-jit-usm,cpu,kalman,4096,iso,43,236800,349900
P3,sycl,dpcpp-ocl-jit-usm,cpu,kalman,4096,iso,44,238300,350100
P3,sycl,dpcpp-ocl-jit-usm,cpu,kalman,4096,iso,45,238000,350500
P3,sycl,dpcpp-ocl-jit-usm,cpu,kalman,4096,iso,46,237200,497100
P3,sycl,dpcpp-ocl-jit-usm,cpu,kalman,4096,iso,47,247700,353000
P3,sycl,dpcpp-ocl-jit-usm,cpu,kalman,4096,iso,48,238900,349600
P3,sycl,dpcpp-ocl-jit-usm,cpu,kalman,4096,iso,49,236900,350200
P3,sycl,dpcpp-ocl-jit-usm,cpu,kalman,4096,iso,50,237000,365400
P3,sycl,dpcpp-ocl-jit-usm,cpu,kalman,4096,iso,51,237100,357600
P3,sycl,dpcpp-ocl-jit-usm,cpu,kalman,4096,iso,52,237300,350600
P3,sycl,dpcpp-ocl-jit-usm,cpu,kalman,4096,iso,53,237200,349500
P3,sycl,dpcpp-ocl-jit-usm,cpu,kalman,4096,iso,54,236700,351900
P3,sycl,dpcpp-ocl-jit-usm,cpu,kalman,4096,iso,55,237100,350500
P3,sycl,dpcpp-ocl-jit-usm,cpu,kalman,4096,iso,56,237000,349300
P3,sycl,dpcpp-ocl-jit-usm,cpu,kalman,4096,iso,57,236700,349000
P3,sycl,dpcpp-ocl-jit-usm,cpu,kalman,4096,iso,58,238900,350700
P3,sycl,dpcpp-ocl-jit-usm,cpu,kalman,4096,iso,59,236800,350800
P3,sycl,dpcpp-ocl-jit-usm,cpu,kalman,4096,iso,60,237300,349900
P3,sycl,dpcpp-ocl-jit-usm,cpu,kalman,4096,iso,61,236700,362200
P3,sycl,dpcpp-ocl-jit-usm,cpu,kalman,4096,iso,62,237600,350300
P3,sycl,dpcpp-ocl-jit-usm,cpu,kalman,4096,iso,63,237200,492000
P3,sycl,dpcpp-ocl-jit-usm,cpu,kalman,4096,iso,64,239700,352400
P3,sycl,dpcpp-ocl-jit-usm,cpu,kalman,4096,iso,65,237500,350200
P3,sycl,dpcpp-ocl-jit-usm,cpu,kalman,4096,iso,66,237100,349600
P3,sycl,dpcpp-ocl-jit-usm,cpu,kalman,4096,iso,67,237100,349700
P3,sycl,dpcpp-ocl-jit-usm,cpu,kalman,4096,iso,68,239700,350800
P3,sycl,dpcpp-ocl-jit-usm,cpu,kalman,4096,iso,69,236800,349100
P3,sycl,dpcpp-ocl-jit-usm,cpu,kalman,4096,iso,70,236800,352900
P3,sycl,dpcpp-ocl-jit-usm,cpu,kalman,4096,iso,71,236800,352400
P3,sycl,dpcpp-ocl-jit-usm,cpu,kalman,4096,iso,72,236700,349300
P3,sycl,dpcpp-ocl-jit-usm,cpu,kalman,4096,iso,73,236800,349100
P3,sycl,dpcpp-ocl-jit-usm,cpu,kalman,4096,iso,74,237000,349900
P3,sycl,dpcpp-ocl-jit-usm,cpu,kalman,4096,iso,75,239700,363300
P3,sycl,dpcpp-ocl-jit-usm,cpu,kalman,4096,iso,76,238000,351300
P3,sycl,dpcpp-ocl-jit-usm,cpu,kalman,4096,iso,77,236500,349400
P3,sycl,dpcpp-ocl-jit-usm,cpu,kalman,4096,iso,78,236500,352200
P3,sycl,dpcpp-ocl-jit-usm,cpu,kalman,4096,iso,79,237300,350300
P3,sycl,dpcpp-ocl-jit-usm,cpu,kalman,4096,iso,80,373800,362900
P3,sycl,dpcpp-ocl-jit-usm,cpu,kalman,4096,iso,81,237800,352800
P3,sycl,dpcpp-ocl-jit-usm,cpu,kalman,4096,iso,82,236400,350100
P3,sycl,dpcpp-ocl-jit-usm,cpu,kalman,4096,iso,83,236000,347600
P3,sycl,dpcpp-ocl-jit-usm,cpu,kalman,4096,iso,84,235800,348700
P3,sycl,dpcpp-ocl-jit-usm,cpu,kalman,4096,iso,85,237500,348400
P3,sycl,dpcpp-ocl-jit-usm,cpu,kalman,4096,iso,86,235400,349600
P3,sycl,dpcpp-ocl-jit-usm,cpu,kalman,4096,iso,87,237100,349300
P3,sycl,dpcpp-ocl-jit-usm,cpu,kalman,4096,iso,88,236800,351500
P3,sycl,dpcpp-ocl-jit-usm,cpu,kalman,4096,iso,89,237300,349700
P3,sycl,dpcpp-ocl-jit-usm,cpu,kalman,4096,iso,90,236300,349200
P3,sycl,dpcpp-ocl-jit-usm,cpu,kalman,4096,iso,91,236400,351700
P3,sycl,dpcpp-ocl-jit-usm,cpu,kalman,4096,iso,92,236800,350600
P3,sycl,dpcpp-ocl-jit-usm,cpu,kalman,4096,iso,93,236700,350700
P3,sycl,dpcpp-ocl-jit-usm,cpu,kalman,4096,iso,94,236700,350100
P3,sycl,dpcpp-ocl-jit-usm,cpu,kalman,4096,iso,95,238500,349600
P3,sycl,dpcpp-ocl-jit-usm,cpu,kalman,4096,iso,96,236300,355700
P3,sycl,dpcpp-ocl-jit-usm,cpu,kalman,4096,iso,97,372600,369900
P3,sycl,dpcpp-ocl-jit-usm,cpu,kalman,4096,iso,98,236200,351100
P3,sycl,dpcpp-ocl-jit-usm,cpu,kalman,4096,iso,99,350700,365800
P3,sycl,dpcpp-ocl-jit-usm,cpu,kalman,4096,iso,100,237500,350600
P3,sycl,dpcpp-ocl-jit-usm,cpu,kalman,4096,iso,101,250200,354600
P3,sycl,dpcpp-ocl-jit-usm,cpu,kalman,4096,iso,102,237300,350100
P3,sycl,dpcpp-ocl-jit-usm,cpu,kalman,4096,iso,103,237000,350000
P3,sycl,dpcpp-ocl-jit-usm,cpu,kalman,4096,iso,104,237600,349800
P3,sycl,dpcpp-ocl-jit-usm,cpu,kalman,4096,iso,105,239400,350300
P3,sycl,dpcpp-ocl-jit-usm,cpu,kalman,4096,iso,106,236800,350300
P3,sycl,dpcpp-ocl-jit-usm,cpu,kalman,4096,iso,107,236800,350000
P3,sycl,dpcpp-ocl-jit-usm,cpu,kalman,4096,iso,108,237100,352100
P3,sycl,dpcpp-ocl-jit-usm,cpu,kalman,4096,iso,109,236500,350200
P3,sycl,dpcpp-ocl-jit-usm,cpu,kalman,4096,iso,110,236900,349900
P3,sycl,dpcpp-ocl-jit-usm,cpu,kalman,4096,iso,111,235900,352800
P3,sycl,dpcpp-ocl-jit-usm,cpu,kalman,4096,iso,112,237700,349700
P3,sycl,dpcpp-ocl-jit-usm,cpu,kalman,4096,iso,113,236400,502500
P3,sycl,dpcpp-ocl-jit-usm,cpu,kalman,4096,iso,114,240300,360200
P3,sycl,dpcpp-ocl-jit-usm,cpu,kalman,4096,iso,115,237200,349700
P3,sycl,dpcpp-ocl-jit-usm,cpu,kalman,4096,iso,116,237000,348600
P3,sycl,dpcpp-ocl-jit-usm,cpu,kalman,4096,iso,117,237000,349100
P3,sycl,dpcpp-ocl-jit-usm,cpu,kalman,4096,iso,118,238900,350500
P3,sycl,dpcpp-ocl-jit-usm,cpu,kalman,4096,iso,119,238000,349400
P3,sycl,dpcpp-ocl-jit-usm,cpu,kalman,4096,iso,120,236700,350000
P3,sycl,dpcpp-ocl-jit-usm,cpu,kalman,4096,iso,121,237300,354300
P3,sycl,dpcpp-ocl-jit-usm,cpu,kalman,4096,iso,122,237200,350000
P3,sycl,dpcpp-ocl-jit-usm,cpu,kalman,4096,iso,123,236800,350300
P3,sycl,dpcpp-ocl-jit-usm,cpu,kalman,4096,iso,124,237000,348200
P3,sycl,dpcpp-ocl-jit-usm,cpu,kalman,4096,iso,125,237600,348500
P3,sycl,dpcpp-ocl-jit-usm,cpu,kalman,4096,iso,126,236500,384000
P3,sycl,dpcpp-ocl-jit-usm,cpu,kalman,4096,iso,127,237900,350600
P3,sycl,dpcpp-ocl-jit-usm,cpu,kalman,4096,iso,128,236400,351700
P3,sycl,dpcpp-ocl-jit-usm,cpu,kalman,4096,iso,129,237300,350500
P3,sycl,dpcpp-ocl-jit-usm,cpu,kalman,4096,iso,130,372000,357500
P3,sycl,dpcpp-ocl-jit-usm,cpu,kalman,4096,iso,131,235900,350100
P3,sycl,dpcpp-ocl-jit-usm,cpu,kalman,4096,iso,132,236200,347600
P3,sycl,dpcpp-ocl-jit-usm,cpu,kalman,4096,iso,133,235200,348200
P3,sycl,dpcpp-ocl-jit-usm,cpu,kalman,4096,iso,134,235300,348900
P3,sycl,dpcpp-ocl-jit-usm,cpu,kalman,4096,iso,135,237800,349500
P3,sycl,dpcpp-ocl-jit-usm,cpu,kalman,4096,iso,136,236300,348400
P3,sycl,dpcpp-ocl-jit-usm,cpu,kalman,4096,iso,137,235400,348600
P3,sycl,dpcpp-ocl-jit-usm,cpu,kalman,4096,iso,138,235900,350300
P3,sycl,dpcpp-ocl-jit-usm,cpu,kalman,4096,iso,139,235800,349000
P3,sycl,dpcpp-ocl-jit-usm,cpu,kalman,4096,iso,140,236700,349900
P3,sycl,dpcpp-ocl-jit-usm,cpu,kalman,4096,iso,141,237300,352000
P3,sycl,dpcpp-ocl-jit-usm,cpu,kalman,4096,iso,142,238200,349600
P3,sycl,dpcpp-ocl-jit-usm,cpu,kalman,4096,iso,143,236800,350000
P3,sycl,dpcpp-ocl-jit-usm,cpu,kalman,4096,iso,144,237300,349300
P3,sycl,dpcpp-ocl-jit-usm,cpu,kalman,4096,iso,145,238900,350400
P3,sycl,dpcpp-ocl-jit-usm,cpu,kalman,4096,iso,146,236900,349800
P3,sycl,dpcpp-ocl-jit-usm,cpu,kalman,4096,iso,147,373900,362500
P3,sycl,dpcpp-ocl-jit-usm,cpu,kalman,4096,iso,148,237300,351900
P3,sycl,dpcpp-ocl-jit-usm,cpu,kalman,4096,iso,149,352400,374900
P3,sycl,dpcpp-ocl-jit-usm,cpu,kalman,4096,iso,150,238300,350500
P3,sycl,dpcpp-ocl-jit-usm,cpu,kalman,4096,iso,151,237300,352300
P3,sycl,dpcpp-ocl-jit-usm,cpu,kalman,4096,iso,152,236800,349400
P3,sycl,dpcpp-ocl-jit-usm,cpu,kalman,4096,iso,153,236700,350200
P3,sycl,dpcpp-ocl-jit-usm,cpu,kalman,4096,iso,154,237300,350400
P3,sycl,dpcpp-ocl-jit-usm,cpu,kalman,4096,iso,155,237900,349700
P3,sycl,dpcpp-ocl-jit-usm,cpu,kalman,4096,iso,156,236800,350300
P3,sycl,dpcpp-ocl-jit-usm,cpu,kalman,4096,iso,157,237000,349700
P3,sycl,dpcpp-ocl-jit-usm,cpu,kalman,4096,iso,158,237200,353800
P3,sycl,dpcpp-ocl-jit-usm,cpu,kalman,4096,iso,159,237400,350600
P3,sycl,dpcpp-ocl-jit-usm,cpu,kalman,4096,iso,160,236600,350100
P3,sycl,dpcpp-ocl-jit-usm,cpu,kalman,4096,iso,161,237000,352500
P3,sycl,dpcpp-ocl-jit-usm,cpu,kalman,4096,iso,162,236900,349500
P3,sycl,dpcpp-ocl-jit-usm,cpu,kalman,4096,iso,163,234900,500100
P3,sycl,dpcpp-ocl-jit-usm,cpu,kalman,4096,iso,164,238000,350900
P3,sycl,dpcpp-ocl-jit-usm,cpu,kalman,4096,iso,165,238500,349600
P3,sycl,dpcpp-ocl-jit-usm,cpu,kalman,4096,iso,166,235700,348600
P3,sycl,dpcpp-ocl-jit-usm,cpu,kalman,4096,iso,167,235300,349100
P3,sycl,dpcpp-ocl-jit-usm,cpu,kalman,4096,iso,168,236900,358900
P3,sycl,dpcpp-ocl-jit-usm,cpu,kalman,4096,iso,169,237700,348400
P3,sycl,dpcpp-ocl-jit-usm,cpu,kalman,4096,iso,170,234900,348300
P3,sycl,dpcpp-ocl-jit-usm,cpu,kalman,4096,iso,171,236100,352500
P3,sycl,dpcpp-ocl-jit-usm,cpu,kalman,4096,iso,172,237400,349900
P3,sycl,dpcpp-ocl-jit-usm,cpu,kalman,4096,iso,173,237000,362400
P3,sycl,dpcpp-ocl-jit-usm,cpu,kalman,4096,iso,174,236400,353000
P3,sycl,dpcpp-ocl-jit-usm,cpu,kalman,4096,iso,175,248500,351300
P3,sycl,dpcpp-ocl-jit-usm,cpu,kalman,4096,iso,176,237000,348900
P3,sycl,dpcpp-ocl-jit-usm,cpu,kalman,4096,iso,177,236800,349400
P3,sycl,dpcpp-ocl-jit-usm,cpu,kalman,4096,iso,178,239100,348500
P3,sycl,dpcpp-ocl-jit-usm,cpu,kalman,4096,iso,179,235500,348700
P3,sycl,dpcpp-ocl-jit-usm,cpu,kalman,4096,iso,180,236700,499700
P3,sycl,dpcpp-ocl-jit-usm,cpu,kalman,4096,iso,181,240000,352100
P3,sycl,dpcpp-ocl-jit-usm,cpu,kalman,4096,iso,182,236700,348800
P3,sycl,dpcpp-ocl-jit-usm,cpu,kalman,4096,iso,183,234900,347600
P3,sycl,dpcpp-ocl-jit-usm,cpu,kalman,4096,iso,184,235300,350900
P3,sycl,dpcpp-ocl-jit-usm,cpu,kalman,4096,iso,185,235600,348300
P3,sycl,dpcpp-ocl-jit-usm,cpu,kalman,4096,iso,186,236300,349000
P3,sycl,dpcpp-ocl-jit-usm,cpu,kalman,4096,iso,187,236800,350500
P3,sycl,dpcpp-ocl-jit-usm,cpu,kalman,4096,iso,188,238500,349800
P3,sycl,dpcpp-ocl-jit-usm,cpu,kalman,4096,iso,189,237300,349100
P3,sycl,dpcpp-ocl-jit-usm,cpu,kalman,4096,iso,190,236500,349600
P3,sycl,dpcpp-ocl-jit-usm,cpu,kalman,4096,iso,191,236600,351000
P3,sycl,dpcpp-ocl-jit-usm,cpu,kalman,4096,iso,192,236500,349300
P3,sycl,dpcpp-ocl-jit-usm,cpu,kalman,4096,iso,193,236900,349200
P3,sycl,dpcpp-ocl-jit-usm,cpu,kalman,4096,iso,194,236700,349600
P3,sycl,dpcpp-ocl-jit-usm,cpu,kalman,4096,iso,195,238200,350400
P3,sycl,dpcpp-ocl-jit-usm,cpu,kalman,4096,iso,196,236800,349400
P3,sycl,dpcpp-ocl-jit-usm,cpu,kalman,4096,iso,197,372500,361700
P3,sycl,dpcpp-ocl-jit-usm,cpu,kalman,4096,iso,198,239500,350800
P3,sycl,dpcpp-ocl-jit-usm,cpu,kalman,4096,iso,199,341300,364600
P3,sycl,dpcpp-ocl-jit-usm,cpu,kalman,4096,iso,200,239300,350600
P3,sycl,dpcpp-ocl-jit-usm,cpu,kalman,4096,iso,201,240300,350700
P3,sycl,dpcpp-ocl-jit-usm,cpu,kalman,4096,iso,202,241900,349000
P3,sycl,dpcpp-ocl-jit-usm,cpu,kalman,4096,iso,203,236800,349500
P3,sycl,dpcpp-ocl-jit-usm,cpu,kalman,4096,iso,204,236800,353100
P3,sycl,dpcpp-ocl-jit-usm,cpu,kalman,4096,iso,205,237000,349700
P3,sycl,dpcpp-ocl-jit-usm,cpu,kalman,4096,iso,206,235800,349600
P3,sycl,dpcpp-ocl-jit-usm,cpu,kalman,4096,iso,207,236500,349400
P3,sycl,dpcpp-ocl-jit-usm,cpu,kalman,4096,iso,208,239000,350400
P3,sycl,dpcpp-ocl-jit-usm,cpu,kalman,4096,iso,209,236600,349500
P3,sycl,dpcpp-ocl-jit-usm,cpu,kalman,4096,iso,210,235900,348500
P3,sycl,dpcpp-ocl-jit-usm,cpu,kalman,4096,iso,211,237000,352400
P3,sycl,dpcpp-ocl-jit-usm,cpu,kalman,4096,iso,212,236000,349100
P3,sycl,dpcpp-ocl-jit-usm,cpu,kalman,4096,iso,213,237200,503000
P3,sycl,dpcpp-ocl-jit-usm,cpu,kalman,4096,iso,214,240000,353400
P3,sycl,dpcpp-ocl-jit-usm,cpu,kalman,4096,iso,215,237500,350500
P3,sycl,dpcpp-ocl-jit-usm,cpu,kalman,4096,iso,216,236500,348900
P3,sycl,dpcpp-ocl-jit-usm,cpu,kalman,4096,iso,217,236800,350200
P3,sycl,dpcpp-ocl-jit-usm,cpu,kalman,4096,iso,218,256800,350800
P3,sycl,dpcpp-ocl-jit-usm,cpu,kalman,4096,iso,219,236300,348700
P3,sycl,dpcpp-ocl-jit-usm,cpu,kalman,4096,iso,220,235900,347700
P3,sycl,dpcpp-ocl-jit-usm,cpu,kalman,4096,iso,221,236400,352300
P3,sycl,dpcpp-ocl-jit-usm,cpu,kalman,4096,iso,222,237600,350400
P3,sycl,dpcpp-ocl-jit-usm,cpu,kalman,4096,iso,223,236500,350400
P3,sycl,dpcpp-ocl-jit-usm,cpu,kalman,4096,iso,224,236300,356200
P3,sycl,dpcpp-ocl-jit-usm,cpu,kalman,4096,iso,225,238600,355700
P3,sycl,dpcpp-ocl-jit-usm,cpu,kalman,4096,iso,226,237000,349900
P3,sycl,dpcpp-ocl-jit-usm,cpu,kalman,4096,iso,227,236700,349200
P3,sycl,dpcpp-ocl-jit-usm,cpu,kalman,4096,iso,228,238900,350000
P3,sycl,dpcpp-ocl-jit-usm,cpu,kalman,4096,iso,229,237200,349400
P3,sycl,dpcpp-ocl-jit-usm,cpu,kalman,4096,iso,230,236100,498200
P3,sycl,dpcpp-ocl-jit-usm,cpu,kalman,4096,iso,231,237600,352400
P3,sycl,dpcpp-ocl-jit-usm,cpu,kalman,4096,iso,232,236900,349300
P3,sycl,dpcpp-ocl-jit-usm,cpu,kalman,4096,iso,233,236400,350000
P3,sycl,dpcpp-ocl-jit-usm,cpu,kalman,4096,iso,234,236600,351800
P3,sycl,dpcpp-ocl-jit-usm,cpu,kalman,4096,iso,235,236600,349400
P3,sycl,dpcpp-ocl-jit-usm,cpu,kalman,4096,iso,236,236500,349100
P3,sycl,dpcpp-ocl-jit-usm,cpu,kalman,4096,iso,237,236900,349400
P3,sycl,dpcpp-ocl-jit-usm,cpu,kalman,4096,iso,238,239700,349600
P3,sycl,dpcpp-ocl-jit-usm,cpu,kalman,4096,iso,239,236500,349700
P3,sycl,dpcpp-ocl-jit-usm,cpu,kalman,4096,iso,240,237500,349000
P3,sycl,dpcpp-ocl-jit-usm,cpu,kalman,4096,iso,241,237000,354200
P3,sycl,dpcpp-ocl-jit-usm,cpu,kalman,4096,iso,242,237100,349100
P3,sycl,dpcpp-ocl-jit-usm,cpu,kalman,4096,iso,243,236600,349500
P3,sycl,dpcpp-ocl-jit-usm,cpu,kalman,4096,iso,244,236600,349300
P3,sycl,dpcpp-ocl-jit-usm,cpu,kalman,4096,iso,245,238400,350100
P3,sycl,dpcpp-ocl-jit-usm,cpu,kalman,4096,iso,246,237100,349200
P3,sycl,dpcpp-ocl-jit-usm,cpu,kalman,4096,iso,247,372800,358900
P3,sycl,dpcpp-ocl-jit-usm,cpu,kalman,4096,iso,248,237600,348400
P3,sycl,dpcpp-ocl-jit-usm,cpu,kalman,4096,iso,249,236300,349600
P3,sycl,dpcpp-ocl-jit-usm,cpu,kalman,4096,iso,250,236500,348900
P3,sycl,dpcpp-ocl-jit-usm,cpu,kalman,4096,iso,251,250700,354000
P3,sycl,dpcpp-ocl-jit-usm,cpu,kalman,4096,iso,252,237600,349500
P3,sycl,dpcpp-ocl-jit-usm,cpu,kalman,4096,iso,253,237100,348200
P3,sycl,dpcpp-ocl-jit-usm,cpu,kalman,4096,iso,254,236000,348600
P3,sycl,dpcpp-ocl-jit-usm,cpu,kalman,4096,iso,255,238500,432100
P3,sycl,dpcpp-ocl-jit-usm,cpu,kalman,4096,iso,256,238400,347900
P3,sycl,dpcpp-ocl-jit-usm,cpu,kalman,4096,iso,257,236900,348100
P3,sycl,dpcpp-ocl-jit-usm,cpu,kalman,4096,iso,258,238900,348600
P3,sycl,dpcpp-ocl-jit-usm,cpu,kalman,4096,iso,259,236900,348400
P3,sycl,dpcpp-ocl-jit-usm,cpu,kalman,4096,iso,260,236700,348100
P3,sycl,dpcpp-ocl-jit-usm,cpu,kalman,4096,iso,261,236000,350400
P3,sycl,dpcpp-ocl-jit-usm,cpu,kalman,4096,iso,262,236900,348800
P3,sycl,dpcpp-ocl-jit-usm,cpu,kalman,4096,iso,263,236600,489900
P3,sycl,dpcpp-ocl-jit-usm,cpu,kalman,4096,iso,264,241200,354000
P3,sycl,dpcpp-ocl-jit-usm,cpu,kalman,4096,iso,265,237100,465500
P3,sycl,dpcpp-ocl-jit-usm,cpu,kalman,4096,iso,266,242600,352400
P3,sycl,dpcpp-ocl-jit-usm,cpu,kalman,4096,iso,267,236800,349100
P3,sycl,dpcpp-ocl-jit-usm,cpu,kalman,4096,iso,268,239000,349200
P3,sycl,dpcpp-ocl-jit-usm,cpu,kalman,4096,iso,269,236800,350200
P3,sycl,dpcpp-ocl-jit-usm,cpu,kalman,4096,iso,270,237500,349600
P3,sycl,dpcpp-ocl-jit-usm,cpu,kalman,4096,iso,271,237200,351600
P3,sycl,dpcpp-ocl-jit-usm,cpu,kalman,4096,iso,272,236300,350000
P3,sycl,dpcpp-ocl-jit-usm,cpu,kalman,4096,iso,273,237700,350400
P3,sycl,dpcpp-ocl-jit-usm,cpu,kalman,4096,iso,274,237200,352600
P3,sycl,dpcpp-ocl-jit-usm,cpu,kalman,4096,iso,275,237100,350000
P3,sycl,dpcpp-ocl-jit-usm,cpu,kalman,4096,iso,276,236800,352300
P3,sycl,dpcpp-ocl-jit-usm,cpu,kalman,4096,iso,277,237000,357800
P3,sycl,dpcpp-ocl-jit-usm,cpu,kalman,4096,iso,278,236900,349000
P3,sycl,dpcpp-ocl-jit-usm,cpu,kalman,4096,iso,279,236800,349500
P3,sycl,dpcpp-ocl-jit-usm,cpu,kalman,4096,iso,280,236400,509800
P3,sycl,dpcpp-ocl-jit-usm,cpu,kalman,4096,iso,281,247100,352200
P3,sycl,dpcpp-ocl-jit-usm,cpu,kalman,4096,iso,282,236800,350100
P3,sycl,dpcpp-ocl-jit-usm,cpu,kalman,4096,iso,283,237600,349300
P3,sycl,dpcpp-ocl-jit-usm,cpu,kalman,4096,iso,284,235900,352900
P3,sycl,dpcpp-ocl-jit-usm,cpu,kalman,4096,iso,285,235900,349100
P3,sycl,dpcpp-ocl-jit-usm,cpu,kalman,4096,iso,286,236300,348700
P3,sycl,dpcpp-ocl-jit-usm,cpu,kalman,4096,iso,287,237200,352200
P3,sycl,dpcpp-ocl-jit-usm,cpu,kalman,4096,iso,288,236700,349000
P3,sycl,dpcpp-ocl-jit-usm,cpu,kalman,4096,iso,289,236900,350600
P3,sycl,dpcpp-ocl-jit-usm,cpu,kalman,4096,iso,290,236800,350000
P3,sycl,dpcpp-ocl-jit-usm,cpu,kalman,4096,iso,291,239500,351400
P3,sycl,dpcpp-ocl-jit-usm,cpu,kalman,4096,iso,292,236600,349200
P3,sycl,dpcpp-ocl-jit-usm,cpu,kalman,4096,iso,293,236900,349700
P3,sycl,dpcpp-ocl-jit-usm,cpu,kalman,4096,iso,294,236800,350900
P3,sycl,dpcpp-ocl-jit-usm,cpu,kalman,4096,iso,295,237100,350300
P3,sycl,dpcpp-ocl-jit-usm,cpu,kalman,4096,iso,296,237200,349000
P3,sycl,dpcpp-ocl-jit-usm,cpu,kalman,4096,iso,297,373500,361700
P3,sycl,dpcpp-ocl-jit-usm,cpu,kalman,4096,iso,298,236000,349200
P3,sycl,dpcpp-ocl-jit-usm,cpu,kalman,4096,iso,299,235300,349000
P3,sycl,dpcpp-ocl-jit-usm,cpu,kalman,4096,iso,300,236900,349400
P3,sycl,dpcpp-ocl-jit-usm,cpu,kalman,4096,iso,301,238100,363000
P3,sycl,dpcpp-ocl-jit-usm,cpu,kalman,4096,iso,302,238900,350300
P3,sycl,dpcpp-ocl-jit-usm,cpu,kalman,4096,iso,303,236200,350500
P3,sycl,dpcpp-ocl-jit-usm,cpu,kalman,4096,iso,304,236200,351400
P3,sycl,dpcpp-ocl-jit-usm,cpu,kalman,4096,iso,305,242400,349700
P3,sycl,dpcpp-ocl-jit-usm,cpu,kalman,4096,iso,306,236800,350000
P3,sycl,dpcpp-ocl-jit-usm,cpu,kalman,4096,iso,307,236400,349400
P3,sycl,dpcpp-ocl-jit-usm,cpu,kalman,4096,iso,308,238100,350600
P3,sycl,dpcpp-ocl-jit-usm,cpu,kalman,4096,iso,309,237000,349900
P3,sycl,dpcpp-ocl-jit-usm,cpu,kalman,4096,iso,310,236800,349500
P3,sycl,dpcpp-ocl-jit-usm,cpu,kalman,4096,iso,311,236200,349900
P3,sycl,dpcpp-ocl-jit-usm,cpu,kalman,4096,iso,312,235800,348600
P3,sycl,dpcpp-ocl-jit-usm,cpu,kalman,4096,iso,313,236600,489100
P3,sycl,dpcpp-ocl-jit-usm,cpu,kalman,4096,iso,314,242900,355400
P3,sycl,dpcpp-ocl-jit-usm,cpu,kalman,4096,iso,315,236500,464000
P3,sycl,dpcpp-ocl-jit-usm,cpu,kalman,4096,iso,316,240600,349100
P3,sycl,dpcpp-ocl-jit-usm,cpu,kalman,4096,iso,317,236400,351700
P3,sycl,dpcpp-ocl-jit-usm,cpu,kalman,4096,iso,318,236300,347600
P3,sycl,dpcpp-ocl-jit-usm,cpu,kalman,4096,iso,319,235200,349100
P3,sycl,dpcpp-ocl-jit-usm,cpu,kalman,4096,iso,320,236600,349600
P3,sycl,dpcpp-ocl-jit-usm,cpu,kalman,4096,iso,321,239100,349900
P3,sycl,dpcpp-ocl-jit-usm,cpu,kalman,4096,iso,322,236200,349300
P3,sycl,dpcpp-ocl-jit-usm,cpu,kalman,4096,iso,323,237100,348600
P3,sycl,dpcpp-ocl-jit-usm,cpu,kalman,4096,iso,324,236500,353200
P3,sycl,dpcpp-ocl-jit-usm,cpu,kalman,4096,iso,325,249700,351800
P3,sycl,dpcpp-ocl-jit-usm,cpu,kalman,4096,iso,326,236500,347700
P3,sycl,dpcpp-ocl-jit-usm,cpu,kalman,4096,iso,327,235400,347500
P3,sycl,dpcpp-ocl-jit-usm,cpu,kalman,4096,iso,328,237500,348000
P3,sycl,dpcpp-ocl-jit-usm,cpu,kalman,4096,iso,329,236200,349300
P3,sycl,dpcpp-ocl-jit-usm,cpu,kalman,4096,iso,330,236700,505200
P3,sycl,dpcpp-ocl-jit-usm,cpu,kalman,4096,iso,331,242200,350800
P3,sycl,dpcpp-ocl-jit-usm,cpu,kalman,4096,iso,332,237100,348200
P3,sycl,dpcpp-ocl-jit-usm,cpu,kalman,4096,iso,333,235300,347700
P3,sycl,dpcpp-ocl-jit-usm,cpu,kalman,4096,iso,334,236000,358200
P3,sycl,dpcpp-ocl-jit-usm,cpu,kalman,4096,iso,335,236600,348400
P3,sycl,dpcpp-ocl-jit-usm,cpu,kalman,4096,iso,336,235900,349800
P3,sycl,dpcpp-ocl-jit-usm,cpu,kalman,4096,iso,337,236500,352600
P3,sycl,dpcpp-ocl-jit-usm,cpu,kalman,4096,iso,338,238300,349700
P3,sycl,dpcpp-ocl-jit-usm,cpu,kalman,4096,iso,339,236700,350700
P3,sycl,dpcpp-ocl-jit-usm,cpu,kalman,4096,iso,340,236600,350200
P3,sycl,dpcpp-ocl-jit-usm,cpu,kalman,4096,iso,341,239100,350000
P3,sycl,dpcpp-ocl-jit-usm,cpu,kalman,4096,iso,342,236600,349500
P3,sycl,dpcpp-ocl-jit-usm,cpu,kalman,4096,iso,343,237200,350300
P3,sycl,dpcpp-ocl-jit-usm,cpu,kalman,4096,iso,344,236700,352400
P3,sycl,dpcpp-ocl-jit-usm,cpu,kalman,4096,iso,345,236700,348600
P3,sycl,dpcpp-ocl-jit-usm,cpu,kalman,4096,iso,346,237300,349000
P3,sycl,dpcpp-ocl-jit-usm,cpu,kalman,4096,iso,347,372300,360300
P3,sycl,dpcpp-ocl-jit-usm,cpu,kalman,4096,iso,348,237600,351300
P3,sycl,dpcpp-ocl-jit-usm,cpu,kalman,4096,iso,349,238200,350200
P3,sycl,dpcpp-ocl-jit-usm,cpu,kalman,4096,iso,350,248200,351500
P3,sycl,dpcpp-ocl-jit-usm,cpu,kalman,4096,iso,351,238600,347900
P3,sycl,dpcpp-ocl-jit-usm,cpu,kalman,4096,iso,352,234900,353600
P3,sycl,dpcpp-ocl-jit-usm,cpu,kalman,4096,iso,353,237300,349400
P3,sycl,dpcpp-ocl-jit-usm,cpu,kalman,4096,iso,354,236400,351300
P3,sycl,dpcpp-ocl-jit-usm,cpu,kalman,4096,iso,355,237100,348400
P3,sycl,dpcpp-ocl-jit-usm,cpu,kalman,4096,iso,356,236300,347400
P3,sycl,dpcpp-ocl-jit-usm,cpu,kalman,4096,iso,357,235900,350700
P3,sycl,dpcpp-ocl-jit-usm,cpu,kalman,4096,iso,358,237600,347800
P3,sycl,dpcpp-ocl-jit-usm,cpu,kalman,4096,iso,359,234900,347400
P3,sycl,dpcpp-ocl-jit-usm,cpu,kalman,4096,iso,360,235000,348000
P3,sycl,dpcpp-ocl-jit-usm,cpu,kalman,4096,iso,361,236000,351400
P3,sycl,dpcpp-ocl-jit-usm,cpu,kalman,4096,iso,362,237100,348900
P3,sycl,dpcpp-ocl-jit-usm,cpu,kalman,4096,iso,363,237000,349400
P3,sycl,dpcpp-ocl-jit-usm,cpu,kalman,4096,iso,364,373300,361600
P3,sycl,dpcpp-ocl-jit-usm,cpu,kalman,4096,iso,365,236500,349500
P3,sycl,dpcpp-ocl-jit-usm,cpu,kalman,4096,iso,366,236600,463900
P3,sycl,dpcpp-ocl-jit-usm,cpu,kalman,4096,iso,367,241300,353400
P3,sycl,dpcpp-ocl-jit-usm,cpu,kalman,4096,iso,368,236600,350500
P3,sycl,dpcpp-ocl-jit-usm,cpu,kalman,4096,iso,369,236700,349900
P3,sycl,dpcpp-ocl-jit-usm,cpu,kalman,4096,iso,370,236000,349500
P3,sycl,dpcpp-ocl-jit-usm,cpu,kalman,4096,iso,371,238900,350600
P3,sycl,dpcpp-ocl-jit-usm,cpu,kalman,4096,iso,372,236500,349600
P3,sycl,dpcpp-ocl-jit-usm,cpu,kalman,4096,iso,373,236400,350000
P3,sycl,dpcpp-ocl-jit-usm,cpu,kalman,4096,iso,374,237200,352100
P3,sycl,dpcpp-ocl-jit-usm,cpu,kalman,4096,iso,375,236600,362700
P3,sycl,dpcpp-ocl-jit-usm,cpu,kalman,4096,iso,376,237300,349800
P3,sycl,dpcpp-ocl-jit-usm,cpu,kalman,4096,iso,377,236400,349300
P3,sycl,dpcpp-ocl-jit-usm,cpu,kalman,4096,iso,378,238200,348000
P3,sycl,dpcpp-ocl-jit-usm,cpu,kalman,4096,iso,379,235700,347000
P3,sycl,dpcpp-ocl-jit-usm,cpu,kalman,4096,iso,380,235200,500200
P3,sycl,dpcpp-ocl-jit-usm,cpu,kalman,4096,iso,381,241600,350500
P3,sycl,dpcpp-ocl-jit-usm,cpu,kalman,4096,iso,382,236100,349800
P3,sycl,dpcpp-ocl-jit-usm,cpu,kalman,4096,iso,383,236300,349800
P3,sycl,dpcpp-ocl-jit-usm,cpu,kalman,4096,iso,384,236400,353100
P3,sycl,dpcpp-ocl-jit-usm,cpu,kalman,4096,iso,385,237300,348800
P3,sycl,dpcpp-ocl-jit-usm,cpu,kalman,4096,iso,386,236500,349600
P3,sycl,dpcpp-ocl-jit-usm,cpu,kalman,4096,iso,387,236300,349200
P3,sycl,dpcpp-ocl-jit-usm,cpu,kalman,4096,iso,388,245300,349500
P3,sycl,dpcpp-ocl-jit-usm,cpu,kalman,4096,iso,389,236000,348100
P3,sycl,dpcpp-ocl-jit-usm,cpu,kalman,4096,iso,390,237400,349300
P3,sycl,dpcpp-ocl-jit-usm,cpu,kalman,4096,iso,391,236200,351100
P3,sycl,dpcpp-ocl-jit-usm,cpu,kalman,4096,iso,392,236900,349400
P3,sycl,dpcpp-ocl-jit-usm,cpu,kalman,4096,iso,393,236800,348800
P3,sycl,dpcpp-ocl-jit-usm,cpu,kalman,4096,iso,394,237100,351300
P3,sycl,dpcpp-ocl-jit-usm,cpu,kalman,4096,iso,395,237100,349100
P3,sycl,dpcpp-ocl-jit-usm,cpu,kalman,4096,iso,396,236300,349600
P3,sycl,dpcpp-ocl-jit-usm,cpu,kalman,4096,iso,397,236800,498500
P3,sycl,dpcpp-ocl-jit-usm,cpu,kalman,4096,iso,398,239000,350900
P3,sycl,dpcpp-ocl-jit-usm,cpu,kalman,4096,iso,399,237600,350800
P3,sycl,dpcpp-ocl-jit-usm,cpu,kalman,4096,iso,400,237300,373400
P3,sycl,dpcpp-ocl-jit-usm,cpu,kalman,4096,iso,401,238100,351200
P3,sycl,dpcpp-ocl-jit-usm,cpu,kalman,4096,iso,402,236300,350100
P3,sycl,dpcpp-ocl-jit-usm,cpu,kalman,4096,iso,403,235500,347800
P3,sycl,dpcpp-ocl-jit-usm,cpu,kalman,4096,iso,404,234500,350000
P3,sycl,dpcpp-ocl-jit-usm,cpu,kalman,4096,iso,405,237500,350600
P3,sycl,dpcpp-ocl-jit-usm,cpu,kalman,4096,iso,406,236100,348800
P3,sycl,dpcpp-ocl-jit-usm,cpu,kalman,4096,iso,407,236700,350000
P3,sycl,dpcpp-ocl-jit-usm,cpu,kalman,4096,iso,408,238500,351000
P3,sycl,dpcpp-ocl-jit-usm,cpu,kalman,4096,iso,409,237000,349700
P3,sycl,dpcpp-ocl-jit-usm,cpu,kalman,4096,iso,410,236800,348700
P3,sycl,dpcpp-ocl-jit-usm,cpu,kalman,4096,iso,411,236500,352700
P3,sycl,dpcpp-ocl-jit-usm,cpu,kalman,4096,iso,412,236700,349400
P3,sycl,dpcpp-ocl-jit-usm,cpu,kalman,4096,iso,413,236200,349000
P3,sycl,dpcpp-ocl-jit-usm,cpu,kalman,4096,iso,414,372600,360000
P3,sycl,dpcpp-ocl-jit-usm,cpu,kalman,4096,iso,415,237300,350600
P3,sycl,dpcpp-ocl-jit-usm,cpu,kalman,4096,iso,416,236800,349600
P3,sycl,dpcpp-ocl-jit-usm,cpu,kalman,4096,iso,417,237200,348500
P3,sycl,dpcpp-ocl-jit-usm,cpu,kalman,4096,iso,418,238900,349400
P3,sycl,dpcpp-ocl-jit-usm,cpu,kalman,4096,iso,419,236800,349700
P3,sycl,dpcpp-ocl-jit-usm,cpu,kalman,4096,iso,420,236500,349200
P3,sycl,dpcpp-ocl-jit-usm,cpu,kalman,4096,iso,421,237000,352000
P3,sycl,dpcpp-ocl-jit-usm,cpu,kalman,4096,iso,422,237300,349500
P3,sycl,dpcpp-ocl-jit-usm,cpu,kalman,4096,iso,423,236300,350000
P3,sycl,dpcpp-ocl-jit-usm,cpu,kalman,4096,iso,424,237900,350200
P3,sycl,dpcpp-ocl-jit-usm,cpu,kalman,4096,iso,425,239300,350100
P3,sycl,dpcpp-ocl-jit-usm,cpu,kalman,4096,iso,426,236600,363100
P3,sycl,dpcpp-ocl-jit-usm,cpu,kalman,4096,iso,427,236300,355200
P3,sycl,dpcpp-ocl-jit-usm,cpu,kalman,4096,iso,428,236700,351100
P3,sycl,dpcpp-ocl-jit-usm,cpu,kalman,4096,iso,429,237200,348800
P3,sycl,dpcpp-ocl-jit-usm,cpu,kalman,4096,iso,430,237400,492700
P3,sycl,dpcpp-ocl-jit-usm,cpu,kalman,4096,iso,431,240700,353900
P3,sycl,dpcpp-ocl-jit-usm,cpu,kalman,4096,iso,432,281800,465300
P3,sycl,dpcpp-ocl-jit-usm,cpu,kalman,4096,iso,433,241700,350800
P3,sycl,dpcpp-ocl-jit-usm,cpu,kalman,4096,iso,434,236900,351400
P3,sycl,dpcpp-ocl-jit-usm,cpu,kalman,4096,iso,435,234900,347800
P3,sycl,dpcpp-ocl-jit-usm,cpu,kalman,4096,iso,436,235200,348000
P3,sycl,dpcpp-ocl-jit-usm,cpu,kalman,4096,iso,437,235700,347800
P3,sycl,dpcpp-ocl-jit-usm,cpu,kalman,4096,iso,438,239000,349700
P3,sycl,dpcpp-ocl-jit-usm,cpu,kalman,4096,iso,439,236300,349000
P3,sycl,dpcpp-ocl-jit-usm,cpu,kalman,4096,iso,440,236600,348300
P3,sycl,dpcpp-ocl-jit-usm,cpu,kalman,4096,iso,441,236800,360200
P3,sycl,dpcpp-ocl-jit-usm,cpu,kalman,4096,iso,442,237800,349600
P3,sycl,dpcpp-ocl-jit-usm,cpu,kalman,4096,iso,443,237400,349400
P3,sycl,dpcpp-ocl-jit-usm,cpu,kalman,4096,iso,444,237000,348700
P3,sycl,dpcpp-ocl-jit-usm,cpu,kalman,4096,iso,445,239200,349700
P3,sycl,dpcpp-ocl-jit-usm,cpu,kalman,4096,iso,446,236800,349200
P3,sycl,dpcpp-ocl-jit-usm,cpu,kalman,4096,iso,447,382200,364200
P3,sycl,dpcpp-ocl-jit-usm,cpu,kalman,4096,iso,448,239300,349400
P3,sycl,dpcpp-ocl-jit-usm,cpu,kalman,4096,iso,449,236100,350200
P3,sycl,dpcpp-ocl-jit-usm,cpu,kalman,4096,iso,450,236700,349600
P3,sycl,dpcpp-ocl-jit-usm,cpu,kalman,4096,iso,451,236700,365100
P3,sycl,dpcpp-ocl-jit-usm,cpu,kalman,4096,iso,452,237200,350300
P3,sycl,dpcpp-ocl-jit-usm,cpu,kalman,4096,iso,453,236800,349700
P3,sycl,dpcpp-ocl-jit-usm,cpu,kalman,4096,iso,454,236100,351600
P3,sycl,dpcpp-ocl-jit-usm,cpu,kalman,4096,iso,455,237000,350100
P3,sycl,dpcpp-ocl-jit-usm,cpu,kalman,4096,iso,456,237000,349200
P3,sycl,dpcpp-ocl-jit-usm,cpu,kalman,4096,iso,457,237600,348800
P3,sycl,dpcpp-ocl-jit-usm,cpu,kalman,4096,iso,458,239200,350100
P3,sycl,dpcpp-ocl-jit-usm,cpu,kalman,4096,iso,459,236600,350000
P3,sycl,dpcpp-ocl-jit-usm,cpu,kalman,4096,iso,460,237200,349900
P3,sycl,dpcpp-ocl-jit-usm,cpu,kalman,4096,iso,461,236200,352200
P3,sycl,dpcpp-ocl-jit-usm,cpu,kalman,4096,iso,462,236500,349000
P3,sycl,dpcpp-ocl-jit-usm,cpu,kalman,4096,iso,463,236500,349100
P3,sycl,dpcpp-ocl-jit-usm,cpu,kalman,4096,iso,464,373200,359800
P3,sycl,dpcpp-ocl-jit-usm,cpu,kalman,4096,iso,465,235500,348000
P3,sycl,dpcpp-ocl-jit-usm,cpu,kalman,4096,iso,466,236100,348100
P3,sycl,dpcpp-ocl-jit-usm,cpu,kalman,4096,iso,467,234500,347300
P3,sycl,dpcpp-ocl-jit-usm,cpu,kalman,4096,iso,468,237700,348200
P3,sycl,dpcpp-ocl-jit-usm,cpu,kalman,4096,iso,469,235500,348400
P3,sycl,dpcpp-ocl-jit-usm,cpu,kalman,4096,iso,470,236500,348600
P3,sycl,dpcpp-ocl-jit-usm,cpu,kalman,4096,iso,471,236200,352000
P3,sycl,dpcpp-ocl-jit-usm,cpu,kalman,4096,iso,472,237500,349200
P3,sycl,dpcpp-ocl-jit-usm,cpu,kalman,4096,iso,473,236500,347700
P3,sycl,dpcpp-ocl-jit-usm,cpu,kalman,4096,iso,474,235800,348900
P3,sycl,dpcpp-ocl-jit-usm,cpu,kalman,4096,iso,475,238700,349600
P3,sycl,dpcpp-ocl-jit-usm,cpu,kalman,4096,iso,476,236900,362000
P3,sycl,dpcpp-ocl-jit-usm,cpu,kalman,4096,iso,477,235900,347500
P3,sycl,dpcpp-ocl-jit-usm,cpu,kalman,4096,iso,478,234500,351600
P3,sycl,dpcpp-ocl-jit-usm,cpu,kalman,4096,iso,479,236700,348600
P3,sycl,dpcpp-ocl-jit-usm,cpu,kalman,4096,iso,480,236600,486800
P3,sycl,dpcpp-ocl-jit-usm,cpu,kalman,4096,iso,481,242800,355100
P3,sycl,dpcpp-ocl-jit-usm,cpu,kalman,4096,iso,482,237000,462400
P3,sycl,dpcpp-ocl-jit-usm,cpu,kalman,4096,iso,483,241800,351100
P3,sycl,dpcpp-ocl-jit-usm,cpu,kalman,4096,iso,484,236500,357000
P3,sycl,dpcpp-ocl-jit-usm,cpu,kalman,4096,iso,485,240700,351100
P3,sycl,dpcpp-ocl-jit-usm,cpu,kalman,4096,iso,486,236000,349500
P3,sycl,dpcpp-ocl-jit-usm,cpu,kalman,4096,iso,487,237300,348900
P3,sycl,dpcpp-ocl-jit-usm,cpu,kalman,4096,iso,488,239700,350000
P3,sycl,dpcpp-ocl-jit-usm,cpu,kalman,4096,iso,489,236500,349600
P3,sycl,dpcpp-ocl-jit-usm,cpu,kalman,4096,iso,490,235400,348100
P3,sycl,dpcpp-ocl-jit-usm,cpu,kalman,4096,iso,491,235300,351000
P3,sycl,dpcpp-ocl-jit-usm,cpu,kalman,4096,iso,492,237000,350100
P3,sycl,dpcpp-ocl-jit-usm,cpu,kalman,4096,iso,493,236200,347600
P3,sycl,dpcpp-ocl-jit-usm,cpu,kalman,4096,iso,494,235900,347800
P3,sycl,dpcpp-ocl-jit-usm,cpu,kalman,4096,iso,495,245700,350600
P3,sycl,dpcpp-ocl-jit-usm,cpu,kalman,4096,iso,496,236900,350500
P3,sycl,dpcpp-ocl-jit-usm,cpu,kalman,4096,iso,497,236700,502700
P3,sycl,dpcpp-ocl-jit-usm,cpu,kalman,4096,iso,498,241200,349000
P3,sycl,dpcpp-ocl-jit-usm,cpu,kalman,4096,iso,499,235700,348400
P3,sycl,dpcpp-ocl-jit-usm,cpu,kalman,4096,iso,500,247900,349800
P3,sycl,dpcpp-ocl-jit-usm,cpu,kalman,4096,iso,501,234800,350600
P3,sycl,dpcpp-ocl-jit-usm,cpu,kalman,4096,iso,502,235600,347500
P3,sycl,dpcpp-ocl-jit-usm,cpu,kalman,4096,iso,503,240500,348400
P3,sycl,dpcpp-ocl-jit-usm,cpu,kalman,4096,iso,504,235400,348200
P3,sycl,dpcpp-ocl-jit-usm,cpu,kalman,4096,iso,505,238300,350700
P3,sycl,dpcpp-ocl-jit-usm,cpu,kalman,4096,iso,506,236600,349600
P3,sycl,dpcpp-ocl-jit-usm,cpu,kalman,4096,iso,507,236600,349500
P3,sycl,dpcpp-ocl-jit-usm,cpu,kalman,4096,iso,508,237100,351200
P3,sycl,dpcpp-ocl-jit-usm,cpu,kalman,4096,iso,509,237200,349300
P3,sycl,dpcpp-ocl-jit-usm,cpu,kalman,4096,iso,510,236300,349900
P3,sycl,dpcpp-ocl-jit-usm,cpu,kalman,4096,iso,511,236700,351600
P3,sycl,dpcpp-ocl-jit-usm,cpu,kalman,4096,iso,512,237800,349100
P3,sycl,dpcpp-ocl-jit-usm,cpu,kalman,4096,iso,513,236100,349600
P3,sycl,dpcpp-ocl-jit-usm,cpu,kalman,4096,iso,514,372000,361400
P3,sycl,dpcpp-ocl-jit-usm,cpu,kalman,4096,iso,515,239500,350900
P3,sycl,dpcpp-ocl-jit-usm,cpu,kalman,4096,iso,516,236600,349500
P3,sycl,dpcpp-ocl-jit-usm,cpu,kalman,4096,iso,517,237400,350200
P3,sycl,dpcpp-ocl-jit-usm,cpu,kalman,4096,iso,518,235900,351000
P3,sycl,dpcpp-ocl-jit-usm,cpu,kalman,4096,iso,519,236600,349200
P3,sycl,dpcpp-ocl-jit-usm,cpu,kalman,4096,iso,520,236300,349700
P3,sycl,dpcpp-ocl-jit-usm,cpu,kalman,4096,iso,521,236700,351800
P3,sycl,dpcpp-ocl-jit-usm,cpu,kalman,4096,iso,522,237500,350300
P3,sycl,dpcpp-ocl-jit-usm,cpu,kalman,4096,iso,523,236900,349300
P3,sycl,dpcpp-ocl-jit-usm,cpu,kalman,4096,iso,524,236900,349600
P3,sycl,dpcpp-ocl-jit-usm,cpu,kalman,4096,iso,525,238800,363600
P3,sycl,dpcpp-ocl-jit-usm,cpu,kalman,4096,iso,526,237800,349600
P3,sycl,dpcpp-ocl-jit-usm,cpu,kalman,4096,iso,527,235900,349700
P3,sycl,dpcpp-ocl-jit-usm,cpu,kalman,4096,iso,528,235700,351600
P3,sycl,dpcpp-ocl-jit-usm,cpu,kalman,4096,iso,529,236900,349200
P3,sycl,dpcpp-ocl-jit-usm,cpu,kalman,4096,iso,530,236600,349700
P3,sycl,dpcpp-ocl-jit-usm,cpu,kalman,4096,iso,531,372400,360900
P3,sycl,dpcpp-ocl-jit-usm,cpu,kalman,4096,iso,532,236600,464300
P3,sycl,dpcpp-ocl-jit-usm,cpu,kalman,4096,iso,533,241500,352400
P3,sycl,dpcpp-ocl-jit-usm,cpu,kalman,4096,iso,534,236700,349900
P3,sycl,dpcpp-ocl-jit-usm,cpu,kalman,4096,iso,535,238500,350500
P3,sycl,dpcpp-ocl-jit-usm,cpu,kalman,4096,iso,536,236300,349100
P3,sycl,dpcpp-ocl-jit-usm,cpu,kalman,4096,iso,537,239500,354100
P3,sycl,dpcpp-ocl-jit-usm,cpu,kalman,4096,iso,538,236500,352400
P3,sycl,dpcpp-ocl-jit-usm,cpu,kalman,4096,iso,539,237200,350200
P3,sycl,dpcpp-ocl-jit-usm,cpu,kalman,4096,iso,540,237900,349600
P3,sycl,dpcpp-ocl-jit-usm,cpu,kalman,4096,iso,541,236200,353100
P3,sycl,dpcpp-ocl-jit-usm,cpu,kalman,4096,iso,542,237200,349200
P3,sycl,dpcpp-ocl-jit-usm,cpu,kalman,4096,iso,543,236300,350800
P3,sycl,dpcpp-ocl-jit-usm,cpu,kalman,4096,iso,544,236400,350500
P3,sycl,dpcpp-ocl-jit-usm,cpu,kalman,4096,iso,545,239300,349900
P3,sycl,dpcpp-ocl-jit-usm,cpu,kalman,4096,iso,546,236700,349700
P3,sycl,dpcpp-ocl-jit-usm,cpu,kalman,4096,iso,547,236000,503100
P3,sycl,dpcpp-ocl-jit-usm,cpu,kalman,4096,iso,548,240500,353000
P3,sycl,dpcpp-ocl-jit-usm,cpu,kalman,4096,iso,549,236100,349800
P3,sycl,dpcpp-ocl-jit-usm,cpu,kalman,4096,iso,550,236900,363700
P3,sycl,dpcpp-ocl-jit-usm,cpu,kalman,4096,iso,551,237300,362000
P3,sycl,dpcpp-ocl-jit-usm,cpu,kalman,4096,iso,552,237500,350200
P3,sycl,dpcpp-ocl-jit-usm,cpu,kalman,4096,iso,553,236100,351200
P3,sycl,dpcpp-ocl-jit-usm,cpu,kalman,4096,iso,554,236900,350400
P3,sycl,dpcpp-ocl-jit-usm,cpu,kalman,4096,iso,555,238600,349300
P3,sycl,dpcpp-ocl-jit-usm,cpu,kalman,4096,iso,556,236500,349600
P3,sycl,dpcpp-ocl-jit-usm,cpu,kalman,4096,iso,557,236300,349700
P3,sycl,dpcpp-ocl-jit-usm,cpu,kalman,4096,iso,558,235900,351200
P3,sycl,dpcpp-ocl-jit-usm,cpu,kalman,4096,iso,559,237300,349000
P3,sycl,dpcpp-ocl-jit-usm,cpu,kalman,4096,iso,560,236400,349600
P3,sycl,dpcpp-ocl-jit-usm,cpu,kalman,4096,iso,561,236800,349100
P3,sycl,dpcpp-ocl-jit-usm,cpu,kalman,4096,iso,562,238400,350100
P3,sycl,dpcpp-ocl-jit-usm,cpu,kalman,4096,iso,563,236600,348600
P3,sycl,dpcpp-ocl-jit-usm,cpu,kalman,4096,iso,564,372900,360400
P3,sycl,dpcpp-ocl-jit-usm,cpu,kalman,4096,iso,565,238900,349800
P3,sycl,dpcpp-ocl-jit-usm,cpu,kalman,4096,iso,566,236900,347800
P3,sycl,dpcpp-ocl-jit-usm,cpu,kalman,4096,iso,567,236500,349400
P3,sycl,dpcpp-ocl-jit-usm,cpu,kalman,4096,iso,568,237100,350200
P3,sycl,dpcpp-ocl-jit-usm,cpu,kalman,4096,iso,569,235500,347400
P3,sycl,dpcpp-ocl-jit-usm,cpu,kalman,4096,iso,570,235500,348100
P3,sycl,dpcpp-ocl-jit-usm,cpu,kalman,4096,iso,571,235700,347500
P3,sycl,dpcpp-ocl-jit-usm,cpu,kalman,4096,iso,572,237200,348800
P3,sycl,dpcpp-ocl-jit-usm,cpu,kalman,4096,iso,573,235800,348500
P3,sycl,dpcpp-ocl-jit-usm,cpu,kalman,4096,iso,574,237000,349400
P3,sycl,dpcpp-ocl-jit-usm,cpu,kalman,4096,iso,575,236800,351000
P3,sycl,dpcpp-ocl-jit-usm,cpu,kalman,4096,iso,576,248600,350500
P3,sycl,dpcpp-ocl-jit-usm,cpu,kalman,4096,iso,577,236300,349400
P3,sycl,dpcpp-ocl-jit-usm,cpu,kalman,4096,iso,578,237400,355400
P3,sycl,dpcpp-ocl-jit-usm,cpu,kalman,4096,iso,579,235400,348100
P3,sycl,dpcpp-ocl-jit-usm,cpu,kalman,4096,iso,580,235300,349200
P3,sycl,dpcpp-ocl-jit-usm,cpu,kalman,4096,iso,581,373400,359900
P3,sycl,dpcpp-ocl-jit-usm,cpu,kalman,4096,iso,582,238600,350800
P3,sycl,dpcpp-ocl-jit-usm,cpu,kalman,4096,iso,583,237200,348400
P3,sycl,dpcpp-ocl-jit-usm,cpu,kalman,4096,iso,584,235700,348300
P3,sycl,dpcpp-ocl-jit-usm,cpu,kalman,4096,iso,585,235500,349700
P3,sycl,dpcpp-ocl-jit-usm,cpu,kalman,4096,iso,586,235200,348200
P3,sycl,dpcpp-ocl-jit-usm,cpu,kalman,4096,iso,587,236300,348600
P3,sycl,dpcpp-ocl-jit-usm,cpu,kalman,4096,iso,588,237500,350900
P3,sycl,dpcpp-ocl-jit-usm,cpu,kalman,4096,iso,589,235800,349000
P3,sycl,dpcpp-ocl-jit-usm,cpu,kalman,4096,iso,590,235300,350800
P3,sycl,dpcpp-ocl-jit-usm,cpu,kalman,4096,iso,591,236500,348900
P3,sycl,dpcpp-ocl-jit-usm,cpu,kalman,4096,iso,592,238700,349900
P3,sycl,dpcpp-ocl-jit-usm,cpu,kalman,4096,iso,593,236400,348800
P3,sycl,dpcpp-ocl-jit-usm,cpu,kalman,4096,iso,594,236300,349900
P3,sycl,dpcpp-ocl-jit-usm,cpu,kalman,4096,iso,595,236700,352200
P3,sycl,dpcpp-ocl-jit-usm,cpu,kalman,4096,iso,596,237000,349800
P3,sycl,dpcpp-ocl-jit-usm,cpu,kalman,4096,iso,597,237000,485500
P3,sycl,dpcpp-ocl-jit-usm,cpu,kalman,4096,iso,598,243100,354700
P3,sycl,dpcpp-ocl-jit-usm,cpu,kalman,4096,iso,599,237300,463900
P3,sycl,dpcpp-ocl-jit-usm,cpu,kalman,4096,iso,600,241300,350900
P3,sycl,dpcpp-ocl-jit-usm,cpu,kalman,4096,iso,601,236400,364500
P3,sycl,dpcpp-ocl-jit-usm,cpu,kalman,4096,iso,602,238100,349400
P3,sycl,dpcpp-ocl-jit-usm,cpu,kalman,4096,iso,603,236700,348900
P3,sycl,dpcpp-ocl-jit-usm,cpu,kalman,4096,iso,604,235500,348800
P3,sycl,dpcpp-ocl-jit-usm,cpu,kalman,4096,iso,605,235800,359000
P3,sycl,dpcpp-ocl-jit-usm,cpu,kalman,4096,iso,606,235300,348900
P3,sycl,dpcpp-ocl-jit-usm,cpu,kalman,4096,iso,607,237200,349600
P3,sycl,dpcpp-ocl-jit-usm,cpu,kalman,4096,iso,608,236900,352500
P3,sycl,dpcpp-ocl-jit-usm,cpu,kalman,4096,iso,609,237200,349400
P3,sycl,dpcpp-ocl-jit-usm,cpu,kalman,4096,iso,610,236700,347000
P3,sycl,dpcpp-ocl-jit-usm,cpu,kalman,4096,iso,611,235300,347900
P3,sycl,dpcpp-ocl-jit-usm,cpu,kalman,4096,iso,612,238700,350200
P3,sycl,dpcpp-ocl-jit-usm,cpu,kalman,4096,iso,613,237100,349900
P3,sycl,dpcpp-ocl-jit-usm,cpu,kalman,4096,iso,614,236200,509900
P3,sycl,dpcpp-ocl-jit-usm,cpu,kalman,4096,iso,615,242300,362000
P3,sycl,dpcpp-ocl-jit-usm,cpu,kalman,4096,iso,616,237100,349100
P3,sycl,dpcpp-ocl-jit-usm,cpu,kalman,4096,iso,617,236900,962600
P3,sycl,dpcpp-ocl-jit-usm,cpu,kalman,4096,iso,618,245400,354200
P3,sycl,dpcpp-ocl-jit-usm,cpu,kalman,4096,iso,619,237500,350900
P3,sycl,dpcpp-ocl-jit-usm,cpu,kalman,4096,iso,620,237100,351000
P3,sycl,dpcpp-ocl-jit-usm,cpu,kalman,4096,iso,621,239700,351900
P3,sycl,dpcpp-ocl-jit-usm,cpu,kalman,4096,iso,622,237300,349900
P3,sycl,dpcpp-ocl-jit-usm,cpu,kalman,4096,iso,623,237500,350900
P3,sycl,dpcpp-ocl-jit-usm,cpu,kalman,4096,iso,624,236700,352700
P3,sycl,dpcpp-ocl-jit-usm,cpu,kalman,4096,iso,625,236800,353000
P3,sycl,dpcpp-ocl-jit-usm,cpu,kalman,4096,iso,626,234900,352900
P3,sycl,dpcpp-ocl-jit-usm,cpu,kalman,4096,iso,627,236300,352400
P3,sycl,dpcpp-ocl-jit-usm,cpu,kalman,4096,iso,628,237600,361200
P3,sycl,dpcpp-ocl-jit-usm,cpu,kalman,4096,iso,629,238500,370300
P3,sycl,dpcpp-ocl-jit-usm,cpu,kalman,4096,iso,630,380100,361800
P3,sycl,dpcpp-ocl-jit-usm,cpu,kalman,4096,iso,631,237900,416400
P3,sycl,dpcpp-ocl-jit-usm,cpu,kalman,4096,iso,632,338500,352500
P3,sycl,dpcpp-ocl-jit-usm,cpu,kalman,4096,iso,633,237300,350300
P3,sycl,dpcpp-ocl-jit-usm,cpu,kalman,4096,iso,634,239600,349600
P3,sycl,dpcpp-ocl-jit-usm,cpu,kalman,4096,iso,635,236400,350900
P3,sycl,dpcpp-ocl-jit-usm,cpu,kalman,4096,iso,636,237500,349800
P3,sycl,dpcpp-ocl-jit-usm,cpu,kalman,4096,iso,637,236300,351100
P3,sycl,dpcpp-ocl-jit-usm,cpu,kalman,4096,iso,638,236700,348900
P3,sycl,dpcpp-ocl-jit-usm,cpu,kalman,4096,iso,639,236900,356200
P3,sycl,dpcpp-ocl-jit-usm,cpu,kalman,4096,iso,640,236700,351500
P3,sycl,dpcpp-ocl-jit-usm,cpu,kalman,4096,iso,641,236100,348800
P3,sycl,dpcpp-ocl-jit-usm,cpu,kalman,4096,iso,642,236100,356100
P3,sycl,dpcpp-ocl-jit-usm,cpu,kalman,4096,iso,643,236600,349800
P3,sycl,dpcpp-ocl-jit-usm,cpu,kalman,4096,iso,644,238600,350700
P3,sycl,dpcpp-ocl-jit-usm,cpu,kalman,4096,iso,645,237100,350200
P3,sycl,dpcpp-ocl-jit-usm,cpu,kalman,4096,iso,646,236800,434600
P3,sycl,dpcpp-ocl-jit-usm,cpu,kalman,4096,iso,647,238500,350500
P3,sycl,dpcpp-ocl-jit-usm,cpu,kalman,4096,iso,648,235700,490500
P3,sycl,dpcpp-ocl-jit-usm,cpu,kalman,4096,iso,649,237100,349100
P3,sycl,dpcpp-ocl-jit-usm,cpu,kalman,4096,iso,650,235900,355200
P3,sycl,dpcpp-ocl-jit-usm,cpu,kalman,4096,iso,651,237600,350400
P3,sycl,dpcpp-ocl-jit-usm,cpu,kalman,4096,iso,652,236900,349800
P3,sycl,dpcpp-ocl-jit-usm,cpu,kalman,4096,iso,653,236100,357300
P3,sycl,dpcpp-ocl-jit-usm,cpu,kalman,4096,iso,654,238900,351100
P3,sycl,dpcpp-ocl-jit-usm,cpu,kalman,4096,iso,655,236600,349000
P3,sycl,dpcpp-ocl-jit-usm,cpu,kalman,4096,iso,656,236700,350300
P3,sycl,dpcpp-ocl-jit-usm,cpu,kalman,4096,iso,657,237000,355200
P3,sycl,dpcpp-ocl-jit-usm,cpu,kalman,4096,iso,658,237200,350000
P3,sycl,dpcpp-ocl-jit-usm,cpu,kalman,4096,iso,659,237100,349700
P3,sycl,dpcpp-ocl-jit-usm,cpu,kalman,4096,iso,660,237000,350500
P3,sycl,dpcpp-ocl-jit-usm,cpu,kalman,4096,iso,661,245100,353400
P3,sycl,dpcpp-ocl-jit-usm,cpu,kalman,4096,iso,662,236200,347900
P3,sycl,dpcpp-ocl-jit-usm,cpu,kalman,4096,iso,663,383300,359300
P3,sycl,dpcpp-ocl-jit-usm,cpu,kalman,4096,iso,664,238600,351000
P3,sycl,dpcpp-ocl-jit-usm,cpu,kalman,4096,iso,665,237500,350900
P3,sycl,dpcpp-ocl-jit-usm,cpu,kalman,4096,iso,666,236700,350700
P3,sycl,dpcpp-ocl-jit-usm,cpu,kalman,4096,iso,667,236400,352400
P3,sycl,dpcpp-ocl-jit-usm,cpu,kalman,4096,iso,668,236500,349800
P3,sycl,dpcpp-ocl-jit-usm,cpu,kalman,4096,iso,669,235900,348300
P3,sycl,dpcpp-ocl-jit-usm,cpu,kalman,4096,iso,670,236300,350100
P3,sycl,dpcpp-ocl-jit-usm,cpu,kalman,4096,iso,671,235500,352500
P3,sycl,dpcpp-ocl-jit-usm,cpu,kalman,4096,iso,672,236400,350200
P3,sycl,dpcpp-ocl-jit-usm,cpu,kalman,4096,iso,673,236400,349700
P3,sycl,dpcpp-ocl-jit-usm,cpu,kalman,4096,iso,674,238800,363700
P3,sycl,dpcpp-ocl-jit-usm,cpu,kalman,4096,iso,675,236300,349600
P3,sycl,dpcpp-ocl-jit-usm,cpu,kalman,4096,iso,676,234900,347000
P3,sycl,dpcpp-ocl-jit-usm,cpu,kalman,4096,iso,677,234800,352500
P3,sycl,dpcpp-ocl-jit-usm,cpu,kalman,4096,iso,678,236800,350500
P3,sycl,dpcpp-ocl-jit-usm,cpu,kalman,4096,iso,679,236600,494800
P3,sycl,dpcpp-ocl-jit-usm,cpu,kalman,4096,iso,680,240000,352400
P3,sycl,dpcpp-ocl-jit-usm,cpu,kalman,4096,iso,681,237400,349800
P3,sycl,dpcpp-ocl-jit-usm,cpu,kalman,4096,iso,682,236400,350400
P3,sycl,dpcpp-ocl-jit-usm,cpu,kalman,4096,iso,683,236400,349700
P3,sycl,dpcpp-ocl-jit-usm,cpu,kalman,4096,iso,684,238000,347300
P3,sycl,dpcpp-ocl-jit-usm,cpu,kalman,4096,iso,685,235600,347900
P3,sycl,dpcpp-ocl-jit-usm,cpu,kalman,4096,iso,686,235800,347600
P3,sycl,dpcpp-ocl-jit-usm,cpu,kalman,4096,iso,687,236200,352400
P3,sycl,dpcpp-ocl-jit-usm,cpu,kalman,4096,iso,688,237500,349800
P3,sycl,dpcpp-ocl-jit-usm,cpu,kalman,4096,iso,689,236800,350000
P3,sycl,dpcpp-ocl-jit-usm,cpu,kalman,4096,iso,690,237300,350000
P3,sycl,dpcpp-ocl-jit-usm,cpu,kalman,4096,iso,691,238300,350500
P3,sycl,dpcpp-ocl-jit-usm,cpu,kalman,4096,iso,692,236500,349000
P3,sycl,dpcpp-ocl-jit-usm,cpu,kalman,4096,iso,693,237700,351900
P3,sycl,dpcpp-ocl-jit-usm,cpu,kalman,4096,iso,694,238600,351500
P3,sycl,dpcpp-ocl-jit-usm,cpu,kalman,4096,iso,695,237400,349600
P3,sycl,dpcpp-ocl-jit-usm,cpu,kalman,4096,iso,696,237000,489200
P3,sycl,dpcpp-ocl-jit-usm,cpu,kalman,4096,iso,697,240500,353600
P3,sycl,dpcpp-ocl-jit-usm,cpu,kalman,4096,iso,698,237200,463800
P3,sycl,dpcpp-ocl-jit-usm,cpu,kalman,4096,iso,699,241900,355200
P3,sycl,dpcpp-ocl-jit-usm,cpu,kalman,4096,iso,700,237000,353000
P3,sycl,dpcpp-ocl-jit-usm,cpu,kalman,4096,iso,701,237500,350300
P3,sycl,dpcpp-ocl-jit-usm,cpu,kalman,4096,iso,702,236800,350300
P3,sycl,dpcpp-ocl-jit-usm,cpu,kalman,4096,iso,703,237600,350700
P3,sycl,dpcpp-ocl-jit-usm,cpu,kalman,4096,iso,704,238800,350200
P3,sycl,dpcpp-ocl-jit-usm,cpu,kalman,4096,iso,705,236500,350400
P3,sycl,dpcpp-ocl-jit-usm,cpu,kalman,4096,iso,706,236300,350000
P3,sycl,dpcpp-ocl-jit-usm,cpu,kalman,4096,iso,707,236400,352900
P3,sycl,dpcpp-ocl-jit-usm,cpu,kalman,4096,iso,708,237300,350300
P3,sycl,dpcpp-ocl-jit-usm,cpu,kalman,4096,iso,709,236100,348000
P3,sycl,dpcpp-ocl-jit-usm,cpu,kalman,4096,iso,710,235800,348200
P3,sycl,dpcpp-ocl-jit-usm,cpu,kalman,4096,iso,711,238100,349800
P3,sycl,dpcpp-ocl-jit-usm,cpu,kalman,4096,iso,712,235900,348200
P3,sycl,dpcpp-ocl-jit-usm,cpu,kalman,4096,iso,713,384800,358300
P3,sycl,dpcpp-ocl-jit-usm,cpu,kalman,4096,iso,714,247300,352800
P3,sycl,dpcpp-ocl-jit-usm,cpu,kalman,4096,iso,715,236400,349500
P3,sycl,dpcpp-ocl-jit-usm,cpu,kalman,4096,iso,716,237300,351000
P3,sycl,dpcpp-ocl-jit-usm,cpu,kalman,4096,iso,717,236600,352200
P3,sycl,dpcpp-ocl-jit-usm,cpu,kalman,4096,iso,718,237200,352300
P3,sycl,dpcpp-ocl-jit-usm,cpu,kalman,4096,iso,719,236600,349900
P3,sycl,dpcpp-ocl-jit-usm,cpu,kalman,4096,iso,720,237400,350100
P3,sycl,dpcpp-ocl-jit-usm,cpu,kalman,4096,iso,721,238300,351200
P3,sycl,dpcpp-ocl-jit-usm,cpu,kalman,4096,iso,722,236700,349600
P3,sycl,dpcpp-ocl-jit-usm,cpu,kalman,4096,iso,723,236300,350500
P3,sycl,dpcpp-ocl-jit-usm,cpu,kalman,4096,iso,724,237000,352300
P3,sycl,dpcpp-ocl-jit-usm,cpu,kalman,4096,iso,725,249700,352500
P3,sycl,dpcpp-ocl-jit-usm,cpu,kalman,4096,iso,726,236400,350900
P3,sycl,dpcpp-ocl-jit-usm,cpu,kalman,4096,iso,727,237000,352400
P3,sycl,dpcpp-ocl-jit-usm,cpu,kalman,4096,iso,728,236900,354700
P3,sycl,dpcpp-ocl-jit-usm,cpu,kalman,4096,iso,729,236400,488100
P3,sycl,dpcpp-ocl-jit-usm,cpu,kalman,4096,iso,730,243100,352900
P3,sycl,dpcpp-ocl-jit-usm,cpu,kalman,4096,iso,731,239100,349700
P3,sycl,dpcpp-ocl-jit-usm,cpu,kalman,4096,iso,732,236800,350100
P3,sycl,dpcpp-ocl-jit-usm,cpu,kalman,4096,iso,733,236800,350800
P3,sycl,dpcpp-ocl-jit-usm,cpu,kalman,4096,iso,734,236500,352000
P3,sycl,dpcpp-ocl-jit-usm,cpu,kalman,4096,iso,735,236800,349800
P3,sycl,dpcpp-ocl-jit-usm,cpu,kalman,4096,iso,736,237300,349400
P3,sycl,dpcpp-ocl-jit-usm,cpu,kalman,4096,iso,737,236200,353500
P3,sycl,dpcpp-ocl-jit-usm,cpu,kalman,4096,iso,738,237200,351000
P3,sycl,dpcpp-ocl-jit-usm,cpu,kalman,4096,iso,739,236700,351100
P3,sycl,dpcpp-ocl-jit-usm,cpu,kalman,4096,iso,740,236500,350100
P3,sycl,dpcpp-ocl-jit-usm,cpu,kalman,4096,iso,741,239300,350600
P3,sycl,dpcpp-ocl-jit-usm,cpu,kalman,4096,iso,742,237200,350400
P3,sycl,dpcpp-ocl-jit-usm,cpu,kalman,4096,iso,743,236900,349400
P3,sycl,dpcpp-ocl-jit-usm,cpu,kalman,4096,iso,744,237100,352200
P3,sycl,dpcpp-ocl-jit-usm,cpu,kalman,4096,iso,745,237100,429500
P3,sycl,dpcpp-ocl-jit-usm,cpu,kalman,4096,iso,746,249600,494600
P3,sycl,dpcpp-ocl-jit-usm,cpu,kalman,4096,iso,747,239800,352700
P3,sycl,dpcpp-ocl-jit-usm,cpu,kalman,4096,iso,748,237600,349900
P3,sycl,dpcpp-ocl-jit-usm,cpu,kalman,4096,iso,749,237000,349300
P3,sycl,dpcpp-ocl-jit-usm,cpu,kalman,4096,iso,750,248900,350300
P3,sycl,dpcpp-ocl-jit-usm,cpu,kalman,4096,iso,751,236800,348100
P3,sycl,dpcpp-ocl-jit-usm,cpu,kalman,4096,iso,752,236700,350400
P3,sycl,dpcpp-ocl-jit-usm,cpu,kalman,4096,iso,753,236700,349900
P3,sycl,dpcpp-ocl-jit-usm,cpu,kalman,4096,iso,754,236800,352300
P3,sycl,dpcpp-ocl-jit-usm,cpu,kalman,4096,iso,755,236500,349800
P3,sycl,dpcpp-ocl-jit-usm,cpu,kalman,4096,iso,756,237400,350000
P3,sycl,dpcpp-ocl-jit-usm,cpu,kalman,4096,iso,757,236600,352700
P3,sycl,dpcpp-ocl-jit-usm,cpu,kalman,4096,iso,758,237200,349300
P3,sycl,dpcpp-ocl-jit-usm,cpu,kalman,4096,iso,759,237600,351000
P3,sycl,dpcpp-ocl-jit-usm,cpu,kalman,4096,iso,760,236800,350500
P3,sycl,dpcpp-ocl-jit-usm,cpu,kalman,4096,iso,761,238800,351400
P3,sycl,dpcpp-ocl-jit-usm,cpu,kalman,4096,iso,762,236100,348900
P3,sycl,dpcpp-ocl-jit-usm,cpu,kalman,4096,iso,763,372500,360700
P3,sycl,dpcpp-ocl-jit-usm,cpu,kalman,4096,iso,764,240400,350600
P3,sycl,dpcpp-ocl-jit-usm,cpu,kalman,4096,iso,765,341900,365100
P3,sycl,dpcpp-ocl-jit-usm,cpu,kalman,4096,iso,766,236900,350400
P3,sycl,dpcpp-ocl-jit-usm,cpu,kalman,4096,iso,767,236800,360200
P3,sycl,dpcpp-ocl-jit-usm,cpu,kalman,4096,iso,768,237500,349600
P3,sycl,dpcpp-ocl-jit-usm,cpu,kalman,4096,iso,769,236800,350100
P3,sycl,dpcpp-ocl-jit-usm,cpu,kalman,4096,iso,770,237000,352500
P3,sycl,dpcpp-ocl-jit-usm,cpu,kalman,4096,iso,771,237000,350100
P3,sycl,dpcpp-ocl-jit-usm,cpu,kalman,4096,iso,772,236700,350800
P3,sycl,dpcpp-ocl-jit-usm,cpu,kalman,4096,iso,773,237000,349700
P3,sycl,dpcpp-ocl-jit-usm,cpu,kalman,4096,iso,774,238700,350300
P3,sycl,dpcpp-ocl-jit-usm,cpu,kalman,4096,iso,775,237400,363300
P3,sycl,dpcpp-ocl-jit-usm,cpu,kalman,4096,iso,776,237700,349500
P3,sycl,dpcpp-ocl-jit-usm,cpu,kalman,4096,iso,777,236800,353400
P3,sycl,dpcpp-ocl-jit-usm,cpu,kalman,4096,iso,778,237200,350300
P3,sycl,dpcpp-ocl-jit-usm,cpu,kalman,4096,iso,779,236700,504600
P3,sycl,dpcpp-ocl-jit-usm,cpu,kalman,4096,iso,780,239700,353100
P3,sycl,dpcpp-ocl-jit-usm,cpu,kalman,4096,iso,781,237000,350100
P3,sycl,dpcpp-ocl-jit-usm,cpu,kalman,4096,iso,782,236400,351200
P3,sycl,dpcpp-ocl-jit-usm,cpu,kalman,4096,iso,783,236600,349900
P3,sycl,dpcpp-ocl-jit-usm,cpu,kalman,4096,iso,784,239200,351600
P3,sycl,dpcpp-ocl-jit-usm,cpu,kalman,4096,iso,785,237100,351000
P3,sycl,dpcpp-ocl-jit-usm,cpu,kalman,4096,iso,786,236400,349400
P3,sycl,dpcpp-ocl-jit-usm,cpu,kalman,4096,iso,787,237100,352500
P3,sycl,dpcpp-ocl-jit-usm,cpu,kalman,4096,iso,788,236900,347700
P3,sycl,dpcpp-ocl-jit-usm,cpu,kalman,4096,iso,789,237700,350400
P3,sycl,dpcpp-ocl-jit-usm,cpu,kalman,4096,iso,790,236600,349400
P3,sycl,dpcpp-ocl-jit-usm,cpu,kalman,4096,iso,791,239100,349500
P3,sycl,dpcpp-ocl-jit-usm,cpu,kalman,4096,iso,792,237200,350000
P3,sycl,dpcpp-ocl-jit-usm,cpu,kalman,4096,iso,793,237000,350000
P3,sycl,dpcpp-ocl-jit-usm,cpu,kalman,4096,iso,794,237000,351300
P3,sycl,dpcpp-ocl-jit-usm,cpu,kalman,4096,iso,795,236500,349900
P3,sycl,dpcpp-ocl-jit-usm,cpu,kalman,4096,iso,796,236200,491300
P3,sycl,dpcpp-ocl-jit-usm,cpu,kalman,4096,iso,797,239000,352800
P3,sycl,dpcpp-ocl-jit-usm,cpu,kalman,4096,iso,798,236800,350000
P3,sycl,dpcpp-ocl-jit-usm,cpu,kalman,4096,iso,799,236400,349000
P3,sycl,dpcpp-ocl-jit-usm,cpu,kalman,4096,iso,800,236300,360800
P3,sycl,dpcpp-ocl-jit-usm,cpu,kalman,4096,iso,801,239700,351200
P3,sycl,dpcpp-ocl-jit-usm,cpu,kalman,4096,iso,802,236300,348600
P3,sycl,dpcpp-ocl-jit-usm,cpu,kalman,4096,iso,803,236300,349700
P3,sycl,dpcpp-ocl-jit-usm,cpu,kalman,4096,iso,804,242200,350600
P3,sycl,dpcpp-ocl-jit-usm,cpu,kalman,4096,iso,805,236400,349700
P3,sycl,dpcpp-ocl-jit-usm,cpu,kalman,4096,iso,806,236100,348400
P3,sycl,dpcpp-ocl-jit-usm,cpu,kalman,4096,iso,807,236900,350800
P3,sycl,dpcpp-ocl-jit-usm,cpu,kalman,4096,iso,808,237000,350300
P3,sycl,dpcpp-ocl-jit-usm,cpu,kalman,4096,iso,809,236900,349300
P3,sycl,dpcpp-ocl-jit-usm,cpu,kalman,4096,iso,810,236400,349700
P3,sycl,dpcpp-ocl-jit-usm,cpu,kalman,4096,iso,811,238900,350600
P3,sycl,dpcpp-ocl-jit-usm,cpu,kalman,4096,iso,812,237300,348600
P3,sycl,dpcpp-ocl-jit-usm,cpu,kalman,4096,iso,813,373200,360700
P3,sycl,dpcpp-ocl-jit-usm,cpu,kalman,4096,iso,814,236900,352400
P3,sycl,dpcpp-ocl-jit-usm,cpu,kalman,4096,iso,815,340500,361900
P3,sycl,dpcpp-ocl-jit-usm,cpu,kalman,4096,iso,816,236100,348700
P3,sycl,dpcpp-ocl-jit-usm,cpu,kalman,4096,iso,817,236000,351700
P3,sycl,dpcpp-ocl-jit-usm,cpu,kalman,4096,iso,818,235600,348100
P3,sycl,dpcpp-ocl-jit-usm,cpu,kalman,4096,iso,819,237300,349800
P3,sycl,dpcpp-ocl-jit-usm,cpu,kalman,4096,iso,820,236400,350100
P3,sycl,dpcpp-ocl-jit-usm,cpu,kalman,4096,iso,821,245900,351700
P3,sycl,dpcpp-ocl-jit-usm,cpu,kalman,4096,iso,822,237200,350500
P3,sycl,dpcpp-ocl-jit-usm,cpu,kalman,4096,iso,823,239900,350400
P3,sycl,dpcpp-ocl-jit-usm,cpu,kalman,4096,iso,824,237100,364600
P3,sycl,dpcpp-ocl-jit-usm,cpu,kalman,4096,iso,825,238400,350300
P3,sycl,dpcpp-ocl-jit-usm,cpu,kalman,4096,iso,826,237400,349900
P3,sycl,dpcpp-ocl-jit-usm,cpu,kalman,4096,iso,827,236900,351800
P3,sycl,dpcpp-ocl-jit-usm,cpu,kalman,4096,iso,828,237100,350500
P3,sycl,dpcpp-ocl-jit-usm,cpu,kalman,4096,iso,829,236300,502800
P3,sycl,dpcpp-ocl-jit-usm,cpu,kalman,4096,iso,830,239600,352200
P3,sycl,dpcpp-ocl-jit-usm,cpu,kalman,4096,iso,831,238500,350600
P3,sycl,dpcpp-ocl-jit-usm,cpu,kalman,4096,iso,832,237800,350500
P3,sycl,dpcpp-ocl-jit-usm,cpu,kalman,4096,iso,833,237000,349700
P3,sycl,dpcpp-ocl-jit-usm,cpu,kalman,4096,iso,834,236900,351900
P3,sycl,dpcpp-ocl-jit-usm,cpu,kalman,4096,iso,835,236600,350000
P3,sycl,dpcpp-ocl-jit-usm,cpu,kalman,4096,iso,836,236700,350200
P3,sycl,dpcpp-ocl-jit-usm,cpu,kalman,4096,iso,837,236200,351800
P3,sycl,dpcpp-ocl-jit-usm,cpu,kalman,4096,iso,838,236900,351000
P3,sycl,dpcpp-ocl-jit-usm,cpu,kalman,4096,iso,839,236900,349900
P3,sycl,dpcpp-ocl-jit-usm,cpu,kalman,4096,iso,840,236300,350200
P3,sycl,dpcpp-ocl-jit-usm,cpu,kalman,4096,iso,841,239400,350800
P3,sycl,dpcpp-ocl-jit-usm,cpu,kalman,4096,iso,842,237800,349400
P3,sycl,dpcpp-ocl-jit-usm,cpu,kalman,4096,iso,843,236800,350100
P3,sycl,dpcpp-ocl-jit-usm,cpu,kalman,4096,iso,844,236800,352000
P3,sycl,dpcpp-ocl-jit-usm,cpu,kalman,4096,iso,845,236600,348500
P3,sycl,dpcpp-ocl-jit-usm,cpu,kalman,4096,iso,846,235100,489400
P3,sycl,dpcpp-ocl-jit-usm,cpu,kalman,4096,iso,847,237700,349800
P3,sycl,dpcpp-ocl-jit-usm,cpu,kalman,4096,iso,848,236200,348300
P3,sycl,dpcpp-ocl-jit-usm,cpu,kalman,4096,iso,849,235500,351100
P3,sycl,dpcpp-ocl-jit-usm,cpu,kalman,4096,iso,850,238200,348800
P3,sycl,dpcpp-ocl-jit-usm,cpu,kalman,4096,iso,851,238700,350000
P3,sycl,dpcpp-ocl-jit-usm,cpu,kalman,4096,iso,852,237300,349600
P3,sycl,dpcpp-ocl-jit-usm,cpu,kalman,4096,iso,853,236200,351000
P3,sycl,dpcpp-ocl-jit-usm,cpu,kalman,4096,iso,854,235700,349800
P3,sycl,dpcpp-ocl-jit-usm,cpu,kalman,4096,iso,855,235800,349300
P3,sycl,dpcpp-ocl-jit-usm,cpu,kalman,4096,iso,856,237100,349100
P3,sycl,dpcpp-ocl-jit-usm,cpu,kalman,4096,iso,857,236300,349800
P3,sycl,dpcpp-ocl-jit-usm,cpu,kalman,4096,iso,858,237200,349600
P3,sycl,dpcpp-ocl-jit-usm,cpu,kalman,4096,iso,859,236600,347400
P3,sycl,dpcpp-ocl-jit-usm,cpu,kalman,4096,iso,860,235100,347400
P3,sycl,dpcpp-ocl-jit-usm,cpu,kalman,4096,iso,861,235900,351800
P3,sycl,dpcpp-ocl-jit-usm,cpu,kalman,4096,iso,862,236600,350100
P3,sycl,dpcpp-ocl-jit-usm,cpu,kalman,4096,iso,863,235900,498500
P3,sycl,dpcpp-ocl-jit-usm,cpu,kalman,4096,iso,864,277200,358100
P3,sycl,dpcpp-ocl-jit-usm,cpu,kalman,4096,iso,865,340900,364000
P3,sycl,dpcpp-ocl-jit-usm,cpu,kalman,4096,iso,866,237600,431500
P3,sycl,dpcpp-ocl-jit-usm,cpu,kalman,4096,iso,867,239100,353300
P3,sycl,dpcpp-ocl-jit-usm,cpu,kalman,4096,iso,868,237300,349700
P3,sycl,dpcpp-ocl-jit-usm,cpu,kalman,4096,iso,869,236400,350200
P3,sycl,dpcpp-ocl-jit-usm,cpu,kalman,4096,iso,870,237100,350300
P3,sycl,dpcpp-ocl-jit-usm,cpu,kalman,4096,iso,871,238600,349800
P3,sycl,dpcpp-ocl-jit-usm,cpu,kalman,4096,iso,872,237100,350400
P3,sycl,dpcpp-ocl-jit-usm,cpu,kalman,4096,iso,873,236600,349500
P3,sycl,dpcpp-ocl-jit-usm,cpu,kalman,4096,iso,874,236900,354400
P3,sycl,dpcpp-ocl-jit-usm,cpu,kalman,4096,iso,875,237000,349900
P3,sycl,dpcpp-ocl-jit-usm,cpu,kalman,4096,iso,876,237300,349600
P3,sycl,dpcpp-ocl-jit-usm,cpu,kalman,4096,iso,877,236700,360800
P3,sycl,dpcpp-ocl-jit-usm,cpu,kalman,4096,iso,878,237800,349600
P3,sycl,dpcpp-ocl-jit-usm,cpu,kalman,4096,iso,879,237000,507100
P3,sycl,dpcpp-ocl-jit-usm,cpu,kalman,4096,iso,880,239500,353400
P3,sycl,dpcpp-ocl-jit-usm,cpu,kalman,4096,iso,881,237500,349300
P3,sycl,dpcpp-ocl-jit-usm,cpu,kalman,4096,iso,882,237100,350500
P3,sycl,dpcpp-ocl-jit-usm,cpu,kalman,4096,iso,883,236800,349900
P3,sycl,dpcpp-ocl-jit-usm,cpu,kalman,4096,iso,884,239300,350700
P3,sycl,dpcpp-ocl-jit-usm,cpu,kalman,4096,iso,885,236600,349400
P3,sycl,dpcpp-ocl-jit-usm,cpu,kalman,4096,iso,886,236800,350100
P3,sycl,dpcpp-ocl-jit-usm,cpu,kalman,4096,iso,887,236600,351700
P3,sycl,dpcpp-ocl-jit-usm,cpu,kalman,4096,iso,888,237400,349800
P3,sycl,dpcpp-ocl-jit-usm,cpu,kalman,4096,iso,889,237100,350300
P3,sycl,dpcpp-ocl-jit-usm,cpu,kalman,4096,iso,890,237400,350100
P3,sycl,dpcpp-ocl-jit-usm,cpu,kalman,4096,iso,891,238800,350800
P3,sycl,dpcpp-ocl-jit-usm,cpu,kalman,4096,iso,892,237100,350600
P3,sycl,dpcpp-ocl-jit-usm,cpu,kalman,4096,iso,893,235900,349300
P3,sycl,dpcpp-ocl-jit-usm,cpu,kalman,4096,iso,894,237700,351500
P3,sycl,dpcpp-ocl-jit-usm,cpu,kalman,4096,iso,895,237800,350300
P3,sycl,dpcpp-ocl-jit-usm,cpu,kalman,4096,iso,896,236900,498000
P3,sycl,dpcpp-ocl-jit-usm,cpu,kalman,4096,iso,897,238100,352200
P3,sycl,dpcpp-ocl-jit-usm,cpu,kalman,4096,iso,898,237200,349900
P3,sycl,dpcpp-ocl-jit-usm,cpu,kalman,4096,iso,899,236900,349700
P3,sycl,dpcpp-ocl-jit-usm,cpu,kalman,4096,iso,900,247900,350400
P3,sycl,dpcpp-ocl-jit-usm,cpu,kalman,4096,iso,901,237200,356600
P3,sycl,dpcpp-ocl-jit-usm,cpu,kalman,4096,iso,902,242500,348200
P3,sycl,dpcpp-ocl-jit-usm,cpu,kalman,4096,iso,903,235300,348300
P3,sycl,dpcpp-ocl-jit-usm,cpu,kalman,4096,iso,904,235600,349500
P3,sycl,dpcpp-ocl-jit-usm,cpu,kalman,4096,iso,905,235800,347000
P3,sycl,dpcpp-ocl-jit-usm,cpu,kalman,4096,iso,906,235400,347000
P3,sycl,dpcpp-ocl-jit-usm,cpu,kalman,4096,iso,907,236900,351200
P3,sycl,dpcpp-ocl-jit-usm,cpu,kalman,4096,iso,908,237700,348600
P3,sycl,dpcpp-ocl-jit-usm,cpu,kalman,4096,iso,909,236700,349600
P3,sycl,dpcpp-ocl-jit-usm,cpu,kalman,4096,iso,910,236600,349400
P3,sycl,dpcpp-ocl-jit-usm,cpu,kalman,4096,iso,911,238800,350500
P3,sycl,dpcpp-ocl-jit-usm,cpu,kalman,4096,iso,912,236300,350000
P3,sycl,dpcpp-ocl-jit-usm,cpu,kalman,4096,iso,913,372800,358400
P3,sycl,dpcpp-ocl-jit-usm,cpu,kalman,4096,iso,914,236100,351800
P3,sycl,dpcpp-ocl-jit-usm,cpu,kalman,4096,iso,915,236900,349700
P3,sycl,dpcpp-ocl-jit-usm,cpu,kalman,4096,iso,916,236200,348900
P3,sycl,dpcpp-ocl-jit-usm,cpu,kalman,4096,iso,917,237500,352100
P3,sycl,dpcpp-ocl-jit-usm,cpu,kalman,4096,iso,918,237500,350400
P3,sycl,dpcpp-ocl-jit-usm,cpu,kalman,4096,iso,919,237100,349200
P3,sycl,dpcpp-ocl-jit-usm,cpu,kalman,4096,iso,920,236500,349300
P3,sycl,dpcpp-ocl-jit-usm,cpu,kalman,4096,iso,921,237700,347300
P3,sycl,dpcpp-ocl-jit-usm,cpu,kalman,4096,iso,922,235100,348300
P3,sycl,dpcpp-ocl-jit-usm,cpu,kalman,4096,iso,923,235200,347300
P3,sycl,dpcpp-ocl-jit-usm,cpu,kalman,4096,iso,924,236500,352900
P3,sycl,dpcpp-ocl-jit-usm,cpu,kalman,4096,iso,925,236700,373900
P3,sycl,dpcpp-ocl-jit-usm,cpu,kalman,4096,iso,926,237700,349900
P3,sycl,dpcpp-ocl-jit-usm,cpu,kalman,4096,iso,927,236700,349800
P3,sycl,dpcpp-ocl-jit-usm,cpu,kalman,4096,iso,928,238900,349700
P3,sycl,dpcpp-ocl-jit-usm,cpu,kalman,4096,iso,929,236600,486000
P3,sycl,dpcpp-ocl-jit-usm,cpu,kalman,4096,iso,930,246400,352200
P3,sycl,dpcpp-ocl-jit-usm,cpu,kalman,4096,iso,931,247900,351300
P3,sycl,dpcpp-ocl-jit-usm,cpu,kalman,4096,iso,932,343500,364800
P3,sycl,dpcpp-ocl-jit-usm,cpu,kalman,4096,iso,933,237100,351100
P3,sycl,dpcpp-ocl-jit-usm,cpu,kalman,4096,iso,934,236800,353800
P3,sycl,dpcpp-ocl-jit-usm,cpu,kalman,4096,iso,935,237400,350700
P3,sycl,dpcpp-ocl-jit-usm,cpu,kalman,4096,iso,936,237000,350800
P3,sycl,dpcpp-ocl-jit-usm,cpu,kalman,4096,iso,937,237100,352700
P3,sycl,dpcpp-ocl-jit-usm,cpu,kalman,4096,iso,938,237300,351000
P3,sycl,dpcpp-ocl-jit-usm,cpu,kalman,4096,iso,939,235300,347700
P3,sycl,dpcpp-ocl-jit-usm,cpu,kalman,4096,iso,940,235600,347000
P3,sycl,dpcpp-ocl-jit-usm,cpu,kalman,4096,iso,941,238100,349600
P3,sycl,dpcpp-ocl-jit-usm,cpu,kalman,4096,iso,942,235600,350600
P3,sycl,dpcpp-ocl-jit-usm,cpu,kalman,4096,iso,943,237600,350100
P3,sycl,dpcpp-ocl-jit-usm,cpu,kalman,4096,iso,944,236200,350400
P3,sycl,dpcpp-ocl-jit-usm,cpu,kalman,4096,iso,945,235200,348800
P3,sycl,dpcpp-ocl-jit-usm,cpu,kalman,4096,iso,946,236300,503000
P3,sycl,dpcpp-ocl-jit-usm,cpu,kalman,4096,iso,947,239400,353700
P3,sycl,dpcpp-ocl-jit-usm,cpu,kalman,4096,iso,948,237600,350500
P3,sycl,dpcpp-ocl-jit-usm,cpu,kalman,4096,iso,949,237000,350700
P3,sycl,dpcpp-ocl-jit-usm,cpu,kalman,4096,iso,950,236300,363300
P3,sycl,dpcpp-ocl-jit-usm,cpu,kalman,4096,iso,951,239900,351500
P3,sycl,dpcpp-ocl-jit-usm,cpu,kalman,4096,iso,952,236200,355900
P3,sycl,dpcpp-ocl-jit-usm,cpu,kalman,4096,iso,953,237600,349900
P3,sycl,dpcpp-ocl-jit-usm,cpu,kalman,4096,iso,954,235600,355000
P3,sycl,dpcpp-ocl-jit-usm,cpu,kalman,4096,iso,955,235900,348400
P3,sycl,dpcpp-ocl-jit-usm,cpu,kalman,4096,iso,956,234900,347900
P3,sycl,dpcpp-ocl-jit-usm,cpu,kalman,4096,iso,957,235600,349500
P3,sycl,dpcpp-ocl-jit-usm,cpu,kalman,4096,iso,958,239300,349500
P3,sycl,dpcpp-ocl-jit-usm,cpu,kalman,4096,iso,959,235400,348400
P3,sycl,dpcpp-ocl-jit-usm,cpu,kalman,4096,iso,960,235600,348900
P3,sycl,dpcpp-ocl-jit-usm,cpu,kalman,4096,iso,961,236900,352500
P3,sycl,dpcpp-ocl-jit-usm,cpu,kalman,4096,iso,962,237000,348900
P3,sycl,dpcpp-ocl-jit-usm,cpu,kalman,4096,iso,963,372900,361300
P3,sycl,dpcpp-ocl-jit-usm,cpu,kalman,4096,iso,964,236900,352700
P3,sycl,dpcpp-ocl-jit-usm,cpu,kalman,4096,iso,965,237300,350500
P3,sycl,dpcpp-ocl-jit-usm,cpu,kalman,4096,iso,966,236300,349900
P3,sycl,dpcpp-ocl-jit-usm,cpu,kalman,4096,iso,967,237000,349700
P3,sycl,dpcpp-ocl-jit-usm,cpu,kalman,4096,iso,968,238800,350300
P3,sycl,dpcpp-ocl-jit-usm,cpu,kalman,4096,iso,969,237200,350500
P3,sycl,dpcpp-ocl-jit-usm,cpu,kalman,4096,iso,970,236300,349900
P3,sycl,dpcpp-ocl-jit-usm,cpu,kalman,4096,iso,971,236500,352000
P3,sycl,dpcpp-ocl-jit-usm,cpu,kalman,4096,iso,972,237200,350500
P3,sycl,dpcpp-ocl-jit-usm,cpu,kalman,4096,iso,973,236900,349200
P3,sycl,dpcpp-ocl-jit-usm,cpu,kalman,4096,iso,974,236000,352100
P3,sycl,dpcpp-ocl-jit-usm,cpu,kalman,4096,iso,975,237100,349300
P3,sycl,dpcpp-ocl-jit-usm,cpu,kalman,4096,iso,976,250300,351700
P3,sycl,dpcpp-ocl-jit-usm,cpu,kalman,4096,iso,977,236500,349700
P3,sycl,dpcpp-ocl-jit-usm,cpu,kalman,4096,iso,978,239300,350600
P3,sycl,dpcpp-ocl-jit-usm,cpu,kalman,4096,iso,979,236100,350600
P3,sycl,dpcpp-ocl-jit-usm,cpu,kalman,4096,iso,980,373100,358300
P3,sycl,dpcpp-ocl-jit-usm,cpu,kalman,4096,iso,981,239400,467200
P3,sycl,dpcpp-ocl-jit-usm,cpu,kalman,4096,iso,982,240600,350900
P3,sycl,dpcpp-ocl-jit-usm,cpu,kalman,4096,iso,983,236500,350100
P3,sycl,dpcpp-ocl-jit-usm,cpu,kalman,4096,iso,984,237100,360300
P3,sycl,dpcpp-ocl-jit-usm,cpu,kalman,4096,iso,985,237200,348700
P3,sycl,dpcpp-ocl-jit-usm,cpu,kalman,4096,iso,986,235500,348400
P3,sycl,dpcpp-ocl-jit-usm,cpu,kalman,4096,iso,987,235500,351000
P3,sycl,dpcpp-ocl-jit-usm,cpu,kalman,4096,iso,988,239300,350300
P3,sycl,dpcpp-ocl-jit-usm,cpu,kalman,4096,iso,989,237100,349900
P3,sycl,dpcpp-ocl-jit-usm,cpu,kalman,4096,iso,990,236400,349500
P3,sycl,dpcpp-ocl-jit-usm,cpu,kalman,4096,iso,991,236100,352100
P3,sycl,dpcpp-ocl-jit-usm,cpu,kalman,4096,iso,992,237000,350400
P3,sycl,dpcpp-ocl-jit-usm,cpu,kalman,4096,iso,993,236900,349200
P3,sycl,dpcpp-ocl-jit-usm,cpu,kalman,4096,iso,994,236500,351800
P3,sycl,dpcpp-ocl-jit-usm,cpu,kalman,4096,iso,995,236800,349600
P3,sycl,dpcpp-ocl-jit-usm,cpu,kalman,4096,iso,996,236400,502700
P3,sycl,dpcpp-ocl-jit-usm,cpu,kalman,4096,iso,997,239400,353700
P3,sycl,dpcpp-ocl-jit-usm,cpu,kalman,4096,iso,998,237600,350600
P3,sycl,dpcpp-ocl-jit-usm,cpu,kalman,4096,iso,999,236800,362200
P3,sycl,dpcpp-ocl-jitprecise-usm,cpu,kalman,4096,iso,0,224700,354100
P3,sycl,dpcpp-ocl-jitprecise-usm,cpu,kalman,4096,iso,1,226300,340000
P3,sycl,dpcpp-ocl-jitprecise-usm,cpu,kalman,4096,iso,2,225900,338100
P3,sycl,dpcpp-ocl-jitprecise-usm,cpu,kalman,4096,iso,3,225000,336600
P3,sycl,dpcpp-ocl-jitprecise-usm,cpu,kalman,4096,iso,4,225600,339800
P3,sycl,dpcpp-ocl-jitprecise-usm,cpu,kalman,4096,iso,5,225200,496300
P3,sycl,dpcpp-ocl-jitprecise-usm,cpu,kalman,4096,iso,6,226500,338300
P3,sycl,dpcpp-ocl-jitprecise-usm,cpu,kalman,4096,iso,7,225400,337400
P3,sycl,dpcpp-ocl-jitprecise-usm,cpu,kalman,4096,iso,8,225800,335400
P3,sycl,dpcpp-ocl-jitprecise-usm,cpu,kalman,4096,iso,9,226500,349300
P3,sycl,dpcpp-ocl-jitprecise-usm,cpu,kalman,4096,iso,10,226400,336500
P3,sycl,dpcpp-ocl-jitprecise-usm,cpu,kalman,4096,iso,11,251700,339300
P3,sycl,dpcpp-ocl-jitprecise-usm,cpu,kalman,4096,iso,12,226100,335400
P3,sycl,dpcpp-ocl-jitprecise-usm,cpu,kalman,4096,iso,13,226000,334500
P3,sycl,dpcpp-ocl-jitprecise-usm,cpu,kalman,4096,iso,14,225300,336200
P3,sycl,dpcpp-ocl-jitprecise-usm,cpu,kalman,4096,iso,15,225800,334400
P3,sycl,dpcpp-ocl-jitprecise-usm,cpu,kalman,4096,iso,16,226200,334500
P3,sycl,dpcpp-ocl-jitprecise-usm,cpu,kalman,4096,iso,17,225700,334000
P3,sycl,dpcpp-ocl-jitprecise-usm,cpu,kalman,4096,iso,18,224700,329900
P3,sycl,dpcpp-ocl-jitprecise-usm,cpu,kalman,4096,iso,19,223000,328800
P3,sycl,dpcpp-ocl-jitprecise-usm,cpu,kalman,4096,iso,20,224600,328200
P3,sycl,dpcpp-ocl-jitprecise-usm,cpu,kalman,4096,iso,21,224300,329700
P3,sycl,dpcpp-ocl-jitprecise-usm,cpu,kalman,4096,iso,22,223600,467600
P3,sycl,dpcpp-ocl-jitprecise-usm,cpu,kalman,4096,iso,23,233000,330800
P3,sycl,dpcpp-ocl-jitprecise-usm,cpu,kalman,4096,iso,24,223600,327800
P3,sycl,dpcpp-ocl-jitprecise-usm,cpu,kalman,4096,iso,25,340100,345600
P3,sycl,dpcpp-ocl-jitprecise-usm,cpu,kalman,4096,iso,26,224300,329500
P3,sycl,dpcpp-ocl-jitprecise-usm,cpu,kalman,4096,iso,27,223800,327600
P3,sycl,dpcpp-ocl-jitprecise-usm,cpu,kalman,4096,iso,28,223900,340800
P3,sycl,dpcpp-ocl-jitprecise-usm,cpu,kalman,4096,iso,29,223900,328300
P3,sycl,dpcpp-ocl-jitprecise-usm,cpu,kalman,4096,iso,30,223200,326700
P3,sycl,dpcpp-ocl-jitprecise-usm,cpu,kalman,4096,iso,31,222600,328000
P3,sycl,dpcpp-ocl-jitprecise-usm,cpu,kalman,4096,iso,32,225400,329600
P3,sycl,dpcpp-ocl-jitprecise-usm,cpu,kalman,4096,iso,33,224200,329100
P3,sycl,dpcpp-ocl-jitprecise-usm,cpu,kalman,4096,iso,34,224600,329600
P3,sycl,dpcpp-ocl-jitprecise-usm,cpu,kalman,4096,iso,35,223900,331100
P3,sycl,dpcpp-ocl-jitprecise-usm,cpu,kalman,4096,iso,36,237500,331500
P3,sycl,dpcpp-ocl-jitprecise-usm,cpu,kalman,4096,iso,37,224600,330200
P3,sycl,dpcpp-ocl-jitprecise-usm,cpu,kalman,4096,iso,38,224500,326900
P3,sycl,dpcpp-ocl-jitprecise-usm,cpu,kalman,4096,iso,39,224100,329400
P3,sycl,dpcpp-ocl-jitprecise-usm,cpu,kalman,4096,iso,40,223500,489200
P3,sycl,dpcpp-ocl-jitprecise-usm,cpu,kalman,4096,iso,41,224200,327700
P3,sycl,dpcpp-ocl-jitprecise-usm,cpu,kalman,4096,iso,42,223500,329800
P3,sycl,dpcpp-ocl-jitprecise-usm,cpu,kalman,4096,iso,43,223700,327600
P3,sycl,dpcpp-ocl-jitprecise-usm,cpu,kalman,4096,iso,44,223400,327200
P3,sycl,dpcpp-ocl-jitprecise-usm,cpu,kalman,4096,iso,45,223300,327100
P3,sycl,dpcpp-ocl-jitprecise-usm,cpu,kalman,4096,iso,46,223700,330300
P3,sycl,dpcpp-ocl-jitprecise-usm,cpu,kalman,4096,iso,47,224100,328300
P3,sycl,dpcpp-ocl-jitprecise-usm,cpu,kalman,4096,iso,48,223200,382500
P3,sycl,dpcpp-ocl-jitprecise-usm,cpu,kalman,4096,iso,49,248400,340300
P3,sycl,dpcpp-ocl-jitprecise-usm,cpu,kalman,4096,iso,50,224200,328100
P3,sycl,dpcpp-ocl-jitprecise-usm,cpu,kalman,4096,iso,51,223900,326300
P3,sycl,dpcpp-ocl-jitprecise-usm,cpu,kalman,4096,iso,52,223900,328000
P3,sycl,dpcpp-ocl-jitprecise-usm,cpu,kalman,4096,iso,53,223400,329800
P3,sycl,dpcpp-ocl-jitprecise-usm,cpu,kalman,4096,iso,54,223200,326400
P3,sycl,dpcpp-ocl-jitprecise-usm,cpu,kalman,4096,iso,55,223200,327000
P3,sycl,dpcpp-ocl-jitprecise-usm,cpu,kalman,4096,iso,56,223500,326900
P3,sycl,dpcpp-ocl-jitprecise-usm,cpu,kalman,4096,iso,57,224900,327100
P3,sycl,dpcpp-ocl-jitprecise-usm,cpu,kalman,4096,iso,58,363500,336300
P3,sycl,dpcpp-ocl-jitprecise-usm,cpu,kalman,4096,iso,59,223300,326300
P3,sycl,dpcpp-ocl-jitprecise-usm,cpu,kalman,4096,iso,60,223400,329800
P3,sycl,dpcpp-ocl-jitprecise-usm,cpu,kalman,4096,iso,61,223000,326600
P3,sycl,dpcpp-ocl-jitprecise-usm,cpu,kalman,4096,iso,62,223500,341100
P3,sycl,dpcpp-ocl-jitprecise-usm,cpu,kalman,4096,iso,63,223100,326400
P3,sycl,dpcpp-ocl-jitprecise-usm,cpu,kalman,4096,iso,64,225000,327700
P3,sycl,dpcpp-ocl-jitprecise-usm,cpu,kalman,4096,iso,65,223000,327700
P3,sycl,dpcpp-ocl-jitprecise-usm,cpu,kalman,4096,iso,66,224500,328400
P3,sycl,dpcpp-ocl-jitprecise-usm,cpu,kalman,4096,iso,67,224300,340000
P3,sycl,dpcpp-ocl-jitprecise-usm,cpu,kalman,4096,iso,68,225600,329100
P3,sycl,dpcpp-ocl-jitprecise-usm,cpu,kalman,4096,iso,69,224600,327400
P3,sycl,dpcpp-ocl-jitprecise-usm,cpu,kalman,4096,iso,70,223700,325600
P3,sycl,dpcpp-ocl-jitprecise-usm,cpu,kalman,4096,iso,71,224800,326900
P3,sycl,dpcpp-ocl-jitprecise-usm,cpu,kalman,4096,iso,72,223200,326200
P3,sycl,dpcpp-ocl-jitprecise-usm,cpu,kalman,4096,iso,73,224200,326100
P3,sycl,dpcpp-ocl-jitprecise-usm,cpu,kalman,4096,iso,74,224000,328600
P3,sycl,dpcpp-ocl-jitprecise-usm,cpu,kalman,4096,iso,75,224300,468000
P3,sycl,dpcpp-ocl-jitprecise-usm,cpu,kalman,4096,iso,76,231300,329600
P3,sycl,dpcpp-ocl-jitprecise-usm,cpu,kalman,4096,iso,77,225000,327500
P3,sycl,dpcpp-ocl-jitprecise-usm,cpu,kalman,4096,iso,78,226300,328400
P3,sycl,dpcpp-ocl-jitprecise-usm,cpu,kalman,4096,iso,79,223400,328100
P3,sycl,dpcpp-ocl-jitprecise-usm,cpu,kalman,4096,iso,80,223300,327000
P3,sycl,dpcpp-ocl-jitprecise-usm,cpu,kalman,4096,iso,81,223300,328700
P3,sycl,dpcpp-ocl-jitprecise-usm,cpu,kalman,4096,iso,82,224600,327400
P3,sycl,dpcpp-ocl-jitprecise-usm,cpu,kalman,4096,iso,83,223200,327500
P3,sycl,dpcpp-ocl-jitprecise-usm,cpu,kalman,4096,iso,84,223100,327100
P3,sycl,dpcpp-ocl-jitprecise-usm,cpu,kalman,4096,iso,85,223300,329600
P3,sycl,dpcpp-ocl-jitprecise-usm,cpu,kalman,4096,iso,86,223700,327500
P3,sycl,dpcpp-ocl-jitprecise-usm,cpu,kalman,4096,iso,87,224300,327800
P3,sycl,dpcpp-ocl-jitprecise-usm,cpu,kalman,4096,iso,88,235300,328400
P3,sycl,dpcpp-ocl-jitprecise-usm,cpu,kalman,4096,iso,89,224700,327500
P3,sycl,dpcpp-ocl-jitprecise-usm,cpu,kalman,4096,iso,90,222900,327800
P3,sycl,dpcpp-ocl-jitprecise-usm,cpu,kalman,4096,iso,91,223600,328800
P3,sycl,dpcpp-ocl-jitprecise-usm,cpu,kalman,4096,iso,92,223100,329000
P3,sycl,dpcpp-ocl-jitprecise-usm,cpu,kalman,4096,iso,93,225400,473000
P3,sycl,dpcpp-ocl-jitprecise-usm,cpu,kalman,4096,iso,94,227300,330500
P3,sycl,dpcpp-ocl-jitprecise-usm,cpu,kalman,4096,iso,95,225100,449300
P3,sycl,dpcpp-ocl-jitprecise-usm,cpu,kalman,4096,iso,96,230000,331700
P3,sycl,dpcpp-ocl-jitprecise-usm,cpu,kalman,4096,iso,97,226100,329500
P3,sycl,dpcpp-ocl-jitprecise-usm,cpu,kalman,4096,iso,98,224500,329200
P3,sycl,dpcpp-ocl-jitprecise-usm,cpu,kalman,4096,iso,99,225100,331200
P3,sycl,dpcpp-ocl-jitprecise-usm,cpu,kalman,4096,iso,100,225400,329300
P3,sycl,dpcpp-ocl-jitprecise-usm,cpu,kalman,4096,iso,101,224200,328200
P3,sycl,dpcpp-ocl-jitprecise-usm,cpu,kalman,4096,iso,102,223500,327200
P3,sycl,dpcpp-ocl-jitprecise-usm,cpu,kalman,4096,iso,103,224000,333200
P3,sycl,dpcpp-ocl-jitprecise-usm,cpu,kalman,4096,iso,104,223300,332100
P3,sycl,dpcpp-ocl-jitprecise-usm,cpu,kalman,4096,iso,105,228200,329700
P3,sycl,dpcpp-ocl-jitprecise-usm,cpu,kalman,4096,iso,106,224600,331800
P3,sycl,dpcpp-ocl-jitprecise-usm,cpu,kalman,4096,iso,107,224100,326800
P3,sycl,dpcpp-ocl-jitprecise-usm,cpu,kalman,4096,iso,108,224000,326300
P3,sycl,dpcpp-ocl-jitprecise-usm,cpu,kalman,4096,iso,109,223300,327900
P3,sycl,dpcpp-ocl-jitprecise-usm,cpu,kalman,4096,iso,110,223300,330200
P3,sycl,dpcpp-ocl-jitprecise-usm,cpu,kalman,4096,iso,111,371400,340200
P3,sycl,dpcpp-ocl-jitprecise-usm,cpu,kalman,4096,iso,112,222800,327900
P3,sycl,dpcpp-ocl-jitprecise-usm,cpu,kalman,4096,iso,113,224700,329500
P3,sycl,dpcpp-ocl-jitprecise-usm,cpu,kalman,4096,iso,114,223700,342000
P3,sycl,dpcpp-ocl-jitprecise-usm,cpu,kalman,4096,iso,115,224600,328400
P3,sycl,dpcpp-ocl-jitprecise-usm,cpu,kalman,4096,iso,116,224600,330000
P3,sycl,dpcpp-ocl-jitprecise-usm,cpu,kalman,4096,iso,117,226700,328500
P3,sycl,dpcpp-ocl-jitprecise-usm,cpu,kalman,4096,iso,118,223300,327500
P3,sycl,dpcpp-ocl-jitprecise-usm,cpu,kalman,4096,iso,119,222900,327100
P3,sycl,dpcpp-ocl-jitprecise-usm,cpu,kalman,4096,iso,120,222500,329900
P3,sycl,dpcpp-ocl-jitprecise-usm,cpu,kalman,4096,iso,121,224200,327600
P3,sycl,dpcpp-ocl-jitprecise-usm,cpu,kalman,4096,iso,122,223500,327200
P3,sycl,dpcpp-ocl-jitprecise-usm,cpu,kalman,4096,iso,123,223400,327200
P3,sycl,dpcpp-ocl-jitprecise-usm,cpu,kalman,4096,iso,124,223300,339900
P3,sycl,dpcpp-ocl-jitprecise-usm,cpu,kalman,4096,iso,125,224300,327100
P3,sycl,dpcpp-ocl-jitprecise-usm,cpu,kalman,4096,iso,126,223200,326500
P3,sycl,dpcpp-ocl-jitprecise-usm,cpu,kalman,4096,iso,127,223200,328100
P3,sycl,dpcpp-ocl-jitprecise-usm,cpu,kalman,4096,iso,128,225700,329100
P3,sycl,dpcpp-ocl-jitprecise-usm,cpu,kalman,4096,iso,129,362800,337400
P3,sycl,dpcpp-ocl-jitprecise-usm,cpu,kalman,4096,iso,130,223800,328200
P3,sycl,dpcpp-ocl-jitprecise-usm,cpu,kalman,4096,iso,131,223500,330000
P3,sycl,dpcpp-ocl-jitprecise-usm,cpu,kalman,4096,iso,132,223500,329800
P3,sycl,dpcpp-ocl-jitprecise-usm,cpu,kalman,4096,iso,133,223100,328400
P3,sycl,dpcpp-ocl-jitprecise-usm,cpu,kalman,4096,iso,134,224000,327000
P3,sycl,dpcpp-ocl-jitprecise-usm,cpu,kalman,4096,iso,135,225000,328000
P3,sycl,dpcpp-ocl-jitprecise-usm,cpu,kalman,4096,iso,136,223600,327300
P3,sycl,dpcpp-ocl-jitprecise-usm,cpu,kalman,4096,iso,137,224100,328100
P3,sycl,dpcpp-ocl-jitprecise-usm,cpu,kalman,4096,iso,138,223800,329500
P3,sycl,dpcpp-ocl-jitprecise-usm,cpu,kalman,4096,iso,139,224600,327500
P3,sycl,dpcpp-ocl-jitprecise-usm,cpu,kalman,4096,iso,140,223100,326900
P3,sycl,dpcpp-ocl-jitprecise-usm,cpu,kalman,4096,iso,141,223300,341400
P3,sycl,dpcpp-ocl-jitprecise-usm,cpu,kalman,4096,iso,142,224400,332400
P3,sycl,dpcpp-ocl-jitprecise-usm,cpu,kalman,4096,iso,143,224600,330100
P3,sycl,dpcpp-ocl-jitprecise-usm,cpu,kalman,4096,iso,144,225000,330000
P3,sycl,dpcpp-ocl-jitprecise-usm,cpu,kalman,4096,iso,145,224800,329100
P3,sycl,dpcpp-ocl-jitprecise-usm,cpu,kalman,4096,iso,146,226600,474600
P3,sycl,dpcpp-ocl-jitprecise-usm,cpu,kalman,4096,iso,147,228900,328800
P3,sycl,dpcpp-ocl-jitprecise-usm,cpu,kalman,4096,iso,148,223600,327000
P3,sycl,dpcpp-ocl-jitprecise-usm,cpu,kalman,4096,iso,149,333000,342800
P3,sycl,dpcpp-ocl-jitprecise-usm,cpu,kalman,4096,iso,150,224100,329000
P3,sycl,dpcpp-ocl-jitprecise-usm,cpu,kalman,4096,iso,151,223800,329100
P3,sycl,dpcpp-ocl-jitprecise-usm,cpu,kalman,4096,iso,152,223500,330100
P3,sycl,dpcpp-ocl-jitprecise-usm,cpu,kalman,4096,iso,153,224600,326900
P3,sycl,dpcpp-ocl-jitprecise-usm,cpu,kalman,4096,iso,154,223400,330100
P3,sycl,dpcpp-ocl-jitprecise-usm,cpu,kalman,4096,iso,155,224800,329100
P3,sycl,dpcpp-ocl-jitprecise-usm,cpu,kalman,4096,iso,156,227500,329900
P3,sycl,dpcpp-ocl-jitprecise-usm,cpu,kalman,4096,iso,157,224500,329800
P3,sycl,dpcpp-ocl-jitprecise-usm,cpu,kalman,4096,iso,158,224300,328200
P3,sycl,dpcpp-ocl-jitprecise-usm,cpu,kalman,4096,iso,159,222700,329800
P3,sycl,dpcpp-ocl-jitprecise-usm,cpu,kalman,4096,iso,160,232000,328700
P3,sycl,dpcpp-ocl-jitprecise-usm,cpu,kalman,4096,iso,161,223000,327500
P3,sycl,dpcpp-ocl-jitprecise-usm,cpu,kalman,4096,iso,162,224400,329500
P3,sycl,dpcpp-ocl-jitprecise-usm,cpu,kalman,4096,iso,163,224600,331200
P3,sycl,dpcpp-ocl-jitprecise-usm,cpu,kalman,4096,iso,164,225200,604300
P3,sycl,dpcpp-ocl-jitprecise-usm,cpu,kalman,4096,iso,165,224000,332200
P3,sycl,dpcpp-ocl-jitprecise-usm,cpu,kalman,4096,iso,166,223600,331100
P3,sycl,dpcpp-ocl-jitprecise-usm,cpu,kalman,4096,iso,167,227300,331500
P3,sycl,dpcpp-ocl-jitprecise-usm,cpu,kalman,4096,iso,168,224600,330300
P3,sycl,dpcpp-ocl-jitprecise-usm,cpu,kalman,4096,iso,169,223500,448500
P3,sycl,dpcpp-ocl-jitprecise-usm,cpu,kalman,4096,iso,170,230600,328600
P3,sycl,dpcpp-ocl-jitprecise-usm,cpu,kalman,4096,iso,171,224600,327600
P3,sycl,dpcpp-ocl-jitprecise-usm,cpu,kalman,4096,iso,172,223900,327700
P3,sycl,dpcpp-ocl-jitprecise-usm,cpu,kalman,4096,iso,173,223400,329600
P3,sycl,dpcpp-ocl-jitprecise-usm,cpu,kalman,4096,iso,174,223600,328300
P3,sycl,dpcpp-ocl-jitprecise-usm,cpu,kalman,4096,iso,175,223300,327800
P3,sycl,dpcpp-ocl-jitprecise-usm,cpu,kalman,4096,iso,176,223900,327800
P3,sycl,dpcpp-ocl-jitprecise-usm,cpu,kalman,4096,iso,177,225300,327700
P3,sycl,dpcpp-ocl-jitprecise-usm,cpu,kalman,4096,iso,178,224000,334700
P3,sycl,dpcpp-ocl-jitprecise-usm,cpu,kalman,4096,iso,179,224500,326000
P3,sycl,dpcpp-ocl-jitprecise-usm,cpu,kalman,4096,iso,180,223900,329700
P3,sycl,dpcpp-ocl-jitprecise-usm,cpu,kalman,4096,iso,181,224500,485200
P3,sycl,dpcpp-ocl-jitprecise-usm,cpu,kalman,4096,iso,182,226500,327900
P3,sycl,dpcpp-ocl-jitprecise-usm,cpu,kalman,4096,iso,183,223600,327900
P3,sycl,dpcpp-ocl-jitprecise-usm,cpu,kalman,4096,iso,184,234300,329900
P3,sycl,dpcpp-ocl-jitprecise-usm,cpu,kalman,4096,iso,185,223800,327300
P3,sycl,dpcpp-ocl-jitprecise-usm,cpu,kalman,4096,iso,186,225100,330600
P3,sycl,dpcpp-ocl-jitprecise-usm,cpu,kalman,4096,iso,187,225200,332100
P3,sycl,dpcpp-ocl-jitprecise-usm,cpu,kalman,4096,iso,188,224100,327800
P3,sycl,dpcpp-ocl-jitprecise-usm,cpu,kalman,4096,iso,189,223000,327200
P3,sycl,dpcpp-ocl-jitprecise-usm,cpu,kalman,4096,iso,190,224400,327300
P3,sycl,dpcpp-ocl-jitprecise-usm,cpu,kalman,4096,iso,191,223900,329900
P3,sycl,dpcpp-ocl-jitprecise-usm,cpu,kalman,4096,iso,192,224700,327700
P3,sycl,dpcpp-ocl-jitprecise-usm,cpu,kalman,4096,iso,193,224000,339700
P3,sycl,dpcpp-ocl-jitprecise-usm,cpu,kalman,4096,iso,194,225300,328300
P3,sycl,dpcpp-ocl-jitprecise-usm,cpu,kalman,4096,iso,195,225900,327900
P3,sycl,dpcpp-ocl-jitprecise-usm,cpu,kalman,4096,iso,196,224100,328600
P3,sycl,dpcpp-ocl-jitprecise-usm,cpu,kalman,4096,iso,197,223200,326600
P3,sycl,dpcpp-ocl-jitprecise-usm,cpu,kalman,4096,iso,198,223300,329100
P3,sycl,dpcpp-ocl-jitprecise-usm,cpu,kalman,4096,iso,199,223400,472900
P3,sycl,dpcpp-ocl-jitprecise-usm,cpu,kalman,4096,iso,200,227000,329200
P3,sycl,dpcpp-ocl-jitprecise-usm,cpu,kalman,4096,iso,201,223800,447000
P3,sycl,dpcpp-ocl-jitprecise-usm,cpu,kalman,4096,iso,202,228900,328800
P3,sycl,dpcpp-ocl-jitprecise-usm,cpu,kalman,4096,iso,203,223400,327800
P3,sycl,dpcpp-ocl-jitprecise-usm,cpu,kalman,4096,iso,204,223600,328600
P3,sycl,dpcpp-ocl-jitprecise-usm,cpu,kalman,4096,iso,205,224100,329700
P3,sycl,dpcpp-ocl-jitprecise-usm,cpu,kalman,4096,iso,206,223900,327100
P3,sycl,dpcpp-ocl-jitprecise-usm,cpu,kalman,4096,iso,207,223600,327900
P3,sycl,dpcpp-ocl-jitprecise-usm,cpu,kalman,4096,iso,208,222900,326700
P3,sycl,dpcpp-ocl-jitprecise-usm,cpu,kalman,4096,iso,209,225100,327900
P3,sycl,dpcpp-ocl-jitprecise-usm,cpu,kalman,4096,iso,210,224100,327000
P3,sycl,dpcpp-ocl-jitprecise-usm,cpu,kalman,4096,iso,211,225400,330200
P3,sycl,dpcpp-ocl-jitprecise-usm,cpu,kalman,4096,iso,212,227800,332100
P3,sycl,dpcpp-ocl-jitprecise-usm,cpu,kalman,4096,iso,213,225600,331200
P3,sycl,dpcpp-ocl-jitprecise-usm,cpu,kalman,4096,iso,214,224700,328600
P3,sycl,dpcpp-ocl-jitprecise-usm,cpu,kalman,4096,iso,215,224000,328700
P3,sycl,dpcpp-ocl-jitprecise-usm,cpu,kalman,4096,iso,216,226200,328200
P3,sycl,dpcpp-ocl-jitprecise-usm,cpu,kalman,4096,iso,217,375700,339100
P3,sycl,dpcpp-ocl-jitprecise-usm,cpu,kalman,4096,iso,218,224400,331400
P3,sycl,dpcpp-ocl-jitprecise-usm,cpu,kalman,4096,iso,219,224700,332500
P3,sycl,dpcpp-ocl-jitprecise-usm,cpu,kalman,4096,iso,220,225600,358600
P3,sycl,dpcpp-ocl-jitprecise-usm,cpu,kalman,4096,iso,221,226100,328200
P3,sycl,dpcpp-ocl-jitprecise-usm,cpu,kalman,4096,iso,222,223500,327200
P3,sycl,dpcpp-ocl-jitprecise-usm,cpu,kalman,4096,iso,223,224400,327000
P3,sycl,dpcpp-ocl-jitprecise-usm,cpu,kalman,4096,iso,224,223200,326900
P3,sycl,dpcpp-ocl-jitprecise-usm,cpu,kalman,4096,iso,225,222900,326700
P3,sycl,dpcpp-ocl-jitprecise-usm,cpu,kalman,4096,iso,226,224400,330300
P3,sycl,dpcpp-ocl-jitprecise-usm,cpu,kalman,4096,iso,227,223300,326700
P3,sycl,dpcpp-ocl-jitprecise-usm,cpu,kalman,4096,iso,228,222900,329600
P3,sycl,dpcpp-ocl-jitprecise-usm,cpu,kalman,4096,iso,229,224700,328800
P3,sycl,dpcpp-ocl-jitprecise-usm,cpu,kalman,4096,iso,230,224700,329500
P3,sycl,dpcpp-ocl-jitprecise-usm,cpu,kalman,4096,iso,231,223200,327700
P3,sycl,dpcpp-ocl-jitprecise-usm,cpu,kalman,4096,iso,232,223400,326900
P3,sycl,dpcpp-ocl-jitprecise-usm,cpu,kalman,4096,iso,233,223400,326800
P3,sycl,dpcpp-ocl-jitprecise-usm,cpu,kalman,4096,iso,234,224300,473500
P3,sycl,dpcpp-ocl-jitprecise-usm,cpu,kalman,4096,iso,235,227100,327200
P3,sycl,dpcpp-ocl-jitprecise-usm,cpu,kalman,4096,iso,236,223900,327600
P3,sycl,dpcpp-ocl-jitprecise-usm,cpu,kalman,4096,iso,237,223600,330400
P3,sycl,dpcpp-ocl-jitprecise-usm,cpu,kalman,4096,iso,238,223300,327000
P3,sycl,dpcpp-ocl-jitprecise-usm,cpu,kalman,4096,iso,239,223100,326900
P3,sycl,dpcpp-ocl-jitprecise-usm,cpu,kalman,4096,iso,240,223300,327600
P3,sycl,dpcpp-ocl-jitprecise-usm,cpu,kalman,4096,iso,241,233000,329600
P3,sycl,dpcpp-ocl-jitprecise-usm,cpu,kalman,4096,iso,242,229200,328400
P3,sycl,dpcpp-ocl-jitprecise-usm,cpu,kalman,4096,iso,243,223600,327600
P3,sycl,dpcpp-ocl-jitprecise-usm,cpu,kalman,4096,iso,244,223600,330500
P3,sycl,dpcpp-ocl-jitprecise-usm,cpu,kalman,4096,iso,245,224400,327200
P3,sycl,dpcpp-ocl-jitprecise-usm,cpu,kalman,4096,iso,246,222400,326900
P3,sycl,dpcpp-ocl-jitprecise-usm,cpu,kalman,4096,iso,247,223600,341000
P3,sycl,dpcpp-ocl-jitprecise-usm,cpu,kalman,4096,iso,248,226100,327200
P3,sycl,dpcpp-ocl-jitprecise-usm,cpu,kalman,4096,iso,249,223700,326300
P3,sycl,dpcpp-ocl-jitprecise-usm,cpu,kalman,4096,iso,250,223700,326700
P3,sycl,dpcpp-ocl-jitprecise-usm,cpu,kalman,4096,iso,251,222900,330000
P3,sycl,dpcpp-ocl-jitprecise-usm,cpu,kalman,4096,iso,252,223600,473300
P3,sycl,dpcpp-ocl-jitprecise-usm,cpu,kalman,4096,iso,253,226300,332700
P3,sycl,dpcpp-ocl-jitprecise-usm,cpu,kalman,4096,iso,254,223900,327600
P3,sycl,dpcpp-ocl-jitprecise-usm,cpu,kalman,4096,iso,255,225500,328400
P3,sycl,dpcpp-ocl-jitprecise-usm,cpu,kalman,4096,iso,256,223300,327000
P3,sycl,dpcpp-ocl-jitprecise-usm,cpu,kalman,4096,iso,257,224200,326100
P3,sycl,dpcpp-ocl-jitprecise-usm,cpu,kalman,4096,iso,258,224300,330600
P3,sycl,dpcpp-ocl-jitprecise-usm,cpu,kalman,4096,iso,259,223700,326900
P3,sycl,dpcpp-ocl-jitprecise-usm,cpu,kalman,4096,iso,260,223200,326900
P3,sycl,dpcpp-ocl-jitprecise-usm,cpu,kalman,4096,iso,261,223100,327800
P3,sycl,dpcpp-ocl-jitprecise-usm,cpu,kalman,4096,iso,262,223200,329100
P3,sycl,dpcpp-ocl-jitprecise-usm,cpu,kalman,4096,iso,263,224600,326500
P3,sycl,dpcpp-ocl-jitprecise-usm,cpu,kalman,4096,iso,264,223500,326200
P3,sycl,dpcpp-ocl-jitprecise-usm,cpu,kalman,4096,iso,265,223600,327400
P3,sycl,dpcpp-ocl-jitprecise-usm,cpu,kalman,4096,iso,266,226800,329700
P3,sycl,dpcpp-ocl-jitprecise-usm,cpu,kalman,4096,iso,267,224300,328000
P3,sycl,dpcpp-ocl-jitprecise-usm,cpu,kalman,4096,iso,268,223700,327500
P3,sycl,dpcpp-ocl-jitprecise-usm,cpu,kalman,4096,iso,269,222800,335000
P3,sycl,dpcpp-ocl-jitprecise-usm,cpu,kalman,4096,iso,270,224900,473600
P3,sycl,dpcpp-ocl-jitprecise-usm,cpu,kalman,4096,iso,271,227500,327800
P3,sycl,dpcpp-ocl-jitprecise-usm,cpu,kalman,4096,iso,272,223600,477300
P3,sycl,dpcpp-ocl-jitprecise-usm,cpu,kalman,4096,iso,273,229800,329900
P3,sycl,dpcpp-ocl-jitprecise-usm,cpu,kalman,4096,iso,274,235600,330800
P3,sycl,dpcpp-ocl-jitprecise-usm,cpu,kalman,4096,iso,275,224100,327800
P3,sycl,dpcpp-ocl-jitprecise-usm,cpu,kalman,4096,iso,276,224300,331400
P3,sycl,dpcpp-ocl-jitprecise-usm,cpu,kalman,4096,iso,277,224200,327200
P3,sycl,dpcpp-ocl-jitprecise-usm,cpu,kalman,4096,iso,278,224900,329200
P3,sycl,dpcpp-ocl-jitprecise-usm,cpu,kalman,4096,iso,279,224800,329000
P3,sycl,dpcpp-ocl-jitprecise-usm,cpu,kalman,4096,iso,280,226500,329600
P3,sycl,dpcpp-ocl-jitprecise-usm,cpu,kalman,4096,iso,281,225600,328900
P3,sycl,dpcpp-ocl-jitprecise-usm,cpu,kalman,4096,iso,282,223500,327300
P3,sycl,dpcpp-ocl-jitprecise-usm,cpu,kalman,4096,iso,283,223700,329700
P3,sycl,dpcpp-ocl-jitprecise-usm,cpu,kalman,4096,iso,284,224400,326800
P3,sycl,dpcpp-ocl-jitprecise-usm,cpu,kalman,4096,iso,285,223700,326900
P3,sycl,dpcpp-ocl-jitprecise-usm,cpu,kalman,4096,iso,286,224100,327800
P3,sycl,dpcpp-ocl-jitprecise-usm,cpu,kalman,4096,iso,287,225800,328700
P3,sycl,dpcpp-ocl-jitprecise-usm,cpu,kalman,4096,iso,288,377400,337200
P3,sycl,dpcpp-ocl-jitprecise-usm,cpu,kalman,4096,iso,289,223600,328000
P3,sycl,dpcpp-ocl-jitprecise-usm,cpu,kalman,4096,iso,290,223100,330200
P3,sycl,dpcpp-ocl-jitprecise-usm,cpu,kalman,4096,iso,291,223600,326900
P3,sycl,dpcpp-ocl-jitprecise-usm,cpu,kalman,4096,iso,292,224000,327700
P3,sycl,dpcpp-ocl-jitprecise-usm,cpu,kalman,4096,iso,293,224000,326100
P3,sycl,dpcpp-ocl-jitprecise-usm,cpu,kalman,4096,iso,294,225400,328900
P3,sycl,dpcpp-ocl-jitprecise-usm,cpu,kalman,4096,iso,295,224100,329200
P3,sycl,dpcpp-ocl-jitprecise-usm,cpu,kalman,4096,iso,296,227000,328700
P3,sycl,dpcpp-ocl-jitprecise-usm,cpu,kalman,4096,iso,297,225100,340400
P3,sycl,dpcpp-ocl-jitprecise-usm,cpu,kalman,4096,iso,298,225000,328200
P3,sycl,dpcpp-ocl-jitprecise-usm,cpu,kalman,4096,iso,299,224500,326800
P3,sycl,dpcpp-ocl-jitprecise-usm,cpu,kalman,4096,iso,300,223800,326900
P3,sycl,dpcpp-ocl-jitprecise-usm,cpu,kalman,4096,iso,301,224000,343900
P3,sycl,dpcpp-ocl-jitprecise-usm,cpu,kalman,4096,iso,302,223200,327200
P3,sycl,dpcpp-ocl-jitprecise-usm,cpu,kalman,4096,iso,303,223700,326800
P3,sycl,dpcpp-ocl-jitprecise-usm,cpu,kalman,4096,iso,304,223600,327300
P3,sycl,dpcpp-ocl-jitprecise-usm,cpu,kalman,4096,iso,305,225200,476000
P3,sycl,dpcpp-ocl-jitprecise-usm,cpu,kalman,4096,iso,306,227400,328200
P3,sycl,dpcpp-ocl-jitprecise-usm,cpu,kalman,4096,iso,307,224300,328400
P3,sycl,dpcpp-ocl-jitprecise-usm,cpu,kalman,4096,iso,308,223800,329500
P3,sycl,dpcpp-ocl-jitprecise-usm,cpu,kalman,4096,iso,309,223600,326800
P3,sycl,dpcpp-ocl-jitprecise-usm,cpu,kalman,4096,iso,310,224700,328200
P3,sycl,dpcpp-ocl-jitprecise-usm,cpu,kalman,4096,iso,311,225800,329000
P3,sycl,dpcpp-ocl-jitprecise-usm,cpu,kalman,4096,iso,312,226900,330000
P3,sycl,dpcpp-ocl-jitprecise-usm,cpu,kalman,4096,iso,313,225300,328800
P3,sycl,dpcpp-ocl-jitprecise-usm,cpu,kalman,4096,iso,314,224000,327200
P3,sycl,dpcpp-ocl-jitprecise-usm,cpu,kalman,4096,iso,315,223900,330500
P3,sycl,dpcpp-ocl-jitprecise-usm,cpu,kalman,4096,iso,316,223200,327600
P3,sycl,dpcpp-ocl-jitprecise-usm,cpu,kalman,4096,iso,317,224200,327000
P3,sycl,dpcpp-ocl-jitprecise-usm,cpu,kalman,4096,iso,318,223600,328000
P3,sycl,dpcpp-ocl-jitprecise-usm,cpu,kalman,4096,iso,319,225600,328000
P3,sycl,dpcpp-ocl-jitprecise-usm,cpu,kalman,4096,iso,320,224300,327200
P3,sycl,dpcpp-ocl-jitprecise-usm,cpu,kalman,4096,iso,321,223100,327700
P3,sycl,dpcpp-ocl-jitprecise-usm,cpu,kalman,4096,iso,322,224100,328800
P3,sycl,dpcpp-ocl-jitprecise-usm,cpu,kalman,4096,iso,323,224300,469300
P3,sycl,dpcpp-ocl-jitprecise-usm,cpu,kalman,4096,iso,324,227600,357000
P3,sycl,dpcpp-ocl-jitprecise-usm,cpu,kalman,4096,iso,325,234500,470700
P3,sycl,dpcpp-ocl-jitprecise-usm,cpu,kalman,4096,iso,326,225500,343200
P3,sycl,dpcpp-ocl-jitprecise-usm,cpu,kalman,4096,iso,327,224600,328300
P3,sycl,dpcpp-ocl-jitprecise-usm,cpu,kalman,4096,iso,328,224100,333700
P3,sycl,dpcpp-ocl-jitprecise-usm,cpu,kalman,4096,iso,329,223900,331900
P3,sycl,dpcpp-ocl-jitprecise-usm,cpu,kalman,4096,iso,330,224000,330300
P3,sycl,dpcpp-ocl-jitprecise-usm,cpu,kalman,4096,iso,331,224100,326700
P3,sycl,dpcpp-ocl-jitprecise-usm,cpu,kalman,4096,iso,332,224300,327000
P3,sycl,dpcpp-ocl-jitprecise-usm,cpu,kalman,4096,iso,333,225100,328200
P3,sycl,dpcpp-ocl-jitprecise-usm,cpu,kalman,4096,iso,334,223300,327200
P3,sycl,dpcpp-ocl-jitprecise-usm,cpu,kalman,4096,iso,335,224500,329000
P3,sycl,dpcpp-ocl-jitprecise-usm,cpu,kalman,4096,iso,336,225100,332400
P3,sycl,dpcpp-ocl-jitprecise-usm,cpu,kalman,4096,iso,337,224800,328800
P3,sycl,dpcpp-ocl-jitprecise-usm,cpu,kalman,4096,iso,338,225100,327400
P3,sycl,dpcpp-ocl-jitprecise-usm,cpu,kalman,4096,iso,339,223600,328000
P3,sycl,dpcpp-ocl-jitprecise-usm,cpu,kalman,4096,iso,340,226100,328300
P3,sycl,dpcpp-ocl-jitprecise-usm,cpu,kalman,4096,iso,341,371100,337200
P3,sycl,dpcpp-ocl-jitprecise-usm,cpu,kalman,4096,iso,342,224200,328400
P3,sycl,dpcpp-ocl-jitprecise-usm,cpu,kalman,4096,iso,343,223700,330300
P3,sycl,dpcpp-ocl-jitprecise-usm,cpu,kalman,4096,iso,344,224400,328300
P3,sycl,dpcpp-ocl-jitprecise-usm,cpu,kalman,4096,iso,345,224100,328200
P3,sycl,dpcpp-ocl-jitprecise-usm,cpu,kalman,4096,iso,346,223900,328000
P3,sycl,dpcpp-ocl-jitprecise-usm,cpu,kalman,4096,iso,347,225900,327600
P3,sycl,dpcpp-ocl-jitprecise-usm,cpu,kalman,4096,iso,348,224300,334800
P3,sycl,dpcpp-ocl-jitprecise-usm,cpu,kalman,4096,iso,349,223800,328000
P3,sycl,dpcpp-ocl-jitprecise-usm,cpu,kalman,4096,iso,350,223600,331500
P3,sycl,dpcpp-ocl-jitprecise-usm,cpu,kalman,4096,iso,351,224900,328500
P3,sycl,dpcpp-ocl-jitprecise-usm,cpu,kalman,4096,iso,352,223900,334500
P3,sycl,dpcpp-ocl-jitprecise-usm,cpu,kalman,4096,iso,353,224200,328000
P3,sycl,dpcpp-ocl-jitprecise-usm,cpu,kalman,4096,iso,354,229500,340100
P3,sycl,dpcpp-ocl-jitprecise-usm,cpu,kalman,4096,iso,355,225300,328100
P3,sycl,dpcpp-ocl-jitprecise-usm,cpu,kalman,4096,iso,356,224000,327000
P3,sycl,dpcpp-ocl-jitprecise-usm,cpu,kalman,4096,iso,357,223800,328200
P3,sycl,dpcpp-ocl-jitprecise-usm,cpu,kalman,4096,iso,358,225100,471400
P3,sycl,dpcpp-ocl-jitprecise-usm,cpu,kalman,4096,iso,359,226600,328100
P3,sycl,dpcpp-ocl-jitprecise-usm,cpu,kalman,4096,iso,360,223700,331300
P3,sycl,dpcpp-ocl-jitprecise-usm,cpu,kalman,4096,iso,361,223500,330000
P3,sycl,dpcpp-ocl-jitprecise-usm,cpu,kalman,4096,iso,362,224300,327700
P3,sycl,dpcpp-ocl-jitprecise-usm,cpu,kalman,4096,iso,363,224000,329000
P3,sycl,dpcpp-ocl-jitprecise-usm,cpu,kalman,4096,iso,364,224200,326700
P3,sycl,dpcpp-ocl-jitprecise-usm,cpu,kalman,4096,iso,365,225100,328000
P3,sycl,dpcpp-ocl-jitprecise-usm,cpu,kalman,4096,iso,366,223300,328300
P3,sycl,dpcpp-ocl-jitprecise-usm,cpu,kalman,4096,iso,367,223400,328200
P3,sycl,dpcpp-ocl-jitprecise-usm,cpu,kalman,4096,iso,368,223500,328800
P3,sycl,dpcpp-ocl-jitprecise-usm,cpu,kalman,4096,iso,369,223900,328300
P3,sycl,dpcpp-ocl-jitprecise-usm,cpu,kalman,4096,iso,370,223900,328100
P3,sycl,dpcpp-ocl-jitprecise-usm,cpu,kalman,4096,iso,371,223500,327600
P3,sycl,dpcpp-ocl-jitprecise-usm,cpu,kalman,4096,iso,372,226100,327800
P3,sycl,dpcpp-ocl-jitprecise-usm,cpu,kalman,4096,iso,373,223600,327500
P3,sycl,dpcpp-ocl-jitprecise-usm,cpu,kalman,4096,iso,374,223700,328500
P3,sycl,dpcpp-ocl-jitprecise-usm,cpu,kalman,4096,iso,375,224100,328200
P3,sycl,dpcpp-ocl-jitprecise-usm,cpu,kalman,4096,iso,376,225400,472300
P3,sycl,dpcpp-ocl-jitprecise-usm,cpu,kalman,4096,iso,377,227100,373400
P3,sycl,dpcpp-ocl-jitprecise-usm,cpu,kalman,4096,iso,378,226600,447900
P3,sycl,dpcpp-ocl-jitprecise-usm,cpu,kalman,4096,iso,379,225400,328900
P3,sycl,dpcpp-ocl-jitprecise-usm,cpu,kalman,4096,iso,380,223700,332000
P3,sycl,dpcpp-ocl-jitprecise-usm,cpu,kalman,4096,iso,381,224700,328200
P3,sycl,dpcpp-ocl-jitprecise-usm,cpu,kalman,4096,iso,382,223900,333400
P3,sycl,dpcpp-ocl-jitprecise-usm,cpu,kalman,4096,iso,383,224700,328400
P3,sycl,dpcpp-ocl-jitprecise-usm,cpu,kalman,4096,iso,384,223400,327400
P3,sycl,dpcpp-ocl-jitprecise-usm,cpu,kalman,4096,iso,385,224200,328300
P3,sycl,dpcpp-ocl-jitprecise-usm,cpu,kalman,4096,iso,386,225600,328500
P3,sycl,dpcpp-ocl-jitprecise-usm,cpu,kalman,4096,iso,387,223800,327500
P3,sycl,dpcpp-ocl-jitprecise-usm,cpu,kalman,4096,iso,388,224000,327900
P3,sycl,dpcpp-ocl-jitprecise-usm,cpu,kalman,4096,iso,389,223600,329500
P3,sycl,dpcpp-ocl-jitprecise-usm,cpu,kalman,4096,iso,390,224500,328500
P3,sycl,dpcpp-ocl-jitprecise-usm,cpu,kalman,4096,iso,391,224100,327600
P3,sycl,dpcpp-ocl-jitprecise-usm,cpu,kalman,4096,iso,392,223800,327600
P3,sycl,dpcpp-ocl-jitprecise-usm,cpu,kalman,4096,iso,393,223200,329300
P3,sycl,dpcpp-ocl-jitprecise-usm,cpu,kalman,4096,iso,394,371400,337500
P3,sycl,dpcpp-ocl-jitprecise-usm,cpu,kalman,4096,iso,395,224200,327400
P3,sycl,dpcpp-ocl-jitprecise-usm,cpu,kalman,4096,iso,396,223900,329300
P3,sycl,dpcpp-ocl-jitprecise-usm,cpu,kalman,4096,iso,397,224000,327000
P3,sycl,dpcpp-ocl-jitprecise-usm,cpu,kalman,4096,iso,398,223400,327600
P3,sycl,dpcpp-ocl-jitprecise-usm,cpu,kalman,4096,iso,399,224000,328000
P3,sycl,dpcpp-ocl-jitprecise-usm,cpu,kalman,4096,iso,400,223400,330300
P3,sycl,dpcpp-ocl-jitprecise-usm,cpu,kalman,4096,iso,401,223400,327700
P3,sycl,dpcpp-ocl-jitprecise-usm,cpu,kalman,4096,iso,402,223400,327400
P3,sycl,dpcpp-ocl-jitprecise-usm,cpu,kalman,4096,iso,403,224700,332200
P3,sycl,dpcpp-ocl-jitprecise-usm,cpu,kalman,4096,iso,404,225400,328200
P3,sycl,dpcpp-ocl-jitprecise-usm,cpu,kalman,4096,iso,405,224800,327100
P3,sycl,dpcpp-ocl-jitprecise-usm,cpu,kalman,4096,iso,406,236800,330000
P3,sycl,dpcpp-ocl-jitprecise-usm,cpu,kalman,4096,iso,407,224300,330900
P3,sycl,dpcpp-ocl-jitprecise-usm,cpu,kalman,4096,iso,408,231100,330600
P3,sycl,dpcpp-ocl-jitprecise-usm,cpu,kalman,4096,iso,409,224900,328100
P3,sycl,dpcpp-ocl-jitprecise-usm,cpu,kalman,4096,iso,410,223800,327400
P3,sycl,dpcpp-ocl-jitprecise-usm,cpu,kalman,4096,iso,411,233500,472700
P3,sycl,dpcpp-ocl-jitprecise-usm,cpu,kalman,4096,iso,412,228300,329500
P3,sycl,dpcpp-ocl-jitprecise-usm,cpu,kalman,4096,iso,413,224400,327400
P3,sycl,dpcpp-ocl-jitprecise-usm,cpu,kalman,4096,iso,414,224200,330000
P3,sycl,dpcpp-ocl-jitprecise-usm,cpu,kalman,4096,iso,415,223600,328500
P3,sycl,dpcpp-ocl-jitprecise-usm,cpu,kalman,4096,iso,416,224700,328800
P3,sycl,dpcpp-ocl-jitprecise-usm,cpu,kalman,4096,iso,417,224700,330300
P3,sycl,dpcpp-ocl-jitprecise-usm,cpu,kalman,4096,iso,418,226300,330400
P3,sycl,dpcpp-ocl-jitprecise-usm,cpu,kalman,4096,iso,419,224400,328600
P3,sycl,dpcpp-ocl-jitprecise-usm,cpu,kalman,4096,iso,420,224500,327700
P3,sycl,dpcpp-ocl-jitprecise-usm,cpu,kalman,4096,iso,421,223800,329400
P3,sycl,dpcpp-ocl-jitprecise-usm,cpu,kalman,4096,iso,422,223400,327800
P3,sycl,dpcpp-ocl-jitprecise-usm,cpu,kalman,4096,iso,423,224100,329200
P3,sycl,dpcpp-ocl-jitprecise-usm,cpu,kalman,4096,iso,424,225400,329500
P3,sycl,dpcpp-ocl-jitprecise-usm,cpu,kalman,4096,iso,425,224600,332000
P3,sycl,dpcpp-ocl-jitprecise-usm,cpu,kalman,4096,iso,426,224600,328300
P3,sycl,dpcpp-ocl-jitprecise-usm,cpu,kalman,4096,iso,427,223200,327700
P3,sycl,dpcpp-ocl-jitprecise-usm,cpu,kalman,4096,iso,428,223500,327600
P3,sycl,dpcpp-ocl-jitprecise-usm,cpu,kalman,4096,iso,429,225100,469600
P3,sycl,dpcpp-ocl-jitprecise-usm,cpu,kalman,4096,iso,430,226800,327700
P3,sycl,dpcpp-ocl-jitprecise-usm,cpu,kalman,4096,iso,431,224200,328400
P3,sycl,dpcpp-ocl-jitprecise-usm,cpu,kalman,4096,iso,432,223900,330300
P3,sycl,dpcpp-ocl-jitprecise-usm,cpu,kalman,4096,iso,433,236000,330300
P3,sycl,dpcpp-ocl-jitprecise-usm,cpu,kalman,4096,iso,434,223800,327400
P3,sycl,dpcpp-ocl-jitprecise-usm,cpu,kalman,4096,iso,435,223500,327200
P3,sycl,dpcpp-ocl-jitprecise-usm,cpu,kalman,4096,iso,436,224200,330400
P3,sycl,dpcpp-ocl-jitprecise-usm,cpu,kalman,4096,iso,437,224200,327000
P3,sycl,dpcpp-ocl-jitprecise-usm,cpu,kalman,4096,iso,438,223000,326300
P3,sycl,dpcpp-ocl-jitprecise-usm,cpu,kalman,4096,iso,439,223600,329500
P3,sycl,dpcpp-ocl-jitprecise-usm,cpu,kalman,4096,iso,440,223500,327300
P3,sycl,dpcpp-ocl-jitprecise-usm,cpu,kalman,4096,iso,441,223400,326700
P3,sycl,dpcpp-ocl-jitprecise-usm,cpu,kalman,4096,iso,442,223600,326700
P3,sycl,dpcpp-ocl-jitprecise-usm,cpu,kalman,4096,iso,443,225300,327100
P3,sycl,dpcpp-ocl-jitprecise-usm,cpu,kalman,4096,iso,444,223700,327800
P3,sycl,dpcpp-ocl-jitprecise-usm,cpu,kalman,4096,iso,445,223100,327500
P3,sycl,dpcpp-ocl-jitprecise-usm,cpu,kalman,4096,iso,446,223700,328900
P3,sycl,dpcpp-ocl-jitprecise-usm,cpu,kalman,4096,iso,447,224400,470000
P3,sycl,dpcpp-ocl-jitprecise-usm,cpu,kalman,4096,iso,448,226700,328300
P3,sycl,dpcpp-ocl-jitprecise-usm,cpu,kalman,4096,iso,449,224100,442500
P3,sycl,dpcpp-ocl-jitprecise-usm,cpu,kalman,4096,iso,450,231000,328500
P3,sycl,dpcpp-ocl-jitprecise-usm,cpu,kalman,4096,iso,451,223800,327900
P3,sycl,dpcpp-ocl-jitprecise-usm,cpu,kalman,4096,iso,452,223200,326800
P3,sycl,dpcpp-ocl-jitprecise-usm,cpu,kalman,4096,iso,453,223500,329900
P3,sycl,dpcpp-ocl-jitprecise-usm,cpu,kalman,4096,iso,454,223100,328400
P3,sycl,dpcpp-ocl-jitprecise-usm,cpu,kalman,4096,iso,455,224400,327600
P3,sycl,dpcpp-ocl-jitprecise-usm,cpu,kalman,4096,iso,456,224000,327500
P3,sycl,dpcpp-ocl-jitprecise-usm,cpu,kalman,4096,iso,457,226200,328000
P3,sycl,dpcpp-ocl-jitprecise-usm,cpu,kalman,4096,iso,458,223700,328100
P3,sycl,dpcpp-ocl-jitprecise-usm,cpu,kalman,4096,iso,459,224200,327600
P3,sycl,dpcpp-ocl-jitprecise-usm,cpu,kalman,4096,iso,460,236300,331600
P3,sycl,dpcpp-ocl-jitprecise-usm,cpu,kalman,4096,iso,461,224300,327200
P3,sycl,dpcpp-ocl-jitprecise-usm,cpu,kalman,4096,iso,462,223800,327700
P3,sycl,dpcpp-ocl-jitprecise-usm,cpu,kalman,4096,iso,463,224700,328700
P3,sycl,dpcpp-ocl-jitprecise-usm,cpu,kalman,4096,iso,464,227000,329700
P3,sycl,dpcpp-ocl-jitprecise-usm,cpu,kalman,4096,iso,465,372500,338800
P3,sycl,dpcpp-ocl-jitprecise-usm,cpu,kalman,4096,iso,466,223700,327000
P3,sycl,dpcpp-ocl-jitprecise-usm,cpu,kalman,4096,iso,467,224200,332100
P3,sycl,dpcpp-ocl-jitprecise-usm,cpu,kalman,4096,iso,468,225400,327400
P3,sycl,dpcpp-ocl-jitprecise-usm,cpu,kalman,4096,iso,469,224500,327500
P3,sycl,dpcpp-ocl-jitprecise-usm,cpu,kalman,4096,iso,470,223600,327100
P3,sycl,dpcpp-ocl-jitprecise-usm,cpu,kalman,4096,iso,471,223800,330100
P3,sycl,dpcpp-ocl-jitprecise-usm,cpu,kalman,4096,iso,472,225400,327700
P3,sycl,dpcpp-ocl-jitprecise-usm,cpu,kalman,4096,iso,473,224200,327500
P3,sycl,dpcpp-ocl-jitprecise-usm,cpu,kalman,4096,iso,474,223900,328000
P3,sycl,dpcpp-ocl-jitprecise-usm,cpu,kalman,4096,iso,475,225700,327800
P3,sycl,dpcpp-ocl-jitprecise-usm,cpu,kalman,4096,iso,476,224100,328500
P3,sycl,dpcpp-ocl-jitprecise-usm,cpu,kalman,4096,iso,477,223500,327500
P3,sycl,dpcpp-ocl-jitprecise-usm,cpu,kalman,4096,iso,478,223500,337100
P3,sycl,dpcpp-ocl-jitprecise-usm,cpu,kalman,4096,iso,479,226300,330400
P3,sycl,dpcpp-ocl-jitprecise-usm,cpu,kalman,4096,iso,480,226000,327500
P3,sycl,dpcpp-ocl-jitprecise-usm,cpu,kalman,4096,iso,481,223900,326900
P3,sycl,dpcpp-ocl-jitprecise-usm,cpu,kalman,4096,iso,482,223200,469600
P3,sycl,dpcpp-ocl-jitprecise-usm,cpu,kalman,4096,iso,483,231500,329300
P3,sycl,dpcpp-ocl-jitprecise-usm,cpu,kalman,4096,iso,484,224900,327100
P3,sycl,dpcpp-ocl-jitprecise-usm,cpu,kalman,4096,iso,485,223700,329600
P3,sycl,dpcpp-ocl-jitprecise-usm,cpu,kalman,4096,iso,486,224600,353200
P3,sycl,dpcpp-ocl-jitprecise-usm,cpu,kalman,4096,iso,487,225900,329500
P3,sycl,dpcpp-ocl-jitprecise-usm,cpu,kalman,4096,iso,488,225000,329600
P3,sycl,dpcpp-ocl-jitprecise-usm,cpu,kalman,4096,iso,489,227100,329400
P3,sycl,dpcpp-ocl-jitprecise-usm,cpu,kalman,4096,iso,490,223900,327200
P3,sycl,dpcpp-ocl-jitprecise-usm,cpu,kalman,4096,iso,491,224500,327800
P3,sycl,dpcpp-ocl-jitprecise-usm,cpu,kalman,4096,iso,492,223400,329600
P3,sycl,dpcpp-ocl-jitprecise-usm,cpu,kalman,4096,iso,493,224100,327400
P3,sycl,dpcpp-ocl-jitprecise-usm,cpu,kalman,4096,iso,494,223500,327300
P3,sycl,dpcpp-ocl-jitprecise-usm,cpu,kalman,4096,iso,495,223200,326700
P3,sycl,dpcpp-ocl-jitprecise-usm,cpu,kalman,4096,iso,496,223400,328900
P3,sycl,dpcpp-ocl-jitprecise-usm,cpu,kalman,4096,iso,497,224200,327300
P3,sycl,dpcpp-ocl-jitprecise-usm,cpu,kalman,4096,iso,498,223800,327600
P3,sycl,dpcpp-ocl-jitprecise-usm,cpu,kalman,4096,iso,499,223800,327800
P3,sycl,dpcpp-ocl-jitprecise-usm,cpu,kalman,4096,iso,500,226500,474700
P3,sycl,dpcpp-ocl-jitprecise-usm,cpu,kalman,4096,iso,501,228000,330200
P3,sycl,dpcpp-ocl-jitprecise-usm,cpu,kalman,4096,iso,502,224600,444600
P3,sycl,dpcpp-ocl-jitprecise-usm,cpu,kalman,4096,iso,503,231900,330000
P3,sycl,dpcpp-ocl-jitprecise-usm,cpu,kalman,4096,iso,504,224200,328000
P3,sycl,dpcpp-ocl-jitprecise-usm,cpu,kalman,4096,iso,505,224400,327500
P3,sycl,dpcpp-ocl-jitprecise-usm,cpu,kalman,4096,iso,506,223000,329700
P3,sycl,dpcpp-ocl-jitprecise-usm,cpu,kalman,4096,iso,507,224100,328100
P3,sycl,dpcpp-ocl-jitprecise-usm,cpu,kalman,4096,iso,508,223700,326900
P3,sycl,dpcpp-ocl-jitprecise-usm,cpu,kalman,4096,iso,509,223200,327200
P3,sycl,dpcpp-ocl-jitprecise-usm,cpu,kalman,4096,iso,510,223300,330500
P3,sycl,dpcpp-ocl-jitprecise-usm,cpu,kalman,4096,iso,511,223600,326500
P3,sycl,dpcpp-ocl-jitprecise-usm,cpu,kalman,4096,iso,512,225000,330000
P3,sycl,dpcpp-ocl-jitprecise-usm,cpu,kalman,4096,iso,513,225200,340600
P3,sycl,dpcpp-ocl-jitprecise-usm,cpu,kalman,4096,iso,514,227900,329800
P3,sycl,dpcpp-ocl-jitprecise-usm,cpu,kalman,4096,iso,515,225500,329500
P3,sycl,dpcpp-ocl-jitprecise-usm,cpu,kalman,4096,iso,516,224400,327900
P3,sycl,dpcpp-ocl-jitprecise-usm,cpu,kalman,4096,iso,517,224700,331300
P3,sycl,dpcpp-ocl-jitprecise-usm,cpu,kalman,4096,iso,518,374100,342600
P3,sycl,dpcpp-ocl-jitprecise-usm,cpu,kalman,4096,iso,519,224700,328400
P3,sycl,dpcpp-ocl-jitprecise-usm,cpu,kalman,4096,iso,520,224700,329900
P3,sycl,dpcpp-ocl-jitprecise-usm,cpu,kalman,4096,iso,521,226700,329700
P3,sycl,dpcpp-ocl-jitprecise-usm,cpu,kalman,4096,iso,522,224900,327900
P3,sycl,dpcpp-ocl-jitprecise-usm,cpu,kalman,4096,iso,523,224000,327400
P3,sycl,dpcpp-ocl-jitprecise-usm,cpu,kalman,4096,iso,524,223600,337700
P3,sycl,dpcpp-ocl-jitprecise-usm,cpu,kalman,4096,iso,525,223800,328200
P3,sycl,dpcpp-ocl-jitprecise-usm,cpu,kalman,4096,iso,526,223500,327400
P3,sycl,dpcpp-ocl-jitprecise-usm,cpu,kalman,4096,iso,527,223400,327000
P3,sycl,dpcpp-ocl-jitprecise-usm,cpu,kalman,4096,iso,528,227000,327400
P3,sycl,dpcpp-ocl-jitprecise-usm,cpu,kalman,4096,iso,529,223000,327500
P3,sycl,dpcpp-ocl-jitprecise-usm,cpu,kalman,4096,iso,530,223600,327400
P3,sycl,dpcpp-ocl-jitprecise-usm,cpu,kalman,4096,iso,531,224300,329600
P3,sycl,dpcpp-ocl-jitprecise-usm,cpu,kalman,4096,iso,532,224800,327800
P3,sycl,dpcpp-ocl-jitprecise-usm,cpu,kalman,4096,iso,533,223700,328200
P3,sycl,dpcpp-ocl-jitprecise-usm,cpu,kalman,4096,iso,534,224300,327900
P3,sycl,dpcpp-ocl-jitprecise-usm,cpu,kalman,4096,iso,535,224500,331500
P3,sycl,dpcpp-ocl-jitprecise-usm,cpu,kalman,4096,iso,536,363600,338200
P3,sycl,dpcpp-ocl-jitprecise-usm,cpu,kalman,4096,iso,537,225200,329300
P3,sycl,dpcpp-ocl-jitprecise-usm,cpu,kalman,4096,iso,538,225100,331100
P3,sycl,dpcpp-ocl-jitprecise-usm,cpu,kalman,4096,iso,539,225100,328800
P3,sycl,dpcpp-ocl-jitprecise-usm,cpu,kalman,4096,iso,540,225700,342100
P3,sycl,dpcpp-ocl-jitprecise-usm,cpu,kalman,4096,iso,541,225500,328500
P3,sycl,dpcpp-ocl-jitprecise-usm,cpu,kalman,4096,iso,542,224400,330100
P3,sycl,dpcpp-ocl-jitprecise-usm,cpu,kalman,4096,iso,543,224100,327900
P3,sycl,dpcpp-ocl-jitprecise-usm,cpu,kalman,4096,iso,544,224300,327300
P3,sycl,dpcpp-ocl-jitprecise-usm,cpu,kalman,4096,iso,545,224500,327900
P3,sycl,dpcpp-ocl-jitprecise-usm,cpu,kalman,4096,iso,546,225700,328300
P3,sycl,dpcpp-ocl-jitprecise-usm,cpu,kalman,4096,iso,547,223800,327100
P3,sycl,dpcpp-ocl-jitprecise-usm,cpu,kalman,4096,iso,548,233200,327000
P3,sycl,dpcpp-ocl-jitprecise-usm,cpu,kalman,4096,iso,549,223300,329800
P3,sycl,dpcpp-ocl-jitprecise-usm,cpu,kalman,4096,iso,550,223500,328200
P3,sycl,dpcpp-ocl-jitprecise-usm,cpu,kalman,4096,iso,551,224100,328900
P3,sycl,dpcpp-ocl-jitprecise-usm,cpu,kalman,4096,iso,552,224400,329100
P3,sycl,dpcpp-ocl-jitprecise-usm,cpu,kalman,4096,iso,553,227000,478600
P3,sycl,dpcpp-ocl-jitprecise-usm,cpu,kalman,4096,iso,554,229500,330400
P3,sycl,dpcpp-ocl-jitprecise-usm,cpu,kalman,4096,iso,555,224800,443300
P3,sycl,dpcpp-ocl-jitprecise-usm,cpu,kalman,4096,iso,556,229700,331700
P3,sycl,dpcpp-ocl-jitprecise-usm,cpu,kalman,4096,iso,557,225000,326500
P3,sycl,dpcpp-ocl-jitprecise-usm,cpu,kalman,4096,iso,558,223900,327400
P3,sycl,dpcpp-ocl-jitprecise-usm,cpu,kalman,4096,iso,559,223100,327600
P3,sycl,dpcpp-ocl-jitprecise-usm,cpu,kalman,4096,iso,560,224600,326900
P3,sycl,dpcpp-ocl-jitprecise-usm,cpu,kalman,4096,iso,561,223400,326800
P3,sycl,dpcpp-ocl-jitprecise-usm,cpu,kalman,4096,iso,562,222900,327000
P3,sycl,dpcpp-ocl-jitprecise-usm,cpu,kalman,4096,iso,563,223700,328700
P3,sycl,dpcpp-ocl-jitprecise-usm,cpu,kalman,4096,iso,564,224300,328700
P3,sycl,dpcpp-ocl-jitprecise-usm,cpu,kalman,4096,iso,565,223900,329600
P3,sycl,dpcpp-ocl-jitprecise-usm,cpu,kalman,4096,iso,566,223300,327900
P3,sycl,dpcpp-ocl-jitprecise-usm,cpu,kalman,4096,iso,567,225900,326800
P3,sycl,dpcpp-ocl-jitprecise-usm,cpu,kalman,4096,iso,568,223300,327200
P3,sycl,dpcpp-ocl-jitprecise-usm,cpu,kalman,4096,iso,569,223700,326900
P3,sycl,dpcpp-ocl-jitprecise-usm,cpu,kalman,4096,iso,570,224300,329400
P3,sycl,dpcpp-ocl-jitprecise-usm,cpu,kalman,4096,iso,571,224300,491400
P3,sycl,dpcpp-ocl-jitprecise-usm,cpu,kalman,4096,iso,572,223900,328300
P3,sycl,dpcpp-ocl-jitprecise-usm,cpu,kalman,4096,iso,573,223500,327000
P3,sycl,dpcpp-ocl-jitprecise-usm,cpu,kalman,4096,iso,574,226000,327500
P3,sycl,dpcpp-ocl-jitprecise-usm,cpu,kalman,4096,iso,575,224000,327500
P3,sycl,dpcpp-ocl-jitprecise-usm,cpu,kalman,4096,iso,576,223500,326800
P3,sycl,dpcpp-ocl-jitprecise-usm,cpu,kalman,4096,iso,577,223800,328900
P3,sycl,dpcpp-ocl-jitprecise-usm,cpu,kalman,4096,iso,578,224500,327900
P3,sycl,dpcpp-ocl-jitprecise-usm,cpu,kalman,4096,iso,579,222900,327900
P3,sycl,dpcpp-ocl-jitprecise-usm,cpu,kalman,4096,iso,580,223100,327900
P3,sycl,dpcpp-ocl-jitprecise-usm,cpu,kalman,4096,iso,581,223400,337700
P3,sycl,dpcpp-ocl-jitprecise-usm,cpu,kalman,4096,iso,582,223900,328300
P3,sycl,dpcpp-ocl-jitprecise-usm,cpu,kalman,4096,iso,583,223600,327500
P3,sycl,dpcpp-ocl-jitprecise-usm,cpu,kalman,4096,iso,584,223600,328300
P3,sycl,dpcpp-ocl-jitprecise-usm,cpu,kalman,4096,iso,585,226300,329600
P3,sycl,dpcpp-ocl-jitprecise-usm,cpu,kalman,4096,iso,586,224500,329400
P3,sycl,dpcpp-ocl-jitprecise-usm,cpu,kalman,4096,iso,587,225200,328800
P3,sycl,dpcpp-ocl-jitprecise-usm,cpu,kalman,4096,iso,588,225200,331500
P3,sycl,dpcpp-ocl-jitprecise-usm,cpu,kalman,4096,iso,589,362800,338200
P3,sycl,dpcpp-ocl-jitprecise-usm,cpu,kalman,4096,iso,590,224100,328000
P3,sycl,dpcpp-ocl-jitprecise-usm,cpu,kalman,4096,iso,591,224400,327600
P3,sycl,dpcpp-ocl-jitprecise-usm,cpu,kalman,4096,iso,592,224800,341300
P3,sycl,dpcpp-ocl-jitprecise-usm,cpu,kalman,4096,iso,593,224200,327300
P3,sycl,dpcpp-ocl-jitprecise-usm,cpu,kalman,4096,iso,594,223500,328000
P3,sycl,dpcpp-ocl-jitprecise-usm,cpu,kalman,4096,iso,595,223300,329800
P3,sycl,dpcpp-ocl-jitprecise-usm,cpu,kalman,4096,iso,596,223500,327400
P3,sycl,dpcpp-ocl-jitprecise-usm,cpu,kalman,4096,iso,597,224800,327300
P3,sycl,dpcpp-ocl-jitprecise-usm,cpu,kalman,4096,iso,598,224200,327300
P3,sycl,dpcpp-ocl-jitprecise-usm,cpu,kalman,4096,iso,599,225900,328300
P3,sycl,dpcpp-ocl-jitprecise-usm,cpu,kalman,4096,iso,600,222500,327700
P3,sycl,dpcpp-ocl-jitprecise-usm,cpu,kalman,4096,iso,601,224800,329700
P3,sycl,dpcpp-ocl-jitprecise-usm,cpu,kalman,4096,iso,602,224800,329400
P3,sycl,dpcpp-ocl-jitprecise-usm,cpu,kalman,4096,iso,603,230300,333000
P3,sycl,dpcpp-ocl-jitprecise-usm,cpu,kalman,4096,iso,604,224800,326800
P3,sycl,dpcpp-ocl-jitprecise-usm,cpu,kalman,4096,iso,605,224400,327300
P3,sycl,dpcpp-ocl-jitprecise-usm,cpu,kalman,4096,iso,606,225600,464800
P3,sycl,dpcpp-ocl-jitprecise-usm,cpu,kalman,4096,iso,607,234400,329400
P3,sycl,dpcpp-ocl-jitprecise-usm,cpu,kalman,4096,iso,608,224500,327200
P3,sycl,dpcpp-ocl-jitprecise-usm,cpu,kalman,4096,iso,609,224100,331800
P3,sycl,dpcpp-ocl-jitprecise-usm,cpu,kalman,4096,iso,610,223200,327600
P3,sycl,dpcpp-ocl-jitprecise-usm,cpu,kalman,4096,iso,611,223600,328300
P3,sycl,dpcpp-ocl-jitprecise-usm,cpu,kalman,4096,iso,612,223900,327200
P3,sycl,dpcpp-ocl-jitprecise-usm,cpu,kalman,4096,iso,613,225400,327900
P3,sycl,dpcpp-ocl-jitprecise-usm,cpu,kalman,4096,iso,614,223800,328100
P3,sycl,dpcpp-ocl-jitprecise-usm,cpu,kalman,4096,iso,615,223800,327000
P3,sycl,dpcpp-ocl-jitprecise-usm,cpu,kalman,4096,iso,616,223600,329600
P3,sycl,dpcpp-ocl-jitprecise-usm,cpu,kalman,4096,iso,617,223800,327600
P3,sycl,dpcpp-ocl-jitprecise-usm,cpu,kalman,4096,iso,618,224100,328400
P3,sycl,dpcpp-ocl-jitprecise-usm,cpu,kalman,4096,iso,619,223500,340700
P3,sycl,dpcpp-ocl-jitprecise-usm,cpu,kalman,4096,iso,620,226300,328100
P3,sycl,dpcpp-ocl-jitprecise-usm,cpu,kalman,4096,iso,621,223900,328200
P3,sycl,dpcpp-ocl-jitprecise-usm,cpu,kalman,4096,iso,622,223300,327500
P3,sycl,dpcpp-ocl-jitprecise-usm,cpu,kalman,4096,iso,623,223600,330000
P3,sycl,dpcpp-ocl-jitprecise-usm,cpu,kalman,4096,iso,624,224300,469500
P3,sycl,dpcpp-ocl-jitprecise-usm,cpu,kalman,4096,iso,625,227000,328200
P3,sycl,dpcpp-ocl-jitprecise-usm,cpu,kalman,4096,iso,626,223300,441000
P3,sycl,dpcpp-ocl-jitprecise-usm,cpu,kalman,4096,iso,627,230000,329600
P3,sycl,dpcpp-ocl-jitprecise-usm,cpu,kalman,4096,iso,628,224000,333500
P3,sycl,dpcpp-ocl-jitprecise-usm,cpu,kalman,4096,iso,629,223900,328100
P3,sycl,dpcpp-ocl-jitprecise-usm,cpu,kalman,4096,iso,630,224000,330200
P3,sycl,dpcpp-ocl-jitprecise-usm,cpu,kalman,4096,iso,631,223600,328200
P3,sycl,dpcpp-ocl-jitprecise-usm,cpu,kalman,4096,iso,632,223900,328500
P3,sycl,dpcpp-ocl-jitprecise-usm,cpu,kalman,4096,iso,633,223700,327600
P3,sycl,dpcpp-ocl-jitprecise-usm,cpu,kalman,4096,iso,634,243300,329500
P3,sycl,dpcpp-ocl-jitprecise-usm,cpu,kalman,4096,iso,635,224100,328800
P3,sycl,dpcpp-ocl-jitprecise-usm,cpu,kalman,4096,iso,636,223700,326900
P3,sycl,dpcpp-ocl-jitprecise-usm,cpu,kalman,4096,iso,637,224200,330300
P3,sycl,dpcpp-ocl-jitprecise-usm,cpu,kalman,4096,iso,638,224000,327800
P3,sycl,dpcpp-ocl-jitprecise-usm,cpu,kalman,4096,iso,639,223800,327200
P3,sycl,dpcpp-ocl-jitprecise-usm,cpu,kalman,4096,iso,640,224400,327400
P3,sycl,dpcpp-ocl-jitprecise-usm,cpu,kalman,4096,iso,641,232700,331000
P3,sycl,dpcpp-ocl-jitprecise-usm,cpu,kalman,4096,iso,642,376400,339200
P3,sycl,dpcpp-ocl-jitprecise-usm,cpu,kalman,4096,iso,643,225000,329100
P3,sycl,dpcpp-ocl-jitprecise-usm,cpu,kalman,4096,iso,644,227100,329500
P3,sycl,dpcpp-ocl-jitprecise-usm,cpu,kalman,4096,iso,645,223700,326900
P3,sycl,dpcpp-ocl-jitprecise-usm,cpu,kalman,4096,iso,646,236100,329500
P3,sycl,dpcpp-ocl-jitprecise-usm,cpu,kalman,4096,iso,647,223700,327200
P3,sycl,dpcpp-ocl-jitprecise-usm,cpu,kalman,4096,iso,648,226700,328200
P3,sycl,dpcpp-ocl-jitprecise-usm,cpu,kalman,4096,iso,649,223600,327600
P3,sycl,dpcpp-ocl-jitprecise-usm,cpu,kalman,4096,iso,650,224300,329100
P3,sycl,dpcpp-ocl-jitprecise-usm,cpu,kalman,4096,iso,651,224600,330500
P3,sycl,dpcpp-ocl-jitprecise-usm,cpu,kalman,4096,iso,652,225200,329400
P3,sycl,dpcpp-ocl-jitprecise-usm,cpu,kalman,4096,iso,653,224800,328500
P3,sycl,dpcpp-ocl-jitprecise-usm,cpu,kalman,4096,iso,654,224300,327400
P3,sycl,dpcpp-ocl-jitprecise-usm,cpu,kalman,4096,iso,655,226100,328600
P3,sycl,dpcpp-ocl-jitprecise-usm,cpu,kalman,4096,iso,656,223400,327300
P3,sycl,dpcpp-ocl-jitprecise-usm,cpu,kalman,4096,iso,657,225600,329400
P3,sycl,dpcpp-ocl-jitprecise-usm,cpu,kalman,4096,iso,658,224300,331400
P3,sycl,dpcpp-ocl-jitprecise-usm,cpu,kalman,4096,iso,659,225200,329600
P3,sycl,dpcpp-ocl-jitprecise-usm,cpu,kalman,4096,iso,660,362400,339100
P3,sycl,dpcpp-ocl-jitprecise-usm,cpu,kalman,4096,iso,661,224500,328900
P3,sycl,dpcpp-ocl-jitprecise-usm,cpu,kalman,4096,iso,662,226500,329000
P3,sycl,dpcpp-ocl-jitprecise-usm,cpu,kalman,4096,iso,663,225100,328400
P3,sycl,dpcpp-ocl-jitprecise-usm,cpu,kalman,4096,iso,664,225000,328000
P3,sycl,dpcpp-ocl-jitprecise-usm,cpu,kalman,4096,iso,665,223500,329700
P3,sycl,dpcpp-ocl-jitprecise-usm,cpu,kalman,4096,iso,666,223700,328400
P3,sycl,dpcpp-ocl-jitprecise-usm,cpu,kalman,4096,iso,667,225300,328300
P3,sycl,dpcpp-ocl-jitprecise-usm,cpu,kalman,4096,iso,668,223900,327300
P3,sycl,dpcpp-ocl-jitprecise-usm,cpu,kalman,4096,iso,669,224000,329300
P3,sycl,dpcpp-ocl-jitprecise-usm,cpu,kalman,4096,iso,670,223300,327600
P3,sycl,dpcpp-ocl-jitprecise-usm,cpu,kalman,4096,iso,671,223600,327500
P3,sycl,dpcpp-ocl-jitprecise-usm,cpu,kalman,4096,iso,672,223600,327300
P3,sycl,dpcpp-ocl-jitprecise-usm,cpu,kalman,4096,iso,673,236400,329900
P3,sycl,dpcpp-ocl-jitprecise-usm,cpu,kalman,4096,iso,674,224100,327100
P3,sycl,dpcpp-ocl-jitprecise-usm,cpu,kalman,4096,iso,675,223300,328400
P3,sycl,dpcpp-ocl-jitprecise-usm,cpu,kalman,4096,iso,676,224300,329000
P3,sycl,dpcpp-ocl-jitprecise-usm,cpu,kalman,4096,iso,677,223900,470500
P3,sycl,dpcpp-ocl-jitprecise-usm,cpu,kalman,4096,iso,678,228800,329300
P3,sycl,dpcpp-ocl-jitprecise-usm,cpu,kalman,4096,iso,679,224800,441400
P3,sycl,dpcpp-ocl-jitprecise-usm,cpu,kalman,4096,iso,680,231400,332100
P3,sycl,dpcpp-ocl-jitprecise-usm,cpu,kalman,4096,iso,681,224000,328000
P3,sycl,dpcpp-ocl-jitprecise-usm,cpu,kalman,4096,iso,682,224400,327200
P3,sycl,dpcpp-ocl-jitprecise-usm,cpu,kalman,4096,iso,683,223000,331300
P3,sycl,dpcpp-ocl-jitprecise-usm,cpu,kalman,4096,iso,684,224000,328000
P3,sycl,dpcpp-ocl-jitprecise-usm,cpu,kalman,4096,iso,685,224100,390200
P3,sycl,dpcpp-ocl-jitprecise-usm,cpu,kalman,4096,iso,686,247200,330900
P3,sycl,dpcpp-ocl-jitprecise-usm,cpu,kalman,4096,iso,687,224600,340200
P3,sycl,dpcpp-ocl-jitprecise-usm,cpu,kalman,4096,iso,688,225000,327600
P3,sycl,dpcpp-ocl-jitprecise-usm,cpu,kalman,4096,iso,689,224500,327700
P3,sycl,dpcpp-ocl-jitprecise-usm,cpu,kalman,4096,iso,690,224200,330400
P3,sycl,dpcpp-ocl-jitprecise-usm,cpu,kalman,4096,iso,691,223200,327700
P3,sycl,dpcpp-ocl-jitprecise-usm,cpu,kalman,4096,iso,692,223900,327700
P3,sycl,dpcpp-ocl-jitprecise-usm,cpu,kalman,4096,iso,693,223000,327600
P3,sycl,dpcpp-ocl-jitprecise-usm,cpu,kalman,4096,iso,694,226000,327600
P3,sycl,dpcpp-ocl-jitprecise-usm,cpu,kalman,4096,iso,695,371600,340800
P3,sycl,dpcpp-ocl-jitprecise-usm,cpu,kalman,4096,iso,696,223700,327900
P3,sycl,dpcpp-ocl-jitprecise-usm,cpu,kalman,4096,iso,697,223700,330700
P3,sycl,dpcpp-ocl-jitprecise-usm,cpu,kalman,4096,iso,698,224300,327500
P3,sycl,dpcpp-ocl-jitprecise-usm,cpu,kalman,4096,iso,699,224000,341000
P3,sycl,dpcpp-ocl-jitprecise-usm,cpu,kalman,4096,iso,700,224700,327900
P3,sycl,dpcpp-ocl-jitprecise-usm,cpu,kalman,4096,iso,701,233500,331300
P3,sycl,dpcpp-ocl-jitprecise-usm,cpu,kalman,4096,iso,702,225100,329100
P3,sycl,dpcpp-ocl-jitprecise-usm,cpu,kalman,4096,iso,703,224600,334600
P3,sycl,dpcpp-ocl-jitprecise-usm,cpu,kalman,4096,iso,704,225300,331200
P3,sycl,dpcpp-ocl-jitprecise-usm,cpu,kalman,4096,iso,705,224100,328600
P3,sycl,dpcpp-ocl-jitprecise-usm,cpu,kalman,4096,iso,706,223700,327100
P3,sycl,dpcpp-ocl-jitprecise-usm,cpu,kalman,4096,iso,707,224000,326800
P3,sycl,dpcpp-ocl-jitprecise-usm,cpu,kalman,4096,iso,708,225700,328500
P3,sycl,dpcpp-ocl-jitprecise-usm,cpu,kalman,4096,iso,709,223400,327500
P3,sycl,dpcpp-ocl-jitprecise-usm,cpu,kalman,4096,iso,710,223700,327100
P3,sycl,dpcpp-ocl-jitprecise-usm,cpu,kalman,4096,iso,711,224400,331100
P3,sycl,dpcpp-ocl-jitprecise-usm,cpu,kalman,4096,iso,712,225400,330700
P3,sycl,dpcpp-ocl-jitprecise-usm,cpu,kalman,4096,iso,713,362100,336400
P3,sycl,dpcpp-ocl-jitprecise-usm,cpu,kalman,4096,iso,714,223500,327500
P3,sycl,dpcpp-ocl-jitprecise-usm,cpu,kalman,4096,iso,715,226200,329100
P3,sycl,dpcpp-ocl-jitprecise-usm,cpu,kalman,4096,iso,716,223500,327000
P3,sycl,dpcpp-ocl-jitprecise-usm,cpu,kalman,4096,iso,717,223900,327100
P3,sycl,dpcpp-ocl-jitprecise-usm,cpu,kalman,4096,iso,718,223300,329700
P3,sycl,dpcpp-ocl-jitprecise-usm,cpu,kalman,4096,iso,719,223700,327300
P3,sycl,dpcpp-ocl-jitprecise-usm,cpu,kalman,4096,iso,720,223000,326600
P3,sycl,dpcpp-ocl-jitprecise-usm,cpu,kalman,4096,iso,721,223700,328100
P3,sycl,dpcpp-ocl-jitprecise-usm,cpu,kalman,4096,iso,722,223400,329900
P3,sycl,dpcpp-ocl-jitprecise-usm,cpu,kalman,4096,iso,723,223200,327200
P3,sycl,dpcpp-ocl-jitprecise-usm,cpu,kalman,4096,iso,724,223400,326700
P3,sycl,dpcpp-ocl-jitprecise-usm,cpu,kalman,4096,iso,725,223300,327000
P3,sycl,dpcpp-ocl-jitprecise-usm,cpu,kalman,4096,iso,726,224900,340600
P3,sycl,dpcpp-ocl-jitprecise-usm,cpu,kalman,4096,iso,727,224500,327200
P3,sycl,dpcpp-ocl-jitprecise-usm,cpu,kalman,4096,iso,728,224600,327500
P3,sycl,dpcpp-ocl-jitprecise-usm,cpu,kalman,4096,iso,729,223500,328100
P3,sycl,dpcpp-ocl-jitprecise-usm,cpu,kalman,4096,iso,730,223400,470500
P3,sycl,dpcpp-ocl-jitprecise-usm,cpu,kalman,4096,iso,731,226600,330000
P3,sycl,dpcpp-ocl-jitprecise-usm,cpu,kalman,4096,iso,732,224500,444500
P3,sycl,dpcpp-ocl-jitprecise-usm,cpu,kalman,4096,iso,733,228900,330200
P3,sycl,dpcpp-ocl-jitprecise-usm,cpu,kalman,4096,iso,734,224100,329200
P3,sycl,dpcpp-ocl-jitprecise-usm,cpu,kalman,4096,iso,735,224400,328900
P3,sycl,dpcpp-ocl-jitprecise-usm,cpu,kalman,4096,iso,736,223800,330700
P3,sycl,dpcpp-ocl-jitprecise-usm,cpu,kalman,4096,iso,737,223100,327600
P3,sycl,dpcpp-ocl-jitprecise-usm,cpu,kalman,4096,iso,738,223500,326400
P3,sycl,dpcpp-ocl-jitprecise-usm,cpu,kalman,4096,iso,739,223700,327600
P3,sycl,dpcpp-ocl-jitprecise-usm,cpu,kalman,4096,iso,740,224900,328500
P3,sycl,dpcpp-ocl-jitprecise-usm,cpu,kalman,4096,iso,741,223700,327900
P3,sycl,dpcpp-ocl-jitprecise-usm,cpu,kalman,4096,iso,742,224300,329000
P3,sycl,dpcpp-ocl-jitprecise-usm,cpu,kalman,4096,iso,743,224800,330400
P3,sycl,dpcpp-ocl-jitprecise-usm,cpu,kalman,4096,iso,744,223300,327200
P3,sycl,dpcpp-ocl-jitprecise-usm,cpu,kalman,4096,iso,745,223400,327100
P3,sycl,dpcpp-ocl-jitprecise-usm,cpu,kalman,4096,iso,746,223400,327900
P3,sycl,dpcpp-ocl-jitprecise-usm,cpu,kalman,4096,iso,747,225200,327300
P3,sycl,dpcpp-ocl-jitprecise-usm,cpu,kalman,4096,iso,748,223200,483500
P3,sycl,dpcpp-ocl-jitprecise-usm,cpu,kalman,4096,iso,749,227200,328200
P3,sycl,dpcpp-ocl-jitprecise-usm,cpu,kalman,4096,iso,750,223000,329000
P3,sycl,dpcpp-ocl-jitprecise-usm,cpu,kalman,4096,iso,751,223400,341000
P3,sycl,dpcpp-ocl-jitprecise-usm,cpu,kalman,4096,iso,752,223900,327500
P3,sycl,dpcpp-ocl-jitprecise-usm,cpu,kalman,4096,iso,753,223400,326300
P3,sycl,dpcpp-ocl-jitprecise-usm,cpu,kalman,4096,iso,754,225300,327700
P3,sycl,dpcpp-ocl-jitprecise-usm,cpu,kalman,4096,iso,755,223500,327100
P3,sycl,dpcpp-ocl-jitprecise-usm,cpu,kalman,4096,iso,756,223500,327500
P3,sycl,dpcpp-ocl-jitprecise-usm,cpu,kalman,4096,iso,757,224200,326900
P3,sycl,dpcpp-ocl-jitprecise-usm,cpu,kalman,4096,iso,758,225500,327600
P3,sycl,dpcpp-ocl-jitprecise-usm,cpu,kalman,4096,iso,759,224300,327500
P3,sycl,dpcpp-ocl-jitprecise-usm,cpu,kalman,4096,iso,760,224000,328100
P3,sycl,dpcpp-ocl-jitprecise-usm,cpu,kalman,4096,iso,761,223600,329000
P3,sycl,dpcpp-ocl-jitprecise-usm,cpu,kalman,4096,iso,762,224600,327900
P3,sycl,dpcpp-ocl-jitprecise-usm,cpu,kalman,4096,iso,763,223500,327700
P3,sycl,dpcpp-ocl-jitprecise-usm,cpu,kalman,4096,iso,764,223500,328400
P3,sycl,dpcpp-ocl-jitprecise-usm,cpu,kalman,4096,iso,765,225400,328200
P3,sycl,dpcpp-ocl-jitprecise-usm,cpu,kalman,4096,iso,766,360300,338900
P3,sycl,dpcpp-ocl-jitprecise-usm,cpu,kalman,4096,iso,767,223400,332800
P3,sycl,dpcpp-ocl-jitprecise-usm,cpu,kalman,4096,iso,768,223700,329100
P3,sycl,dpcpp-ocl-jitprecise-usm,cpu,kalman,4096,iso,769,223700,327700
P3,sycl,dpcpp-ocl-jitprecise-usm,cpu,kalman,4096,iso,770,223300,327000
P3,sycl,dpcpp-ocl-jitprecise-usm,cpu,kalman,4096,iso,771,223400,327200
P3,sycl,dpcpp-ocl-jitprecise-usm,cpu,kalman,4096,iso,772,225100,327900
P3,sycl,dpcpp-ocl-jitprecise-usm,cpu,kalman,4096,iso,773,223300,327900
P3,sycl,dpcpp-ocl-jitprecise-usm,cpu,kalman,4096,iso,774,223400,327500
P3,sycl,dpcpp-ocl-jitprecise-usm,cpu,kalman,4096,iso,775,223900,329400
P3,sycl,dpcpp-ocl-jitprecise-usm,cpu,kalman,4096,iso,776,223700,328400
P3,sycl,dpcpp-ocl-jitprecise-usm,cpu,kalman,4096,iso,777,223600,327700
P3,sycl,dpcpp-ocl-jitprecise-usm,cpu,kalman,4096,iso,778,224000,356600
P3,sycl,dpcpp-ocl-jitprecise-usm,cpu,kalman,4096,iso,779,226000,329100
P3,sycl,dpcpp-ocl-jitprecise-usm,cpu,kalman,4096,iso,780,224300,328500
P3,sycl,dpcpp-ocl-jitprecise-usm,cpu,kalman,4096,iso,781,224500,328300
P3,sycl,dpcpp-ocl-jitprecise-usm,cpu,kalman,4096,iso,782,224300,331200
P3,sycl,dpcpp-ocl-jitprecise-usm,cpu,kalman,4096,iso,783,224800,327900
P3,sycl,dpcpp-ocl-jitprecise-usm,cpu,kalman,4096,iso,784,362200,335900
P3,sycl,dpcpp-ocl-jitprecise-usm,cpu,kalman,4096,iso,785,223800,329900
P3,sycl,dpcpp-ocl-jitprecise-usm,cpu,kalman,4096,iso,786,223400,328100
P3,sycl,dpcpp-ocl-jitprecise-usm,cpu,kalman,4096,iso,787,223600,327100
P3,sycl,dpcpp-ocl-jitprecise-usm,cpu,kalman,4096,iso,788,223000,326400
P3,sycl,dpcpp-ocl-jitprecise-usm,cpu,kalman,4096,iso,789,223700,329800
P3,sycl,dpcpp-ocl-jitprecise-usm,cpu,kalman,4096,iso,790,223300,328200
P3,sycl,dpcpp-ocl-jitprecise-usm,cpu,kalman,4096,iso,791,223400,328300
P3,sycl,dpcpp-ocl-jitprecise-usm,cpu,kalman,4096,iso,792,222900,327700
P3,sycl,dpcpp-ocl-jitprecise-usm,cpu,kalman,4096,iso,793,225300,328300
P3,sycl,dpcpp-ocl-jitprecise-usm,cpu,kalman,4096,iso,794,223000,327200
P3,sycl,dpcpp-ocl-jitprecise-usm,cpu,kalman,4096,iso,795,224200,328500
P3,sycl,dpcpp-ocl-jitprecise-usm,cpu,kalman,4096,iso,796,223700,329600
P3,sycl,dpcpp-ocl-jitprecise-usm,cpu,kalman,4096,iso,797,223500,327100
P3,sycl,dpcpp-ocl-jitprecise-usm,cpu,kalman,4096,iso,798,223500,327100
P3,sycl,dpcpp-ocl-jitprecise-usm,cpu,kalman,4096,iso,799,223500,327800
P3,sycl,dpcpp-ocl-jitprecise-usm,cpu,kalman,4096,iso,800,226000,327900
P3,sycl,dpcpp-ocl-jitprecise-usm,cpu,kalman,4096,iso,801,224200,463300
P3,sycl,dpcpp-ocl-jitprecise-usm,cpu,kalman,4096,iso,802,234300,330400
P3,sycl,dpcpp-ocl-jitprecise-usm,cpu,kalman,4096,iso,803,223400,445700
P3,sycl,dpcpp-ocl-jitprecise-usm,cpu,kalman,4096,iso,804,228800,328300
P3,sycl,dpcpp-ocl-jitprecise-usm,cpu,kalman,4096,iso,805,234900,328600
P3,sycl,dpcpp-ocl-jitprecise-usm,cpu,kalman,4096,iso,806,223500,328300
P3,sycl,dpcpp-ocl-jitprecise-usm,cpu,kalman,4096,iso,807,225600,327800
P3,sycl,dpcpp-ocl-jitprecise-usm,cpu,kalman,4096,iso,808,224000,327600
P3,sycl,dpcpp-ocl-jitprecise-usm,cpu,kalman,4096,iso,809,223000,327000
P3,sycl,dpcpp-ocl-jitprecise-usm,cpu,kalman,4096,iso,810,223800,329400
P3,sycl,dpcpp-ocl-jitprecise-usm,cpu,kalman,4096,iso,811,223500,327500
P3,sycl,dpcpp-ocl-jitprecise-usm,cpu,kalman,4096,iso,812,223100,326900
P3,sycl,dpcpp-ocl-jitprecise-usm,cpu,kalman,4096,iso,813,223800,329600
P3,sycl,dpcpp-ocl-jitprecise-usm,cpu,kalman,4096,iso,814,227100,329300
P3,sycl,dpcpp-ocl-jitprecise-usm,cpu,kalman,4096,iso,815,224500,328900
P3,sycl,dpcpp-ocl-jitprecise-usm,cpu,kalman,4096,iso,816,224500,328600
P3,sycl,dpcpp-ocl-jitprecise-usm,cpu,kalman,4096,iso,817,224000,337500
P3,sycl,dpcpp-ocl-jitprecise-usm,cpu,kalman,4096,iso,818,225300,329200
P3,sycl,dpcpp-ocl-jitprecise-usm,cpu,kalman,4096,iso,819,223600,480100
P3,sycl,dpcpp-ocl-jitprecise-usm,cpu,kalman,4096,iso,820,227900,328900
P3,sycl,dpcpp-ocl-jitprecise-usm,cpu,kalman,4096,iso,821,227300,330600
P3,sycl,dpcpp-ocl-jitprecise-usm,cpu,kalman,4096,iso,822,224700,330200
P3,sycl,dpcpp-ocl-jitprecise-usm,cpu,kalman,4096,iso,823,224600,415200
P3,sycl,dpcpp-ocl-jitprecise-usm,cpu,kalman,4096,iso,824,225500,331900
P3,sycl,dpcpp-ocl-jitprecise-usm,cpu,kalman,4096,iso,825,225100,327700
P3,sycl,dpcpp-ocl-jitprecise-usm,cpu,kalman,4096,iso,826,224400,328600
P3,sycl,dpcpp-ocl-jitprecise-usm,cpu,kalman,4096,iso,827,223500,326700
P3,sycl,dpcpp-ocl-jitprecise-usm,cpu,kalman,4096,iso,828,225100,329000
P3,sycl,dpcpp-ocl-jitprecise-usm,cpu,kalman,4096,iso,829,222800,327100
P3,sycl,dpcpp-ocl-jitprecise-usm,cpu,kalman,4096,iso,830,223400,327400
P3,sycl,dpcpp-ocl-jitprecise-usm,cpu,kalman,4096,iso,831,223400,326500
P3,sycl,dpcpp-ocl-jitprecise-usm,cpu,kalman,4096,iso,832,225000,341800
P3,sycl,dpcpp-ocl-jitprecise-usm,cpu,kalman,4096,iso,833,223800,326600
P3,sycl,dpcpp-ocl-jitprecise-usm,cpu,kalman,4096,iso,834,224200,327200
P3,sycl,dpcpp-ocl-jitprecise-usm,cpu,kalman,4096,iso,835,223700,329000
P3,sycl,dpcpp-ocl-jitprecise-usm,cpu,kalman,4096,iso,836,224200,327400
P3,sycl,dpcpp-ocl-jitprecise-usm,cpu,kalman,4096,iso,837,362100,337100
P3,sycl,dpcpp-ocl-jitprecise-usm,cpu,kalman,4096,iso,838,223600,328700
P3,sycl,dpcpp-ocl-jitprecise-usm,cpu,kalman,4096,iso,839,225000,328600
P3,sycl,dpcpp-ocl-jitprecise-usm,cpu,kalman,4096,iso,840,223700,327600
P3,sycl,dpcpp-ocl-jitprecise-usm,cpu,kalman,4096,iso,841,224000,327100
P3,sycl,dpcpp-ocl-jitprecise-usm,cpu,kalman,4096,iso,842,223700,329200
P3,sycl,dpcpp-ocl-jitprecise-usm,cpu,kalman,4096,iso,843,223300,328000
P3,sycl,dpcpp-ocl-jitprecise-usm,cpu,kalman,4096,iso,844,224000,327700
P3,sycl,dpcpp-ocl-jitprecise-usm,cpu,kalman,4096,iso,845,223900,327000
P3,sycl,dpcpp-ocl-jitprecise-usm,cpu,kalman,4096,iso,846,224700,327300
P3,sycl,dpcpp-ocl-jitprecise-usm,cpu,kalman,4096,iso,847,224100,329400
P3,sycl,dpcpp-ocl-jitprecise-usm,cpu,kalman,4096,iso,848,224400,327500
P3,sycl,dpcpp-ocl-jitprecise-usm,cpu,kalman,4096,iso,849,223400,329600
P3,sycl,dpcpp-ocl-jitprecise-usm,cpu,kalman,4096,iso,850,224300,328500
P3,sycl,dpcpp-ocl-jitprecise-usm,cpu,kalman,4096,iso,851,223700,326800
P3,sycl,dpcpp-ocl-jitprecise-usm,cpu,kalman,4096,iso,852,222400,327600
P3,sycl,dpcpp-ocl-jitprecise-usm,cpu,kalman,4096,iso,853,224100,334600
P3,sycl,dpcpp-ocl-jitprecise-usm,cpu,kalman,4096,iso,854,224900,465600
P3,sycl,dpcpp-ocl-jitprecise-usm,cpu,kalman,4096,iso,855,235300,375800
P3,sycl,dpcpp-ocl-jitprecise-usm,cpu,kalman,4096,iso,856,227200,452600
P3,sycl,dpcpp-ocl-jitprecise-usm,cpu,kalman,4096,iso,857,229300,328700
P3,sycl,dpcpp-ocl-jitprecise-usm,cpu,kalman,4096,iso,858,223500,339200
P3,sycl,dpcpp-ocl-jitprecise-usm,cpu,kalman,4096,iso,859,224200,326400
P3,sycl,dpcpp-ocl-jitprecise-usm,cpu,kalman,4096,iso,860,225000,328000
P3,sycl,dpcpp-ocl-jitprecise-usm,cpu,kalman,4096,iso,861,223700,328300
P3,sycl,dpcpp-ocl-jitprecise-usm,cpu,kalman,4096,iso,862,223300,327500
P3,sycl,dpcpp-ocl-jitprecise-usm,cpu,kalman,4096,iso,863,223700,329300
P3,sycl,dpcpp-ocl-jitprecise-usm,cpu,kalman,4096,iso,864,223800,328600
P3,sycl,dpcpp-ocl-jitprecise-usm,cpu,kalman,4096,iso,865,223700,328000
P3,sycl,dpcpp-ocl-jitprecise-usm,cpu,kalman,4096,iso,866,223700,330200
P3,sycl,dpcpp-ocl-jitprecise-usm,cpu,kalman,4096,iso,867,227300,329100
P3,sycl,dpcpp-ocl-jitprecise-usm,cpu,kalman,4096,iso,868,225100,329100
P3,sycl,dpcpp-ocl-jitprecise-usm,cpu,kalman,4096,iso,869,224600,328900
P3,sycl,dpcpp-ocl-jitprecise-usm,cpu,kalman,4096,iso,870,224800,330500
P3,sycl,dpcpp-ocl-jitprecise-usm,cpu,kalman,4096,iso,871,225700,329300
P3,sycl,dpcpp-ocl-jitprecise-usm,cpu,kalman,4096,iso,872,224800,487800
P3,sycl,dpcpp-ocl-jitprecise-usm,cpu,kalman,4096,iso,873,225200,329300
P3,sycl,dpcpp-ocl-jitprecise-usm,cpu,kalman,4096,iso,874,226600,331200
P3,sycl,dpcpp-ocl-jitprecise-usm,cpu,kalman,4096,iso,875,225100,327900
P3,sycl,dpcpp-ocl-jitprecise-usm,cpu,kalman,4096,iso,876,224400,327000
P3,sycl,dpcpp-ocl-jitprecise-usm,cpu,kalman,4096,iso,877,224100,335800
P3,sycl,dpcpp-ocl-jitprecise-usm,cpu,kalman,4096,iso,878,225300,327800
P3,sycl,dpcpp-ocl-jitprecise-usm,cpu,kalman,4096,iso,879,223700,327300
P3,sycl,dpcpp-ocl-jitprecise-usm,cpu,kalman,4096,iso,880,223700,327700
P3,sycl,dpcpp-ocl-jitprecise-usm,cpu,kalman,4096,iso,881,223800,331300
P3,sycl,dpcpp-ocl-jitprecise-usm,cpu,kalman,4096,iso,882,223800,327100
P3,sycl,dpcpp-ocl-jitprecise-usm,cpu,kalman,4096,iso,883,224200,327100
P3,sycl,dpcpp-ocl-jitprecise-usm,cpu,kalman,4096,iso,884,223800,327300
P3,sycl,dpcpp-ocl-jitprecise-usm,cpu,kalman,4096,iso,885,224900,338200
P3,sycl,dpcpp-ocl-jitprecise-usm,cpu,kalman,4096,iso,886,225300,327800
P3,sycl,dpcpp-ocl-jitprecise-usm,cpu,kalman,4096,iso,887,223700,328000
P3,sycl,dpcpp-ocl-jitprecise-usm,cpu,kalman,4096,iso,888,224700,331200
P3,sycl,dpcpp-ocl-jitprecise-usm,cpu,kalman,4096,iso,889,224800,327800
P3,sycl,dpcpp-ocl-jitprecise-usm,cpu,kalman,4096,iso,890,360000,339200
P3,sycl,dpcpp-ocl-jitprecise-usm,cpu,kalman,4096,iso,891,223900,327700
P3,sycl,dpcpp-ocl-jitprecise-usm,cpu,kalman,4096,iso,892,225500,328700
P3,sycl,dpcpp-ocl-jitprecise-usm,cpu,kalman,4096,iso,893,223400,327200
P3,sycl,dpcpp-ocl-jitprecise-usm,cpu,kalman,4096,iso,894,224100,327700
P3,sycl,dpcpp-ocl-jitprecise-usm,cpu,kalman,4096,iso,895,223700,328800
P3,sycl,dpcpp-ocl-jitprecise-usm,cpu,kalman,4096,iso,896,224800,327900
P3,sycl,dpcpp-ocl-jitprecise-usm,cpu,kalman,4096,iso,897,224200,327800
P3,sycl,dpcpp-ocl-jitprecise-usm,cpu,kalman,4096,iso,898,223200,326400
P3,sycl,dpcpp-ocl-jitprecise-usm,cpu,kalman,4096,iso,899,225800,327600
P3,sycl,dpcpp-ocl-jitprecise-usm,cpu,kalman,4096,iso,900,224400,327200
P3,sycl,dpcpp-ocl-jitprecise-usm,cpu,kalman,4096,iso,901,223800,327400
P3,sycl,dpcpp-ocl-jitprecise-usm,cpu,kalman,4096,iso,902,223700,329300
P3,sycl,dpcpp-ocl-jitprecise-usm,cpu,kalman,4096,iso,903,224100,327200
P3,sycl,dpcpp-ocl-jitprecise-usm,cpu,kalman,4096,iso,904,223600,327200
P3,sycl,dpcpp-ocl-jitprecise-usm,cpu,kalman,4096,iso,905,223200,327200
P3,sycl,dpcpp-ocl-jitprecise-usm,cpu,kalman,4096,iso,906,224000,329100
P3,sycl,dpcpp-ocl-jitprecise-usm,cpu,kalman,4096,iso,907,224000,326500
P3,sycl,dpcpp-ocl-jitprecise-usm,cpu,kalman,4096,iso,908,358900,336200
P3,sycl,dpcpp-ocl-jitprecise-usm,cpu,kalman,4096,iso,909,223100,329600
P3,sycl,dpcpp-ocl-jitprecise-usm,cpu,kalman,4096,iso,910,337000,338200
P3,sycl,dpcpp-ocl-jitprecise-usm,cpu,kalman,4096,iso,911,223800,328800
P3,sycl,dpcpp-ocl-jitprecise-usm,cpu,kalman,4096,iso,912,223900,340900
P3,sycl,dpcpp-ocl-jitprecise-usm,cpu,kalman,4096,iso,913,225800,327600
P3,sycl,dpcpp-ocl-jitprecise-usm,cpu,kalman,4096,iso,914,223100,327100
P3,sycl,dpcpp-ocl-jitprecise-usm,cpu,kalman,4096,iso,915,223400,327900
P3,sycl,dpcpp-ocl-jitprecise-usm,cpu,kalman,4096,iso,916,223600,329000
P3,sycl,dpcpp-ocl-jitprecise-usm,cpu,kalman,4096,iso,917,223300,327100
P3,sycl,dpcpp-ocl-jitprecise-usm,cpu,kalman,4096,iso,918,222700,327100
P3,sycl,dpcpp-ocl-jitprecise-usm,cpu,kalman,4096,iso,919,223000,327500
P3,sycl,dpcpp-ocl-jitprecise-usm,cpu,kalman,4096,iso,920,223500,330000
P3,sycl,dpcpp-ocl-jitprecise-usm,cpu,kalman,4096,iso,921,224400,329100
P3,sycl,dpcpp-ocl-jitprecise-usm,cpu,kalman,4096,iso,922,224600,328900
P3,sycl,dpcpp-ocl-jitprecise-usm,cpu,kalman,4096,iso,923,224700,329000
P3,sycl,dpcpp-ocl-jitprecise-usm,cpu,kalman,4096,iso,924,226800,329600
P3,sycl,dpcpp-ocl-jitprecise-usm,cpu,kalman,4096,iso,925,224800,483900
P3,sycl,dpcpp-ocl-jitprecise-usm,cpu,kalman,4096,iso,926,227400,328400
P3,sycl,dpcpp-ocl-jitprecise-usm,cpu,kalman,4096,iso,927,223500,329800
P3,sycl,dpcpp-ocl-jitprecise-usm,cpu,kalman,4096,iso,928,224400,332400
P3,sycl,dpcpp-ocl-jitprecise-usm,cpu,kalman,4096,iso,929,222800,327700
P3,sycl,dpcpp-ocl-jitprecise-usm,cpu,kalman,4096,iso,930,224000,326700
P3,sycl,dpcpp-ocl-jitprecise-usm,cpu,kalman,4096,iso,931,225000,328900
P3,sycl,dpcpp-ocl-jitprecise-usm,cpu,kalman,4096,iso,932,225300,329600
P3,sycl,dpcpp-ocl-jitprecise-usm,cpu,kalman,4096,iso,933,224300,329300
P3,sycl,dpcpp-ocl-jitprecise-usm,cpu,kalman,4096,iso,934,224800,340000
P3,sycl,dpcpp-ocl-jitprecise-usm,cpu,kalman,4096,iso,935,225300,329600
P3,sycl,dpcpp-ocl-jitprecise-usm,cpu,kalman,4096,iso,936,225000,328600
P3,sycl,dpcpp-ocl-jitprecise-usm,cpu,kalman,4096,iso,937,223900,339700
P3,sycl,dpcpp-ocl-jitprecise-usm,cpu,kalman,4096,iso,938,226500,328800
P3,sycl,dpcpp-ocl-jitprecise-usm,cpu,kalman,4096,iso,939,223200,327200
P3,sycl,dpcpp-ocl-jitprecise-usm,cpu,kalman,4096,iso,940,223900,327700
P3,sycl,dpcpp-ocl-jitprecise-usm,cpu,kalman,4096,iso,941,222800,328000
P3,sycl,dpcpp-ocl-jitprecise-usm,cpu,kalman,4096,iso,942,225800,328400
P3,sycl,dpcpp-ocl-jitprecise-usm,cpu,kalman,4096,iso,943,223400,475800
P3,sycl,dpcpp-ocl-jitprecise-usm,cpu,kalman,4096,iso,944,225100,329500
P3,sycl,dpcpp-ocl-jitprecise-usm,cpu,kalman,4096,iso,945,227200,331000
P3,sycl,dpcpp-ocl-jitprecise-usm,cpu,kalman,4096,iso,946,223800,329000
P3,sycl,dpcpp-ocl-jitprecise-usm,cpu,kalman,4096,iso,947,225300,329300
P3,sycl,dpcpp-ocl-jitprecise-usm,cpu,kalman,4096,iso,948,224400,330500
P3,sycl,dpcpp-ocl-jitprecise-usm,cpu,kalman,4096,iso,949,225200,328400
P3,sycl,dpcpp-ocl-jitprecise-usm,cpu,kalman,4096,iso,950,225200,337200
P3,sycl,dpcpp-ocl-jitprecise-usm,cpu,kalman,4096,iso,951,224500,329000
P3,sycl,dpcpp-ocl-jitprecise-usm,cpu,kalman,4096,iso,952,224900,331300
P3,sycl,dpcpp-ocl-jitprecise-usm,cpu,kalman,4096,iso,953,224900,328400
P3,sycl,dpcpp-ocl-jitprecise-usm,cpu,kalman,4096,iso,954,225600,329500
P3,sycl,dpcpp-ocl-jitprecise-usm,cpu,kalman,4096,iso,955,225200,328600
P3,sycl,dpcpp-ocl-jitprecise-usm,cpu,kalman,4096,iso,956,226200,330000
P3,sycl,dpcpp-ocl-jitprecise-usm,cpu,kalman,4096,iso,957,224100,328600
P3,sycl,dpcpp-ocl-jitprecise-usm,cpu,kalman,4096,iso,958,225000,327900
P3,sycl,dpcpp-ocl-jitprecise-usm,cpu,kalman,4096,iso,959,227300,331600
P3,sycl,dpcpp-ocl-jitprecise-usm,cpu,kalman,4096,iso,960,223300,327500
P3,sycl,dpcpp-ocl-jitprecise-usm,cpu,kalman,4096,iso,961,360300,338100
P3,sycl,dpcpp-ocl-jitprecise-usm,cpu,kalman,4096,iso,962,225700,328400
P3,sycl,dpcpp-ocl-jitprecise-usm,cpu,kalman,4096,iso,963,225700,328400
P3,sycl,dpcpp-ocl-jitprecise-usm,cpu,kalman,4096,iso,964,223900,340300
P3,sycl,dpcpp-ocl-jitprecise-usm,cpu,kalman,4096,iso,965,222900,327800
P3,sycl,dpcpp-ocl-jitprecise-usm,cpu,kalman,4096,iso,966,223700,328600
P3,sycl,dpcpp-ocl-jitprecise-usm,cpu,kalman,4096,iso,967,223200,327100
P3,sycl,dpcpp-ocl-jitprecise-usm,cpu,kalman,4096,iso,968,224700,327200
P3,sycl,dpcpp-ocl-jitprecise-usm,cpu,kalman,4096,iso,969,224900,329000
P3,sycl,dpcpp-ocl-jitprecise-usm,cpu,kalman,4096,iso,970,226800,329800
P3,sycl,dpcpp-ocl-jitprecise-usm,cpu,kalman,4096,iso,971,225300,329400
P3,sycl,dpcpp-ocl-jitprecise-usm,cpu,kalman,4096,iso,972,225200,328700
P3,sycl,dpcpp-ocl-jitprecise-usm,cpu,kalman,4096,iso,973,224500,331300
P3,sycl,dpcpp-ocl-jitprecise-usm,cpu,kalman,4096,iso,974,226300,327800
P3,sycl,dpcpp-ocl-jitprecise-usm,cpu,kalman,4096,iso,975,223900,327900
P3,sycl,dpcpp-ocl-jitprecise-usm,cpu,kalman,4096,iso,976,223700,329600
P3,sycl,dpcpp-ocl-jitprecise-usm,cpu,kalman,4096,iso,977,225300,331100
P3,sycl,dpcpp-ocl-jitprecise-usm,cpu,kalman,4096,iso,978,225000,464900
P3,sycl,dpcpp-ocl-jitprecise-usm,cpu,kalman,4096,iso,979,236600,331300
P3,sycl,dpcpp-ocl-jitprecise-usm,cpu,kalman,4096,iso,980,223900,329300
P3,sycl,dpcpp-ocl-jitprecise-usm,cpu,kalman,4096,iso,981,335900,342600
P3,sycl,dpcpp-ocl-jitprecise-usm,cpu,kalman,4096,iso,982,224200,328600
P3,sycl,dpcpp-ocl-jitprecise-usm,cpu,kalman,4096,iso,983,223500,327600
P3,sycl,dpcpp-ocl-jitprecise-usm,cpu,kalman,4096,iso,984,226500,327900
P3,sycl,dpcpp-ocl-jitprecise-usm,cpu,kalman,4096,iso,985,223500,330100
P3,sycl,dpcpp-ocl-jitprecise-usm,cpu,kalman,4096,iso,986,223800,328200
P3,sycl,dpcpp-ocl-jitprecise-usm,cpu,kalman,4096,iso,987,223700,329400
P3,sycl,dpcpp-ocl-jitprecise-usm,cpu,kalman,4096,iso,988,224800,327700
P3,sycl,dpcpp-ocl-jitprecise-usm,cpu,kalman,4096,iso,989,223400,327800
P3,sycl,dpcpp-ocl-jitprecise-usm,cpu,kalman,4096,iso,990,223300,327700
P3,sycl,dpcpp-ocl-jitprecise-usm,cpu,kalman,4096,iso,991,225100,340900
P3,sycl,dpcpp-ocl-jitprecise-usm,cpu,kalman,4096,iso,992,225100,327400
P3,sycl,dpcpp-ocl-jitprecise-usm,cpu,kalman,4096,iso,993,224100,327700
P3,sycl,dpcpp-ocl-jitprecise-usm,cpu,kalman,4096,iso,994,223800,338100
P3,sycl,dpcpp-ocl-jitprecise-usm,cpu,kalman,4096,iso,995,224500,328100
P3,sycl,dpcpp-ocl-jitprecise-usm,cpu,kalman,4096,iso,996,223500,482700
P3,sycl,dpcpp-ocl-jitprecise-usm,cpu,kalman,4096,iso,997,227400,328300
P3,sycl,dpcpp-ocl-jitprecise-usm,cpu,kalman,4096,iso,998,226100,328600
P3,sycl,dpcpp-ocl-jitprecise-usm,cpu,kalman,4096,iso,999,224300,328600
P3,opencl,intel-ocl,cpu,kalman,32768,iso,0,3744400,4117100
P3,opencl,intel-ocl,cpu,kalman,32768,iso,1,3625800,4158000
P3,opencl,intel-ocl,cpu,kalman,32768,iso,2,3614900,4122600
P3,opencl,intel-ocl,cpu,kalman,32768,iso,3,3743400,3980900
P3,opencl,intel-ocl,cpu,kalman,32768,iso,4,3757800,3964000
P3,opencl,intel-ocl,cpu,kalman,32768,iso,5,3641000,4103500
P3,opencl,intel-ocl,cpu,kalman,32768,iso,6,3614200,4145200
P3,opencl,intel-ocl,cpu,kalman,32768,iso,7,3734000,3968800
P3,opencl,intel-ocl,cpu,kalman,32768,iso,8,3750500,3959700
P3,opencl,intel-ocl,cpu,kalman,32768,iso,9,3754400,3955600
P3,opencl,intel-ocl,cpu,kalman,32768,iso,10,3613200,4124200
P3,opencl,intel-ocl,cpu,kalman,32768,iso,11,3721600,3967300
P3,opencl,intel-ocl,cpu,kalman,32768,iso,12,3750700,3968800
P3,opencl,intel-ocl,cpu,kalman,32768,iso,13,3737900,3952600
P3,opencl,intel-ocl,cpu,kalman,32768,iso,14,3608400,4080500
P3,opencl,intel-ocl,cpu,kalman,32768,iso,15,3622200,4117900
P3,opencl,intel-ocl,cpu,kalman,32768,iso,16,3708900,3987600
P3,opencl,intel-ocl,cpu,kalman,32768,iso,17,3754200,3954400
P3,opencl,intel-ocl,cpu,kalman,32768,iso,18,3614400,4089400
P3,opencl,intel-ocl,cpu,kalman,32768,iso,19,3614800,4215300
P3,opencl,intel-ocl,cpu,kalman,32768,iso,20,3602700,3973500
P3,opencl,intel-ocl,cpu,kalman,32768,iso,21,3754200,3956300
P3,opencl,intel-ocl,cpu,kalman,32768,iso,22,3740000,3967400
P3,opencl,intel-ocl,cpu,kalman,32768,iso,23,3609400,4199900
P3,opencl,intel-ocl,cpu,kalman,32768,iso,24,3618800,4130600
P3,opencl,intel-ocl,cpu,kalman,32768,iso,25,3612600,3956100
P3,opencl,intel-ocl,cpu,kalman,32768,iso,26,3747400,4000100
P3,opencl,intel-ocl,cpu,kalman,32768,iso,27,3615800,4084800
P3,opencl,intel-ocl,cpu,kalman,32768,iso,28,3691900,4123300
P3,opencl,intel-ocl,cpu,kalman,32768,iso,29,3718900,3963600
P3,opencl,intel-ocl,cpu,kalman,32768,iso,30,3751600,3972900
P3,opencl,intel-ocl,cpu,kalman,32768,iso,31,3740200,3952900
P3,opencl,intel-ocl,cpu,kalman,32768,iso,32,3614800,4206600
P3,opencl,intel-ocl,cpu,kalman,32768,iso,33,3614600,3960100
P3,opencl,intel-ocl,cpu,kalman,32768,iso,34,3766000,3962000
P3,opencl,intel-ocl,cpu,kalman,32768,iso,35,3741100,3944800
P3,opencl,intel-ocl,cpu,kalman,32768,iso,36,3614900,4157900
P3,opencl,intel-ocl,cpu,kalman,32768,iso,37,3717300,4130100
P3,opencl,intel-ocl,cpu,kalman,32768,iso,38,3606600,3965500
P3,opencl,intel-ocl,cpu,kalman,32768,iso,39,3746800,3951600
P3,opencl,intel-ocl,cpu,kalman,32768,iso,40,3652700,4078200
P3,opencl,intel-ocl,cpu,kalman,32768,iso,41,3614100,4124500
P3,opencl,intel-ocl,cpu,kalman,32768,iso,42,3744500,3970300
P3,opencl,intel-ocl,cpu,kalman,32768,iso,43,3747400,3959500
P3,opencl,intel-ocl,cpu,kalman,32768,iso,44,3754500,3950600
P3,opencl,intel-ocl,cpu,kalman,32768,iso,45,3614700,4200500
P3,opencl,intel-ocl,cpu,kalman,32768,iso,46,3644500,3991100
P3,opencl,intel-ocl,cpu,kalman,32768,iso,47,3773800,3967700
P3,opencl,intel-ocl,cpu,kalman,32768,iso,48,3746900,3953400
P3,opencl,intel-ocl,cpu,kalman,32768,iso,49,3614100,4103800
P3,opencl,intel-ocl,cpu,kalman,32768,iso,50,3727900,4155300
P3,opencl,intel-ocl,cpu,kalman,32768,iso,51,3615600,3978100
P3,opencl,intel-ocl,cpu,kalman,32768,iso,52,3744600,3985500
P3,opencl,intel-ocl,cpu,kalman,32768,iso,53,3609100,4089500
P3,opencl,intel-ocl,cpu,kalman,32768,iso,54,3689900,4101800
P3,opencl,intel-ocl,cpu,kalman,32768,iso,55,3727100,3988400
P3,opencl,intel-ocl,cpu,kalman,32768,iso,56,3756800,3951100
P3,opencl,intel-ocl,cpu,kalman,32768,iso,57,3744100,3954900
P3,opencl,intel-ocl,cpu,kalman,32768,iso,58,3612800,4203800
P3,opencl,intel-ocl,cpu,kalman,32768,iso,59,3605500,4130400
P3,opencl,intel-ocl,cpu,kalman,32768,iso,60,3621100,3961300
P3,opencl,intel-ocl,cpu,kalman,32768,iso,61,3760800,3967900
P3,opencl,intel-ocl,cpu,kalman,32768,iso,62,3608400,4214700
P3,opencl,intel-ocl,cpu,kalman,32768,iso,63,3604800,4129200
P3,opencl,intel-ocl,cpu,kalman,32768,iso,64,3603900,3966900
P3,opencl,intel-ocl,cpu,kalman,32768,iso,65,3752800,3951400
P3,opencl,intel-ocl,cpu,kalman,32768,iso,66,3745700,3965200
P3,opencl,intel-ocl,cpu,kalman,32768,iso,67,3634000,4094400
P3,opencl,intel-ocl,cpu,kalman,32768,iso,68,3723600,3967600
P3,opencl,intel-ocl,cpu,kalman,32768,iso,69,3777300,3957400
P3,opencl,intel-ocl,cpu,kalman,32768,iso,70,3745400,3977000
P3,opencl,intel-ocl,cpu,kalman,32768,iso,71,3625900,4220400
P3,opencl,intel-ocl,cpu,kalman,32768,iso,72,3602200,4116800
P3,opencl,intel-ocl,cpu,kalman,32768,iso,73,3624600,3963300
P3,opencl,intel-ocl,cpu,kalman,32768,iso,74,3745200,3945500
P3,opencl,intel-ocl,cpu,kalman,32768,iso,75,3615500,4132000
P3,opencl,intel-ocl,cpu,kalman,32768,iso,76,3713400,4113100
P3,opencl,intel-ocl,cpu,kalman,32768,iso,77,3622900,3957700
P3,opencl,intel-ocl,cpu,kalman,32768,iso,78,3750900,3956000
P3,opencl,intel-ocl,cpu,kalman,32768,iso,79,3752400,3953000
P3,opencl,intel-ocl,cpu,kalman,32768,iso,80,3615100,4093100
P3,opencl,intel-ocl,cpu,kalman,32768,iso,81,3721800,3971200
P3,opencl,intel-ocl,cpu,kalman,32768,iso,82,3756400,3966600
P3,opencl,intel-ocl,cpu,kalman,32768,iso,83,3750800,3955700
P3,opencl,intel-ocl,cpu,kalman,32768,iso,84,3610500,4228100
P3,opencl,intel-ocl,cpu,kalman,32768,iso,85,3603100,4115900
P3,opencl,intel-ocl,cpu,kalman,32768,iso,86,3600100,4389300
P3,opencl,intel-ocl,cpu,kalman,32768,iso,87,3724300,4014400
P3,opencl,intel-ocl,cpu,kalman,32768,iso,88,3630300,4183500
P3,opencl,intel-ocl,cpu,kalman,32768,iso,89,3610300,3994100
P3,opencl,intel-ocl,cpu,kalman,32768,iso,90,3609800,3964500
P3,opencl,intel-ocl,cpu,kalman,32768,iso,91,3741500,3971000
P3,opencl,intel-ocl,cpu,kalman,32768,iso,92,3742300,4060400
P3,opencl,intel-ocl,cpu,kalman,32768,iso,93,3601500,4098500
P3,opencl,intel-ocl,cpu,kalman,32768,iso,94,3729000,4151200
P3,opencl,intel-ocl,cpu,kalman,32768,iso,95,3604200,3958800
P3,opencl,intel-ocl,cpu,kalman,32768,iso,96,3770000,3951900
P3,opencl,intel-ocl,cpu,kalman,32768,iso,97,3612600,4237800
P3,opencl,intel-ocl,cpu,kalman,32768,iso,98,3626600,4169500
P3,opencl,intel-ocl,cpu,kalman,32768,iso,99,3727000,4009100
P3,opencl,intel-ocl,cpu,kalman,32768,iso,100,3768000,3997400
P3,opencl,intel-ocl,cpu,kalman,32768,iso,101,3746900,4034400
P3,opencl,intel-ocl,cpu,kalman,32768,iso,102,3621700,4084700
P3,opencl,intel-ocl,cpu,kalman,32768,iso,103,3609500,4108300
P3,opencl,intel-ocl,cpu,kalman,32768,iso,104,3614200,4079900
P3,opencl,intel-ocl,cpu,kalman,32768,iso,105,3761700,3960600
P3,opencl,intel-ocl,cpu,kalman,32768,iso,106,3626100,4073100
P3,opencl,intel-ocl,cpu,kalman,32768,iso,107,3614800,4126000
P3,opencl,intel-ocl,cpu,kalman,32768,iso,108,3712100,3964300
P3,opencl,intel-ocl,cpu,kalman,32768,iso,109,3755000,3964100
P3,opencl,intel-ocl,cpu,kalman,32768,iso,110,3752500,3956400
P3,opencl,intel-ocl,cpu,kalman,32768,iso,111,3612900,4090700
P3,opencl,intel-ocl,cpu,kalman,32768,iso,112,3616000,3954200
P3,opencl,intel-ocl,cpu,kalman,32768,iso,113,3856900,4005200
P3,opencl,intel-ocl,cpu,kalman,32768,iso,114,3759800,3972300
P3,opencl,intel-ocl,cpu,kalman,32768,iso,115,3607000,4092400
P3,opencl,intel-ocl,cpu,kalman,32768,iso,116,3614300,4110100
P3,opencl,intel-ocl,cpu,kalman,32768,iso,117,3730900,4036600
P3,opencl,intel-ocl,cpu,kalman,32768,iso,118,3763400,4202200
P3,opencl,intel-ocl,cpu,kalman,32768,iso,119,3762100,4033500
P3,opencl,intel-ocl,cpu,kalman,32768,iso,120,3609100,4231400
P3,opencl,intel-ocl,cpu,kalman,32768,iso,121,3614600,3990200
P3,opencl,intel-ocl,cpu,kalman,32768,iso,122,3757500,3958900
P3,opencl,intel-ocl,cpu,kalman,32768,iso,123,3756400,3962800
P3,opencl,intel-ocl,cpu,kalman,32768,iso,124,3626300,4088400
P3,opencl,intel-ocl,cpu,kalman,32768,iso,125,3605200,4117600
P3,opencl,intel-ocl,cpu,kalman,32768,iso,126,3722800,3966900
P3,opencl,intel-ocl,cpu,kalman,32768,iso,127,3756300,3971800
P3,opencl,intel-ocl,cpu,kalman,32768,iso,128,3609900,4082100
P3,opencl,intel-ocl,cpu,kalman,32768,iso,129,3635500,4098000
P3,opencl,intel-ocl,cpu,kalman,32768,iso,130,3713000,3974700
P3,opencl,intel-ocl,cpu,kalman,32768,iso,131,3768500,3955200
P3,opencl,intel-ocl,cpu,kalman,32768,iso,132,3759300,3936200
P3,opencl,intel-ocl,cpu,kalman,32768,iso,133,3617700,4204200
P3,opencl,intel-ocl,cpu,kalman,32768,iso,134,3609200,3962400
P3,opencl,intel-ocl,cpu,kalman,32768,iso,135,3763600,3986300
P3,opencl,intel-ocl,cpu,kalman,32768,iso,136,3737600,3958700
P3,opencl,intel-ocl,cpu,kalman,32768,iso,137,3618400,4092200
P3,opencl,intel-ocl,cpu,kalman,32768,iso,138,3609200,4112400
P3,opencl,intel-ocl,cpu,kalman,32768,iso,139,3761000,3977700
P3,opencl,intel-ocl,cpu,kalman,32768,iso,140,3746000,3976300
P3,opencl,intel-ocl,cpu,kalman,32768,iso,141,3669700,4113400
P3,opencl,intel-ocl,cpu,kalman,32768,iso,142,3611900,4101200
P3,opencl,intel-ocl,cpu,kalman,32768,iso,143,3732300,3977700
P3,opencl,intel-ocl,cpu,kalman,32768,iso,144,3757700,3980100
P3,opencl,intel-ocl,cpu,kalman,32768,iso,145,3739800,3964700
P3,opencl,intel-ocl,cpu,kalman,32768,iso,146,3613300,4222000
P3,opencl,intel-ocl,cpu,kalman,32768,iso,147,3610600,4111500
P3,opencl,intel-ocl,cpu,kalman,32768,iso,148,3610500,3977700
P3,opencl,intel-ocl,cpu,kalman,32768,iso,149,3746800,3945900
P3,opencl,intel-ocl,cpu,kalman,32768,iso,150,3617900,4084700
P3,opencl,intel-ocl,cpu,kalman,32768,iso,151,3618700,4118800
P3,opencl,intel-ocl,cpu,kalman,32768,iso,152,3718100,3987900
P3,opencl,intel-ocl,cpu,kalman,32768,iso,153,3757400,3965800
P3,opencl,intel-ocl,cpu,kalman,32768,iso,154,3742100,3964600
P3,opencl,intel-ocl,cpu,kalman,32768,iso,155,3612100,4092700
P3,opencl,intel-ocl,cpu,kalman,32768,iso,156,3724100,3982600
P3,opencl,intel-ocl,cpu,kalman,32768,iso,157,3838200,3955100
P3,opencl,intel-ocl,cpu,kalman,32768,iso,158,3743200,3946700
P3,opencl,intel-ocl,cpu,kalman,32768,iso,159,3622400,4200500
P3,opencl,intel-ocl,cpu,kalman,32768,iso,160,3607500,4123900
P3,opencl,intel-ocl,cpu,kalman,32768,iso,161,3610800,3953100
P3,opencl,intel-ocl,cpu,kalman,32768,iso,162,3741700,3962800
P3,opencl,intel-ocl,cpu,kalman,32768,iso,163,3611300,4085800
P3,opencl,intel-ocl,cpu,kalman,32768,iso,164,3614100,4221200
P3,opencl,intel-ocl,cpu,kalman,32768,iso,165,3603000,3970800
P3,opencl,intel-ocl,cpu,kalman,32768,iso,166,3818200,3951400
P3,opencl,intel-ocl,cpu,kalman,32768,iso,167,3745500,3951500
P3,opencl,intel-ocl,cpu,kalman,32768,iso,168,3635000,4201000
P3,opencl,intel-ocl,cpu,kalman,32768,iso,169,3608600,3954100
P3,opencl,intel-ocl,cpu,kalman,32768,iso,170,3784900,3957800
P3,opencl,intel-ocl,cpu,kalman,32768,iso,171,3742400,3953000
P3,opencl,intel-ocl,cpu,kalman,32768,iso,172,3619600,4241000
P3,opencl,intel-ocl,cpu,kalman,32768,iso,173,3608000,4108500
P3,opencl,intel-ocl,cpu,kalman,32768,iso,174,3618500,3949600
P3,opencl,intel-ocl,cpu,kalman,32768,iso,175,3737000,3949100
P3,opencl,intel-ocl,cpu,kalman,32768,iso,176,3618800,4075100
P3,opencl,intel-ocl,cpu,kalman,32768,iso,177,3621600,4224300
P3,opencl,intel-ocl,cpu,kalman,32768,iso,178,3620300,3959500
P3,opencl,intel-ocl,cpu,kalman,32768,iso,179,3753200,3985800
P3,opencl,intel-ocl,cpu,kalman,32768,iso,180,3735500,3954900
P3,opencl,intel-ocl,cpu,kalman,32768,iso,181,3612600,4096400
P3,opencl,intel-ocl,cpu,kalman,32768,iso,182,3726200,4121600
P3,opencl,intel-ocl,cpu,kalman,32768,iso,183,3607100,4044100
P3,opencl,intel-ocl,cpu,kalman,32768,iso,184,3741100,3950900
P3,opencl,intel-ocl,cpu,kalman,32768,iso,185,3613600,4215100
P3,opencl,intel-ocl,cpu,kalman,32768,iso,186,3617200,4113300
P3,opencl,intel-ocl,cpu,kalman,32768,iso,187,3602800,3959300
P3,opencl,intel-ocl,cpu,kalman,32768,iso,188,3742400,3947900
P3,opencl,intel-ocl,cpu,kalman,32768,iso,189,3742600,3977200
P3,opencl,intel-ocl,cpu,kalman,32768,iso,190,3612500,4208600
P3,opencl,intel-ocl,cpu,kalman,32768,iso,191,3608400,3983000
P3,opencl,intel-ocl,cpu,kalman,32768,iso,192,3754100,3959700
P3,opencl,intel-ocl,cpu,kalman,32768,iso,193,3735600,3953200
P3,opencl,intel-ocl,cpu,kalman,32768,iso,194,3609900,4082400
P3,opencl,intel-ocl,cpu,kalman,32768,iso,195,3731200,4116400
P3,opencl,intel-ocl,cpu,kalman,32768,iso,196,3604700,3951900
P3,opencl,intel-ocl,cpu,kalman,32768,iso,197,3742800,3961800
P3,opencl,intel-ocl,cpu,kalman,32768,iso,198,3609700,4195400
P3,opencl,intel-ocl,cpu,kalman,32768,iso,199,3622700,4122900
P3,opencl,intel-ocl,cpu,kalman,32768,iso,200,3600200,3957700
P3,opencl,intel-ocl,cpu,kalman,32768,iso,201,3774600,3964700
P3,opencl,intel-ocl,cpu,kalman,32768,iso,202,3742400,3955700
P3,opencl,intel-ocl,cpu,kalman,32768,iso,203,3620200,4210200
P3,opencl,intel-ocl,cpu,kalman,32768,iso,204,3618000,4011100
P3,opencl,intel-ocl,cpu,kalman,32768,iso,205,3763400,3962600
P3,opencl,intel-ocl,cpu,kalman,32768,iso,206,3737900,3949800
P3,opencl,intel-ocl,cpu,kalman,32768,iso,207,3621600,4126600
P3,opencl,intel-ocl,cpu,kalman,32768,iso,208,3716500,4126100
P3,opencl,intel-ocl,cpu,kalman,32768,iso,209,3624700,3955600
P3,opencl,intel-ocl,cpu,kalman,32768,iso,210,3738300,3972200
P3,opencl,intel-ocl,cpu,kalman,32768,iso,211,3636900,4197300
P3,opencl,intel-ocl,cpu,kalman,32768,iso,212,3614000,4105000
P3,opencl,intel-ocl,cpu,kalman,32768,iso,213,3632800,3960100
P3,opencl,intel-ocl,cpu,kalman,32768,iso,214,3744800,3948300
P3,opencl,intel-ocl,cpu,kalman,32768,iso,215,3750000,3944000
P3,opencl,intel-ocl,cpu,kalman,32768,iso,216,3608500,4200300
P3,opencl,intel-ocl,cpu,kalman,32768,iso,217,3611800,4687800
P3,opencl,intel-ocl,cpu,kalman,32768,iso,218,3605600,3968200
P3,opencl,intel-ocl,cpu,kalman,32768,iso,219,3628900,4021100
P3,opencl,intel-ocl,cpu,kalman,32768,iso,220,3603700,3986700
P3,opencl,intel-ocl,cpu,kalman,32768,iso,221,3714300,4073800
P3,opencl,intel-ocl,cpu,kalman,32768,iso,222,3625000,3979900
P3,opencl,intel-ocl,cpu,kalman,32768,iso,223,3745800,3961600
P3,opencl,intel-ocl,cpu,kalman,32768,iso,224,3747300,4120800
P3,opencl,intel-ocl,cpu,kalman,32768,iso,225,3615200,4111800
P3,opencl,intel-ocl,cpu,kalman,32768,iso,226,3608200,3976900
P3,opencl,intel-ocl,cpu,kalman,32768,iso,227,3749700,3952700
P3,opencl,intel-ocl,cpu,kalman,32768,iso,228,3740500,3953400
P3,opencl,intel-ocl,cpu,kalman,32768,iso,229,3614400,4232300
P3,opencl,intel-ocl,cpu,kalman,32768,iso,230,3607600,4158200
P3,opencl,intel-ocl,cpu,kalman,32768,iso,231,3688600,3978200
P3,opencl,intel-ocl,cpu,kalman,32768,iso,232,3780200,3970700
P3,opencl,intel-ocl,cpu,kalman,32768,iso,233,3602900,4100300
P3,opencl,intel-ocl,cpu,kalman,32768,iso,234,3726800,4130400
P3,opencl,intel-ocl,cpu,kalman,32768,iso,235,3602600,3963000
P3,opencl,intel-ocl,cpu,kalman,32768,iso,236,3749400,3954600
P3,opencl,intel-ocl,cpu,kalman,32768,iso,237,3746000,4078300
P3,opencl,intel-ocl,cpu,kalman,32768,iso,238,3629900,4096000
P3,opencl,intel-ocl,cpu,kalman,32768,iso,239,3611100,4097700
P3,opencl,intel-ocl,cpu,kalman,32768,iso,240,3626200,3948000
P3,opencl,intel-ocl,cpu,kalman,32768,iso,241,3745700,3946400
P3,opencl,intel-ocl,cpu,kalman,32768,iso,242,3624600,4236200
P3,opencl,intel-ocl,cpu,kalman,32768,iso,243,3607600,4104600
P3,opencl,intel-ocl,cpu,kalman,32768,iso,244,3613100,3967300
P3,opencl,intel-ocl,cpu,kalman,32768,iso,245,3743900,3949200
P3,opencl,intel-ocl,cpu,kalman,32768,iso,246,3751500,4141400
P3,opencl,intel-ocl,cpu,kalman,32768,iso,247,3613600,4193800
P3,opencl,intel-ocl,cpu,kalman,32768,iso,248,3720700,4034300
P3,opencl,intel-ocl,cpu,kalman,32768,iso,249,3773200,3990100
P3,opencl,intel-ocl,cpu,kalman,32768,iso,250,3744000,4098000
P3,opencl,intel-ocl,cpu,kalman,32768,iso,251,3615800,4108300
P3,opencl,intel-ocl,cpu,kalman,32768,iso,252,3623500,4102000
P3,opencl,intel-ocl,cpu,kalman,32768,iso,253,3607000,3991800
P3,opencl,intel-ocl,cpu,kalman,32768,iso,254,3736600,3951900
P3,opencl,intel-ocl,cpu,kalman,32768,iso,255,3613100,4282900
P3,opencl,intel-ocl,cpu,kalman,32768,iso,256,3604100,4171600
P3,opencl,intel-ocl,cpu,kalman,32768,iso,257,3601300,3985000
P3,opencl,intel-ocl,cpu,kalman,32768,iso,258,3758300,3950400
P3,opencl,intel-ocl,cpu,kalman,32768,iso,259,3745000,4104200
P3,opencl,intel-ocl,cpu,kalman,32768,iso,260,3609300,4110800
P3,opencl,intel-ocl,cpu,kalman,32768,iso,261,3610800,4095100
P3,opencl,intel-ocl,cpu,kalman,32768,iso,262,3611000,3955700
P3,opencl,intel-ocl,cpu,kalman,32768,iso,263,3848400,3986700
P3,opencl,intel-ocl,cpu,kalman,32768,iso,264,3614400,4098700
P3,opencl,intel-ocl,cpu,kalman,32768,iso,265,3621400,4087100
P3,opencl,intel-ocl,cpu,kalman,32768,iso,266,3608300,3951900
P3,opencl,intel-ocl,cpu,kalman,32768,iso,267,3764500,3979100
P3,opencl,intel-ocl,cpu,kalman,32768,iso,268,3751400,4105700
P3,opencl,intel-ocl,cpu,kalman,32768,iso,269,3621600,4126200
P3,opencl,intel-ocl,cpu,kalman,32768,iso,270,3609300,3954200
P3,opencl,intel-ocl,cpu,kalman,32768,iso,271,3741900,3963100
P3,opencl,intel-ocl,cpu,kalman,32768,iso,272,3749400,4208600
P3,opencl,intel-ocl,cpu,kalman,32768,iso,273,3641400,4258900
P3,opencl,intel-ocl,cpu,kalman,32768,iso,274,3609400,4138700
P3,opencl,intel-ocl,cpu,kalman,32768,iso,275,3620400,3967600
P3,opencl,intel-ocl,cpu,kalman,32768,iso,276,3754200,3958900
P3,opencl,intel-ocl,cpu,kalman,32768,iso,277,3753700,3966800
P3,opencl,intel-ocl,cpu,kalman,32768,iso,278,3608900,4211900
P3,opencl,intel-ocl,cpu,kalman,32768,iso,279,3615200,3968500
P3,opencl,intel-ocl,cpu,kalman,32768,iso,280,3745600,3957900
P3,opencl,intel-ocl,cpu,kalman,32768,iso,281,3755200,3948000
P3,opencl,intel-ocl,cpu,kalman,32768,iso,282,3616800,4100400
P3,opencl,intel-ocl,cpu,kalman,32768,iso,283,3721800,4112000
P3,opencl,intel-ocl,cpu,kalman,32768,iso,284,3608500,3966500
P3,opencl,intel-ocl,cpu,kalman,32768,iso,285,3755100,3961200
P3,opencl,intel-ocl,cpu,kalman,32768,iso,286,3690400,4104700
P3,opencl,intel-ocl,cpu,kalman,32768,iso,287,3612000,4088700
P3,opencl,intel-ocl,cpu,kalman,32768,iso,288,3728600,3979100
P3,opencl,intel-ocl,cpu,kalman,32768,iso,289,3754400,3963200
P3,opencl,intel-ocl,cpu,kalman,32768,iso,290,3734500,3961900
P3,opencl,intel-ocl,cpu,kalman,32768,iso,291,3613400,4194000
P3,opencl,intel-ocl,cpu,kalman,32768,iso,292,3613600,3962100
P3,opencl,intel-ocl,cpu,kalman,32768,iso,293,3748500,3957000
P3,opencl,intel-ocl,cpu,kalman,32768,iso,294,3756100,3963700
P3,opencl,intel-ocl,cpu,kalman,32768,iso,295,3607900,4290600
P3,opencl,intel-ocl,cpu,kalman,32768,iso,296,3599400,4154600
P3,opencl,intel-ocl,cpu,kalman,32768,iso,297,3600100,3966300
P3,opencl,intel-ocl,cpu,kalman,32768,iso,298,3744400,4043300
P3,opencl,intel-ocl,cpu,kalman,32768,iso,299,3615100,4104700
P3,opencl,intel-ocl,cpu,kalman,32768,iso,300,3631700,4112100
P3,opencl,intel-ocl,cpu,kalman,32768,iso,301,3731500,3977400
P3,opencl,intel-ocl,cpu,kalman,32768,iso,302,3763900,3963200
P3,opencl,intel-ocl,cpu,kalman,32768,iso,303,3757000,3951900
P3,opencl,intel-ocl,cpu,kalman,32768,iso,304,3610900,4238200
P3,opencl,intel-ocl,cpu,kalman,32768,iso,305,3606700,4106600
P3,opencl,intel-ocl,cpu,kalman,32768,iso,306,3617000,3956700
P3,opencl,intel-ocl,cpu,kalman,32768,iso,307,3746600,3968400
P3,opencl,intel-ocl,cpu,kalman,32768,iso,308,3626500,4233300
P3,opencl,intel-ocl,cpu,kalman,32768,iso,309,3606100,4113000
P3,opencl,intel-ocl,cpu,kalman,32768,iso,310,3617700,3955900
P3,opencl,intel-ocl,cpu,kalman,32768,iso,311,3747400,3958400
P3,opencl,intel-ocl,cpu,kalman,32768,iso,312,3761000,3970900
P3,opencl,intel-ocl,cpu,kalman,32768,iso,313,3685400,4205000
P3,opencl,intel-ocl,cpu,kalman,32768,iso,314,3635000,3957600
P3,opencl,intel-ocl,cpu,kalman,32768,iso,315,3755700,3960600
P3,opencl,intel-ocl,cpu,kalman,32768,iso,316,3757800,3959800
P3,opencl,intel-ocl,cpu,kalman,32768,iso,317,3608900,4217300
P3,opencl,intel-ocl,cpu,kalman,32768,iso,318,3603000,4107500
P3,opencl,intel-ocl,cpu,kalman,32768,iso,319,3601600,3962000
P3,opencl,intel-ocl,cpu,kalman,32768,iso,320,3743900,3946700
P3,opencl,intel-ocl,cpu,kalman,32768,iso,321,3616700,4216700
P3,opencl,intel-ocl,cpu,kalman,32768,iso,322,3609500,4107600
P3,opencl,intel-ocl,cpu,kalman,32768,iso,323,3609300,3968700
P3,opencl,intel-ocl,cpu,kalman,32768,iso,324,3745600,3951100
P3,opencl,intel-ocl,cpu,kalman,32768,iso,325,3737200,3967100
P3,opencl,intel-ocl,cpu,kalman,32768,iso,326,3613900,4080500
P3,opencl,intel-ocl,cpu,kalman,32768,iso,327,3715200,3982500
P3,opencl,intel-ocl,cpu,kalman,32768,iso,328,3750400,3955600
P3,opencl,intel-ocl,cpu,kalman,32768,iso,329,3739200,3961700
P3,opencl,intel-ocl,cpu,kalman,32768,iso,330,3621400,4196900
P3,opencl,intel-ocl,cpu,kalman,32768,iso,331,3606800,4120900
P3,opencl,intel-ocl,cpu,kalman,32768,iso,332,3603500,3950700
P3,opencl,intel-ocl,cpu,kalman,32768,iso,333,3754300,3953100
P3,opencl,intel-ocl,cpu,kalman,32768,iso,334,3610500,4210900
P3,opencl,intel-ocl,cpu,kalman,32768,iso,335,3635800,4108400
P3,opencl,intel-ocl,cpu,kalman,32768,iso,336,3609500,3956200
P3,opencl,intel-ocl,cpu,kalman,32768,iso,337,3752300,3951300
P3,opencl,intel-ocl,cpu,kalman,32768,iso,338,3744200,3942700
P3,opencl,intel-ocl,cpu,kalman,32768,iso,339,3625300,4119700
P3,opencl,intel-ocl,cpu,kalman,32768,iso,340,3715100,4113400
P3,opencl,intel-ocl,cpu,kalman,32768,iso,341,3620200,3957100
P3,opencl,intel-ocl,cpu,kalman,32768,iso,342,3737200,3966100
P3,opencl,intel-ocl,cpu,kalman,32768,iso,343,3623800,4200900
P3,opencl,intel-ocl,cpu,kalman,32768,iso,344,3613800,4105900
P3,opencl,intel-ocl,cpu,kalman,32768,iso,345,3615700,3950000
P3,opencl,intel-ocl,cpu,kalman,32768,iso,346,3742300,3958500
P3,opencl,intel-ocl,cpu,kalman,32768,iso,347,3622500,4225400
P3,opencl,intel-ocl,cpu,kalman,32768,iso,348,3618400,4595700
P3,opencl,intel-ocl,cpu,kalman,32768,iso,349,3627100,3999900
P3,opencl,intel-ocl,cpu,kalman,32768,iso,350,3611900,4087200
P3,opencl,intel-ocl,cpu,kalman,32768,iso,351,3624100,3973900
P3,opencl,intel-ocl,cpu,kalman,32768,iso,352,3613200,4263300
P3,opencl,intel-ocl,cpu,kalman,32768,iso,353,3605700,4121400
P3,opencl,intel-ocl,cpu,kalman,32768,iso,354,3607100,3996700
P3,opencl,intel-ocl,cpu,kalman,32768,iso,355,3741900,3951600
P3,opencl,intel-ocl,cpu,kalman,32768,iso,356,3609100,4201800
P3,opencl,intel-ocl,cpu,kalman,32768,iso,357,3617300,4114800
P3,opencl,intel-ocl,cpu,kalman,32768,iso,358,3609000,3963400
P3,opencl,intel-ocl,cpu,kalman,32768,iso,359,3744700,3936900
P3,opencl,intel-ocl,cpu,kalman,32768,iso,360,3741800,4196000
P3,opencl,intel-ocl,cpu,kalman,32768,iso,361,3601700,4121900
P3,opencl,intel-ocl,cpu,kalman,32768,iso,362,3614500,4106600
P3,opencl,intel-ocl,cpu,kalman,32768,iso,363,3603300,3947800
P3,opencl,intel-ocl,cpu,kalman,32768,iso,364,3744600,3969100
P3,opencl,intel-ocl,cpu,kalman,32768,iso,365,3614100,4209500
P3,opencl,intel-ocl,cpu,kalman,32768,iso,366,3614500,4127900
P3,opencl,intel-ocl,cpu,kalman,32768,iso,367,3608800,3953200
P3,opencl,intel-ocl,cpu,kalman,32768,iso,368,3736600,3957200
P3,opencl,intel-ocl,cpu,kalman,32768,iso,369,3746000,4090200
P3,opencl,intel-ocl,cpu,kalman,32768,iso,370,3691200,4168000
P3,opencl,intel-ocl,cpu,kalman,32768,iso,371,3609900,3966200
P3,opencl,intel-ocl,cpu,kalman,32768,iso,372,3735000,3953400
P3,opencl,intel-ocl,cpu,kalman,32768,iso,373,3781900,4095500
P3,opencl,intel-ocl,cpu,kalman,32768,iso,374,3623600,4111100
P3,opencl,intel-ocl,cpu,kalman,32768,iso,375,3610200,4088500
P3,opencl,intel-ocl,cpu,kalman,32768,iso,376,3635300,3987900
P3,opencl,intel-ocl,cpu,kalman,32768,iso,377,3753700,4206400
P3,opencl,intel-ocl,cpu,kalman,32768,iso,378,3629700,4272000
P3,opencl,intel-ocl,cpu,kalman,32768,iso,379,3614300,4134100
P3,opencl,intel-ocl,cpu,kalman,32768,iso,380,3620500,3973100
P3,opencl,intel-ocl,cpu,kalman,32768,iso,381,3742900,3951500
P3,opencl,intel-ocl,cpu,kalman,32768,iso,382,3754700,4086900
P3,opencl,intel-ocl,cpu,kalman,32768,iso,383,3616800,4137900
P3,opencl,intel-ocl,cpu,kalman,32768,iso,384,3624700,4082900
P3,opencl,intel-ocl,cpu,kalman,32768,iso,385,3605800,3959600
P3,opencl,intel-ocl,cpu,kalman,32768,iso,386,3856700,3965500
P3,opencl,intel-ocl,cpu,kalman,32768,iso,387,3604700,4114000
P3,opencl,intel-ocl,cpu,kalman,32768,iso,388,3613900,4092100
P3,opencl,intel-ocl,cpu,kalman,32768,iso,389,3607500,3982500
P3,opencl,intel-ocl,cpu,kalman,32768,iso,390,3750700,3944800
P3,opencl,intel-ocl,cpu,kalman,32768,iso,391,3738600,4128600
P3,opencl,intel-ocl,cpu,kalman,32768,iso,392,3607100,4107300
P3,opencl,intel-ocl,cpu,kalman,32768,iso,393,3617400,3965100
P3,opencl,intel-ocl,cpu,kalman,32768,iso,394,3743300,3948600
P3,opencl,intel-ocl,cpu,kalman,32768,iso,395,3754500,4132300
P3,opencl,intel-ocl,cpu,kalman,32768,iso,396,3609200,4108000
P3,opencl,intel-ocl,cpu,kalman,32768,iso,397,3614500,4108900
P3,opencl,intel-ocl,cpu,kalman,32768,iso,398,3605500,3951300
P3,opencl,intel-ocl,cpu,kalman,32768,iso,399,3759900,4094200
P3,opencl,intel-ocl,cpu,kalman,32768,iso,400,3613200,4107100
P3,opencl,intel-ocl,cpu,kalman,32768,iso,401,3625200,4085800
P3,opencl,intel-ocl,cpu,kalman,32768,iso,402,3619000,3947600
P3,opencl,intel-ocl,cpu,kalman,32768,iso,403,3747300,3938000
P3,opencl,intel-ocl,cpu,kalman,32768,iso,404,3739300,4122800
P3,opencl,intel-ocl,cpu,kalman,32768,iso,405,3613500,4104000
P3,opencl,intel-ocl,cpu,kalman,32768,iso,406,3612200,4096200
P3,opencl,intel-ocl,cpu,kalman,32768,iso,407,3613600,3946300
P3,opencl,intel-ocl,cpu,kalman,32768,iso,408,3847200,3965900
P3,opencl,intel-ocl,cpu,kalman,32768,iso,409,3627100,4096800
P3,opencl,intel-ocl,cpu,kalman,32768,iso,410,3610800,4078900
P3,opencl,intel-ocl,cpu,kalman,32768,iso,411,3631400,3947000
P3,opencl,intel-ocl,cpu,kalman,32768,iso,412,3747900,4070600
P3,opencl,intel-ocl,cpu,kalman,32768,iso,413,3767800,3965600
P3,opencl,intel-ocl,cpu,kalman,32768,iso,414,3607400,4086400
P3,opencl,intel-ocl,cpu,kalman,32768,iso,415,3665800,4030500
P3,opencl,intel-ocl,cpu,kalman,32768,iso,416,3745200,3953400
P3,opencl,intel-ocl,cpu,kalman,32768,iso,417,3768400,4096500
P3,opencl,intel-ocl,cpu,kalman,32768,iso,418,3612200,4109000
P3,opencl,intel-ocl,cpu,kalman,32768,iso,419,3610700,4087200
P3,opencl,intel-ocl,cpu,kalman,32768,iso,420,3613200,3957600
P3,opencl,intel-ocl,cpu,kalman,32768,iso,421,3851200,3961200
P3,opencl,intel-ocl,cpu,kalman,32768,iso,422,3610200,4117100
P3,opencl,intel-ocl,cpu,kalman,32768,iso,423,3609700,4083100
P3,opencl,intel-ocl,cpu,kalman,32768,iso,424,3608600,3959200
P3,opencl,intel-ocl,cpu,kalman,32768,iso,425,3742300,4170900
P3,opencl,intel-ocl,cpu,kalman,32768,iso,426,3759800,3976400
P3,opencl,intel-ocl,cpu,kalman,32768,iso,427,3613400,4096800
P3,opencl,intel-ocl,cpu,kalman,32768,iso,428,3609700,3949100
P3,opencl,intel-ocl,cpu,kalman,32768,iso,429,3741000,3952900
P3,opencl,intel-ocl,cpu,kalman,32768,iso,430,3745300,4093500
P3,opencl,intel-ocl,cpu,kalman,32768,iso,431,3608200,4116800
P3,opencl,intel-ocl,cpu,kalman,32768,iso,432,3612000,4097400
P3,opencl,intel-ocl,cpu,kalman,32768,iso,433,3609100,3956800
P3,opencl,intel-ocl,cpu,kalman,32768,iso,434,3850400,3987100
P3,opencl,intel-ocl,cpu,kalman,32768,iso,435,3610800,4100900
P3,opencl,intel-ocl,cpu,kalman,32768,iso,436,3619800,4087300
P3,opencl,intel-ocl,cpu,kalman,32768,iso,437,3611300,3951800
P3,opencl,intel-ocl,cpu,kalman,32768,iso,438,3929000,3985000
P3,opencl,intel-ocl,cpu,kalman,32768,iso,439,3753900,3951200
P3,opencl,intel-ocl,cpu,kalman,32768,iso,440,3621500,4083300
P3,opencl,intel-ocl,cpu,kalman,32768,iso,441,3608300,4084100
P3,opencl,intel-ocl,cpu,kalman,32768,iso,442,3617500,4050600
P3,opencl,intel-ocl,cpu,kalman,32768,iso,443,3742700,4097100
P3,opencl,intel-ocl,cpu,kalman,32768,iso,444,3623500,4113700
P3,opencl,intel-ocl,cpu,kalman,32768,iso,445,3606000,4089800
P3,opencl,intel-ocl,cpu,kalman,32768,iso,446,3608900,3953400
P3,opencl,intel-ocl,cpu,kalman,32768,iso,447,3862100,4034200
P3,opencl,intel-ocl,cpu,kalman,32768,iso,448,3768300,4124600
P3,opencl,intel-ocl,cpu,kalman,32768,iso,449,3607600,4153500
P3,opencl,intel-ocl,cpu,kalman,32768,iso,450,3605300,3968400
P3,opencl,intel-ocl,cpu,kalman,32768,iso,451,3742600,3984000
P3,opencl,intel-ocl,cpu,kalman,32768,iso,452,3746400,3948200
P3,opencl,intel-ocl,cpu,kalman,32768,iso,453,3607000,4237700
P3,opencl,intel-ocl,cpu,kalman,32768,iso,454,3603600,4125700
P3,opencl,intel-ocl,cpu,kalman,32768,iso,455,3601200,3974200
P3,opencl,intel-ocl,cpu,kalman,32768,iso,456,3744600,3949400
P3,opencl,intel-ocl,cpu,kalman,32768,iso,457,3610500,4207300
P3,opencl,intel-ocl,cpu,kalman,32768,iso,458,3599600,4115200
P3,opencl,intel-ocl,cpu,kalman,32768,iso,459,3608900,3967900
P3,opencl,intel-ocl,cpu,kalman,32768,iso,460,3735000,3961000
P3,opencl,intel-ocl,cpu,kalman,32768,iso,461,3744900,3962400
P3,opencl,intel-ocl,cpu,kalman,32768,iso,462,3609100,4202600
P3,opencl,intel-ocl,cpu,kalman,32768,iso,463,3604900,4127500
P3,opencl,intel-ocl,cpu,kalman,32768,iso,464,3612900,3966700
P3,opencl,intel-ocl,cpu,kalman,32768,iso,465,3747400,3960300
P3,opencl,intel-ocl,cpu,kalman,32768,iso,466,3613200,4080000
P3,opencl,intel-ocl,cpu,kalman,32768,iso,467,3724900,4128500
P3,opencl,intel-ocl,cpu,kalman,32768,iso,468,3604200,3947300
P3,opencl,intel-ocl,cpu,kalman,32768,iso,469,3749500,3969100
P3,opencl,intel-ocl,cpu,kalman,32768,iso,470,3606400,4231700
P3,opencl,intel-ocl,cpu,kalman,32768,iso,471,3614100,4114800
P3,opencl,intel-ocl,cpu,kalman,32768,iso,472,3609600,3955700
P3,opencl,intel-ocl,cpu,kalman,32768,iso,473,3748500,3970100
P3,opencl,intel-ocl,cpu,kalman,32768,iso,474,3754800,3945600
P3,opencl,intel-ocl,cpu,kalman,32768,iso,475,3623100,4192600
P3,opencl,intel-ocl,cpu,kalman,32768,iso,476,3609500,4120200
P3,opencl,intel-ocl,cpu,kalman,32768,iso,477,3625800,3954500
P3,opencl,intel-ocl,cpu,kalman,32768,iso,478,3738200,3963400
P3,opencl,intel-ocl,cpu,kalman,32768,iso,479,3631800,4194000
P3,opencl,intel-ocl,cpu,kalman,32768,iso,480,4132400,4187500
P3,opencl,intel-ocl,cpu,kalman,32768,iso,481,3614300,4004800
P3,opencl,intel-ocl,cpu,kalman,32768,iso,482,3703000,3959600
P3,opencl,intel-ocl,cpu,kalman,32768,iso,483,3704400,4130700
P3,opencl,intel-ocl,cpu,kalman,32768,iso,484,3605900,4132300
P3,opencl,intel-ocl,cpu,kalman,32768,iso,485,3600900,4097800
P3,opencl,intel-ocl,cpu,kalman,32768,iso,486,3607000,3960000
P3,opencl,intel-ocl,cpu,kalman,32768,iso,487,3740900,3961500
P3,opencl,intel-ocl,cpu,kalman,32768,iso,488,3604800,4212200
P3,opencl,intel-ocl,cpu,kalman,32768,iso,489,3610900,4103700
P3,opencl,intel-ocl,cpu,kalman,32768,iso,490,3677600,3983900
P3,opencl,intel-ocl,cpu,kalman,32768,iso,491,3741100,3949900
P3,opencl,intel-ocl,cpu,kalman,32768,iso,492,3749100,4122600
P3,opencl,intel-ocl,cpu,kalman,32768,iso,493,3603100,4112900
P3,opencl,intel-ocl,cpu,kalman,32768,iso,494,3610000,3956900
P3,opencl,intel-ocl,cpu,kalman,32768,iso,495,3740900,3953900
P3,opencl,intel-ocl,cpu,kalman,32768,iso,496,3740500,4085400
P3,opencl,intel-ocl,cpu,kalman,32768,iso,497,3611900,4096200
P3,opencl,intel-ocl,cpu,kalman,32768,iso,498,3614100,4104400
P3,opencl,intel-ocl,cpu,kalman,32768,iso,499,3614000,3944300
P3,sycl,dpcpp-ocl-jit-usm,cpu,kalman,32768,iso,0,1809600,2866700
P3,sycl,dpcpp-ocl-jit-usm,cpu,kalman,32768,iso,1,1820000,2488600
P3,sycl,dpcpp-ocl-jit-usm,cpu,kalman,32768,iso,2,1820500,2509000
P3,sycl,dpcpp-ocl-jit-usm,cpu,kalman,32768,iso,3,1818700,2298600
P3,sycl,dpcpp-ocl-jit-usm,cpu,kalman,32768,iso,4,1817600,2287700
P3,sycl,dpcpp-ocl-jit-usm,cpu,kalman,32768,iso,5,1958900,2243300
P3,sycl,dpcpp-ocl-jit-usm,cpu,kalman,32768,iso,6,1859600,2254300
P3,sycl,dpcpp-ocl-jit-usm,cpu,kalman,32768,iso,7,1812600,2561800
P3,sycl,dpcpp-ocl-jit-usm,cpu,kalman,32768,iso,8,1816800,2317300
P3,sycl,dpcpp-ocl-jit-usm,cpu,kalman,32768,iso,9,1814000,2458400
P3,sycl,dpcpp-ocl-jit-usm,cpu,kalman,32768,iso,10,1822000,2247600
P3,sycl,dpcpp-ocl-jit-usm,cpu,kalman,32768,iso,11,1823700,2237400
P3,sycl,dpcpp-ocl-jit-usm,cpu,kalman,32768,iso,12,1954800,2269200
P3,sycl,dpcpp-ocl-jit-usm,cpu,kalman,32768,iso,13,1822000,2270500
P3,sycl,dpcpp-ocl-jit-usm,cpu,kalman,32768,iso,14,1820200,2416700
P3,sycl,dpcpp-ocl-jit-usm,cpu,kalman,32768,iso,15,1959000,2290400
P3,sycl,dpcpp-ocl-jit-usm,cpu,kalman,32768,iso,16,1820700,2255000
P3,sycl,dpcpp-ocl-jit-usm,cpu,kalman,32768,iso,17,1975400,2263800
P3,sycl,dpcpp-ocl-jit-usm,cpu,kalman,32768,iso,18,1822400,2216800
P3,sycl,dpcpp-ocl-jit-usm,cpu,kalman,32768,iso,19,1819800,2382600
P3,sycl,dpcpp-ocl-jit-usm,cpu,kalman,32768,iso,20,1823100,2229800
P3,sycl,dpcpp-ocl-jit-usm,cpu,kalman,32768,iso,21,1825500,2401300
P3,sycl,dpcpp-ocl-jit-usm,cpu,kalman,32768,iso,22,1822600,2243800
P3,sycl,dpcpp-ocl-jit-usm,cpu,kalman,32768,iso,23,1814800,2215500
P3,sycl,dpcpp-ocl-jit-usm,cpu,kalman,32768,iso,24,1956200,2482100
P3,sycl,dpcpp-ocl-jit-usm,cpu,kalman,32768,iso,25,1828600,2267500
P3,sycl,dpcpp-ocl-jit-usm,cpu,kalman,32768,iso,26,1814800,2385100
P3,sycl,dpcpp-ocl-jit-usm,cpu,kalman,32768,iso,27,1824800,2212800
P3,sycl,dpcpp-ocl-jit-usm,cpu,kalman,32768,iso,28,1815000,2223900
P3,sycl,dpcpp-ocl-jit-usm,cpu,kalman,32768,iso,29,1960600,2233100
P3,sycl,dpcpp-ocl-jit-usm,cpu,kalman,32768,iso,30,1822500,2220500
P3,sycl,dpcpp-ocl-jit-usm,cpu,kalman,32768,iso,31,1820300,2570000
P3,sycl,dpcpp-ocl-jit-usm,cpu,kalman,32768,iso,32,1824300,2271100
P3,sycl,dpcpp-ocl-jit-usm,cpu,kalman,32768,iso,33,1841300,2419400
P3,sycl,dpcpp-ocl-jit-usm,cpu,kalman,32768,iso,34,1818000,2236300
P3,sycl,dpcpp-ocl-jit-usm,cpu,kalman,32768,iso,35,1821000,2234800
P3,sycl,dpcpp-ocl-jit-usm,cpu,kalman,32768,iso,36,1970200,2353900
P3,sycl,dpcpp-ocl-jit-usm,cpu,kalman,32768,iso,37,1819500,2257000
P3,sycl,dpcpp-ocl-jit-usm,cpu,kalman,32768,iso,38,1819900,2435400
P3,sycl,dpcpp-ocl-jit-usm,cpu,kalman,32768,iso,39,1951800,2350000
P3,sycl,dpcpp-ocl-jit-usm,cpu,kalman,32768,iso,40,1817800,2297400
P3,sycl,dpcpp-ocl-jit-usm,cpu,kalman,32768,iso,41,2000000,2310400
P3,sycl,dpcpp-ocl-jit-usm,cpu,kalman,32768,iso,42,1813300,2276700
P3,sycl,dpcpp-ocl-jit-usm,cpu,kalman,32768,iso,43,1818100,2476100
P3,sycl,dpcpp-ocl-jit-usm,cpu,kalman,32768,iso,44,1822300,2323800
P3,sycl,dpcpp-ocl-jit-usm,cpu,kalman,32768,iso,45,1814400,2472700
P3,sycl,dpcpp-ocl-jit-usm,cpu,kalman,32768,iso,46,1994300,2417100
P3,sycl,dpcpp-ocl-jit-usm,cpu,kalman,32768,iso,47,1880700,2357600
P3,sycl,dpcpp-ocl-jit-usm,cpu,kalman,32768,iso,48,1970800,2316300
P3,sycl,dpcpp-ocl-jit-usm,cpu,kalman,32768,iso,49,1827800,2298400
P3,sycl,dpcpp-ocl-jit-usm,cpu,kalman,32768,iso,50,1811300,2375300
P3,sycl,dpcpp-ocl-jit-usm,cpu,kalman,32768,iso,51,1825300,2216600
P3,sycl,dpcpp-ocl-jit-usm,cpu,kalman,32768,iso,52,1824200,2344800
P3,sycl,dpcpp-ocl-jit-usm,cpu,kalman,32768,iso,53,1817800,2208900
P3,sycl,dpcpp-ocl-jit-usm,cpu,kalman,32768,iso,54,1818300,2211700
P3,sycl,dpcpp-ocl-jit-usm,cpu,kalman,32768,iso,55,1956100,2408700
P3,sycl,dpcpp-ocl-jit-usm,cpu,kalman,32768,iso,56,1816500,2236300
P3,sycl,dpcpp-ocl-jit-usm,cpu,kalman,32768,iso,57,1834800,2395200
P3,sycl,dpcpp-ocl-jit-usm,cpu,kalman,32768,iso,58,1824800,2211000
P3,sycl,dpcpp-ocl-jit-usm,cpu,kalman,32768,iso,59,1820600,2210600
P3,sycl,dpcpp-ocl-jit-usm,cpu,kalman,32768,iso,60,1951700,2226100
P3,sycl,dpcpp-ocl-jit-usm,cpu,kalman,32768,iso,61,1821300,2210400
P3,sycl,dpcpp-ocl-jit-usm,cpu,kalman,32768,iso,62,1817500,2371500
P3,sycl,dpcpp-ocl-jit-usm,cpu,kalman,32768,iso,63,1988700,2258800
P3,sycl,dpcpp-ocl-jit-usm,cpu,kalman,32768,iso,64,1848000,2241400
P3,sycl,dpcpp-ocl-jit-usm,cpu,kalman,32768,iso,65,1957100,2239300
P3,sycl,dpcpp-ocl-jit-usm,cpu,kalman,32768,iso,66,1843300,2214400
P3,sycl,dpcpp-ocl-jit-usm,cpu,kalman,32768,iso,67,1816500,2360900
P3,sycl,dpcpp-ocl-jit-usm,cpu,kalman,32768,iso,68,1830800,2211500
P3,sycl,dpcpp-ocl-jit-usm,cpu,kalman,32768,iso,69,1813700,2369500
P3,sycl,dpcpp-ocl-jit-usm,cpu,kalman,32768,iso,70,1829500,2218400
P3,sycl,dpcpp-ocl-jit-usm,cpu,kalman,32768,iso,71,1811500,2229700
P3,sycl,dpcpp-ocl-jit-usm,cpu,kalman,32768,iso,72,1947900,2404700
P3,sycl,dpcpp-ocl-jit-usm,cpu,kalman,32768,iso,73,1815800,2243700
P3,sycl,dpcpp-ocl-jit-usm,cpu,kalman,32768,iso,74,1829800,2389800
P3,sycl,dpcpp-ocl-jit-usm,cpu,kalman,32768,iso,75,1834100,2227400
P3,sycl,dpcpp-ocl-jit-usm,cpu,kalman,32768,iso,76,1815100,2226000
P3,sycl,dpcpp-ocl-jit-usm,cpu,kalman,32768,iso,77,1954100,2230500
P3,sycl,dpcpp-ocl-jit-usm,cpu,kalman,32768,iso,78,1823700,2229900
P3,sycl,dpcpp-ocl-jit-usm,cpu,kalman,32768,iso,79,1815700,2500900
P3,sycl,dpcpp-ocl-jit-usm,cpu,kalman,32768,iso,80,1830800,2240800
P3,sycl,dpcpp-ocl-jit-usm,cpu,kalman,32768,iso,81,1818500,2234800
P3,sycl,dpcpp-ocl-jit-usm,cpu,kalman,32768,iso,82,1973500,2259200
P3,sycl,dpcpp-ocl-jit-usm,cpu,kalman,32768,iso,83,1821400,2219300
P3,sycl,dpcpp-ocl-jit-usm,cpu,kalman,32768,iso,84,1812200,2380500
P3,sycl,dpcpp-ocl-jit-usm,cpu,kalman,32768,iso,85,1827700,2245400
P3,sycl,dpcpp-ocl-jit-usm,cpu,kalman,32768,iso,86,1824700,2378000
P3,sycl,dpcpp-ocl-jit-usm,cpu,kalman,32768,iso,87,1949000,2269200
P3,sycl,dpcpp-ocl-jit-usm,cpu,kalman,32768,iso,88,1817900,2239100
P3,sycl,dpcpp-ocl-jit-usm,cpu,kalman,32768,iso,89,1960800,2268600
P3,sycl,dpcpp-ocl-jit-usm,cpu,kalman,32768,iso,90,1814000,2233500
P3,sycl,dpcpp-ocl-jit-usm,cpu,kalman,32768,iso,91,1813800,2357100
P3,sycl,dpcpp-ocl-jit-usm,cpu,kalman,32768,iso,92,1822900,2216600
P3,sycl,dpcpp-ocl-jit-usm,cpu,kalman,32768,iso,93,1813800,2232400
P3,sycl,dpcpp-ocl-jit-usm,cpu,kalman,32768,iso,94,1944600,2218600
P3,sycl,dpcpp-ocl-jit-usm,cpu,kalman,32768,iso,95,1817300,2297400
P3,sycl,dpcpp-ocl-jit-usm,cpu,kalman,32768,iso,96,1824300,2441100
P3,sycl,dpcpp-ocl-jit-usm,cpu,kalman,32768,iso,97,1941500,2281400
P3,sycl,dpcpp-ocl-jit-usm,cpu,kalman,32768,iso,98,1819500,2430100
P3,sycl,dpcpp-ocl-jit-usm,cpu,kalman,32768,iso,99,1816000,2231100
P3,sycl,dpcpp-ocl-jit-usm,cpu,kalman,32768,iso,100,1812300,2238900
P3,sycl,dpcpp-ocl-jit-usm,cpu,kalman,32768,iso,101,1951800,2235600
P3,sycl,dpcpp-ocl-jit-usm,cpu,kalman,32768,iso,102,1820600,2213500
P3,sycl,dpcpp-ocl-jit-usm,cpu,kalman,32768,iso,103,1819100,2369600
P3,sycl,dpcpp-ocl-jit-usm,cpu,kalman,32768,iso,104,1949500,2265700
P3,sycl,dpcpp-ocl-jit-usm,cpu,kalman,32768,iso,105,1820800,2235300
P3,sycl,dpcpp-ocl-jit-usm,cpu,kalman,32768,iso,106,1956200,2230700
P3,sycl,dpcpp-ocl-jit-usm,cpu,kalman,32768,iso,107,1835100,2244300
P3,sycl,dpcpp-ocl-jit-usm,cpu,kalman,32768,iso,108,1814600,2358100
P3,sycl,dpcpp-ocl-jit-usm,cpu,kalman,32768,iso,109,1813700,2219500
P3,sycl,dpcpp-ocl-jit-usm,cpu,kalman,32768,iso,110,1818300,2214400
P3,sycl,dpcpp-ocl-jit-usm,cpu,kalman,32768,iso,111,1945100,2392900
P3,sycl,dpcpp-ocl-jit-usm,cpu,kalman,32768,iso,112,1823700,2232700
P3,sycl,dpcpp-ocl-jit-usm,cpu,kalman,32768,iso,113,1814900,2403400
P3,sycl,dpcpp-ocl-jit-usm,cpu,kalman,32768,iso,114,1816200,2217800
P3,sycl,dpcpp-ocl-jit-usm,cpu,kalman,32768,iso,115,1833700,2356200
P3,sycl,dpcpp-ocl-jit-usm,cpu,kalman,32768,iso,116,1819400,2213200
P3,sycl,dpcpp-ocl-jit-usm,cpu,kalman,32768,iso,117,1820400,2211600
P3,sycl,dpcpp-ocl-jit-usm,cpu,kalman,32768,iso,118,1946400,2228200
P3,sycl,dpcpp-ocl-jit-usm,cpu,kalman,32768,iso,119,1820600,2207100
P3,sycl,dpcpp-ocl-jit-usm,cpu,kalman,32768,iso,120,1818700,2378500
P3,sycl,dpcpp-ocl-jit-usm,cpu,kalman,32768,iso,121,1931600,2261300
P3,sycl,dpcpp-ocl-jit-usm,cpu,kalman,32768,iso,122,1826500,2265700
P3,sycl,dpcpp-ocl-jit-usm,cpu,kalman,32768,iso,123,1974600,2243300
P3,sycl,dpcpp-ocl-jit-usm,cpu,kalman,32768,iso,124,1812600,2224500
P3,sycl,dpcpp-ocl-jit-usm,cpu,kalman,32768,iso,125,1816000,2348900
P3,sycl,dpcpp-ocl-jit-usm,cpu,kalman,32768,iso,126,1828700,2226300
P3,sycl,dpcpp-ocl-jit-usm,cpu,kalman,32768,iso,127,1817900,2214000
P3,sycl,dpcpp-ocl-jit-usm,cpu,kalman,32768,iso,128,2058800,2288000
P3,sycl,dpcpp-ocl-jit-usm,cpu,kalman,32768,iso,129,1817000,2252800
P3,sycl,dpcpp-ocl-jit-usm,cpu,kalman,32768,iso,130,1971800,2239000
P3,sycl,dpcpp-ocl-jit-usm,cpu,kalman,32768,iso,131,1817300,2251200
P3,sycl,dpcpp-ocl-jit-usm,cpu,kalman,32768,iso,132,1822600,2354400
P3,sycl,dpcpp-ocl-jit-usm,cpu,kalman,32768,iso,133,1835100,2215200
P3,sycl,dpcpp-ocl-jit-usm,cpu,kalman,32768,iso,134,1818000,2217500
P3,sycl,dpcpp-ocl-jit-usm,cpu,kalman,32768,iso,135,1953000,2383400
P3,sycl,dpcpp-ocl-jit-usm,cpu,kalman,32768,iso,136,1817600,2234800
P3,sycl,dpcpp-ocl-jit-usm,cpu,kalman,32768,iso,137,1830900,2382000
P3,sycl,dpcpp-ocl-jit-usm,cpu,kalman,32768,iso,138,1816000,2219400
P3,sycl,dpcpp-ocl-jit-usm,cpu,kalman,32768,iso,139,1813000,2232800
P3,sycl,dpcpp-ocl-jit-usm,cpu,kalman,32768,iso,140,1946700,2247800
P3,sycl,dpcpp-ocl-jit-usm,cpu,kalman,32768,iso,141,1816500,2215200
P3,sycl,dpcpp-ocl-jit-usm,cpu,kalman,32768,iso,142,1815500,2349300
P3,sycl,dpcpp-ocl-jit-usm,cpu,kalman,32768,iso,143,1818900,2208300
P3,sycl,dpcpp-ocl-jit-usm,cpu,kalman,32768,iso,144,1812000,2219800
P3,sycl,dpcpp-ocl-jit-usm,cpu,kalman,32768,iso,145,1956300,2418700
P3,sycl,dpcpp-ocl-jit-usm,cpu,kalman,32768,iso,146,1817900,2264800
P3,sycl,dpcpp-ocl-jit-usm,cpu,kalman,32768,iso,147,1960900,2263500
P3,sycl,dpcpp-ocl-jit-usm,cpu,kalman,32768,iso,148,1812600,2221200
P3,sycl,dpcpp-ocl-jit-usm,cpu,kalman,32768,iso,149,1822900,2376200
P3,sycl,dpcpp-ocl-jit-usm,cpu,kalman,32768,iso,150,1818700,2221900
P3,sycl,dpcpp-ocl-jit-usm,cpu,kalman,32768,iso,151,1815700,2218500
P3,sycl,dpcpp-ocl-jit-usm,cpu,kalman,32768,iso,152,1947600,2399500
P3,sycl,dpcpp-ocl-jit-usm,cpu,kalman,32768,iso,153,1818000,2236700
P3,sycl,dpcpp-ocl-jit-usm,cpu,kalman,32768,iso,154,1822100,2378900
P3,sycl,dpcpp-ocl-jit-usm,cpu,kalman,32768,iso,155,1829900,2226000
P3,sycl,dpcpp-ocl-jit-usm,cpu,kalman,32768,iso,156,1839600,2213100
P3,sycl,dpcpp-ocl-jit-usm,cpu,kalman,32768,iso,157,1950600,2222400
P3,sycl,dpcpp-ocl-jit-usm,cpu,kalman,32768,iso,158,1820900,2215600
P3,sycl,dpcpp-ocl-jit-usm,cpu,kalman,32768,iso,159,1819900,2418100
P3,sycl,dpcpp-ocl-jit-usm,cpu,kalman,32768,iso,160,1930500,2256500
P3,sycl,dpcpp-ocl-jit-usm,cpu,kalman,32768,iso,161,1821200,2390900
P3,sycl,dpcpp-ocl-jit-usm,cpu,kalman,32768,iso,162,1815200,2232100
P3,sycl,dpcpp-ocl-jit-usm,cpu,kalman,32768,iso,163,1815800,2214800
P3,sycl,dpcpp-ocl-jit-usm,cpu,kalman,32768,iso,164,1962400,2229700
P3,sycl,dpcpp-ocl-jit-usm,cpu,kalman,32768,iso,165,1813000,2235400
P3,sycl,dpcpp-ocl-jit-usm,cpu,kalman,32768,iso,166,1831300,2355200
P3,sycl,dpcpp-ocl-jit-usm,cpu,kalman,32768,iso,167,1822100,2238700
P3,sycl,dpcpp-ocl-jit-usm,cpu,kalman,32768,iso,168,1867100,2203300
P3,sycl,dpcpp-ocl-jit-usm,cpu,kalman,32768,iso,169,1944600,2402900
P3,sycl,dpcpp-ocl-jit-usm,cpu,kalman,32768,iso,170,1816200,2232100
P3,sycl,dpcpp-ocl-jit-usm,cpu,kalman,32768,iso,171,1810800,2645100
P3,sycl,dpcpp-ocl-jit-usm,cpu,kalman,32768,iso,172,1872300,2297100
P3,sycl,dpcpp-ocl-jit-usm,cpu,kalman,32768,iso,173,1819800,2271300
P3,sycl,dpcpp-ocl-jit-usm,cpu,kalman,32768,iso,174,1826300,2435200
P3,sycl,dpcpp-ocl-jit-usm,cpu,kalman,32768,iso,175,1811300,2259200
P3,sycl,dpcpp-ocl-jit-usm,cpu,kalman,32768,iso,176,1888500,2435900
P3,sycl,dpcpp-ocl-jit-usm,cpu,kalman,32768,iso,177,1824600,2304900
P3,sycl,dpcpp-ocl-jit-usm,cpu,kalman,32768,iso,178,1814400,2420500
P3,sycl,dpcpp-ocl-jit-usm,cpu,kalman,32768,iso,179,1816300,2245700
P3,sycl,dpcpp-ocl-jit-usm,cpu,kalman,32768,iso,180,1834900,2282300
P3,sycl,dpcpp-ocl-jit-usm,cpu,kalman,32768,iso,181,1945900,2245900
P3,sycl,dpcpp-ocl-jit-usm,cpu,kalman,32768,iso,182,1821700,2259900
P3,sycl,dpcpp-ocl-jit-usm,cpu,kalman,32768,iso,183,1822000,2519100
P3,sycl,dpcpp-ocl-jit-usm,cpu,kalman,32768,iso,184,1903900,2272400
P3,sycl,dpcpp-ocl-jit-usm,cpu,kalman,32768,iso,185,1819300,2405300
P3,sycl,dpcpp-ocl-jit-usm,cpu,kalman,32768,iso,186,1815800,2238000
P3,sycl,dpcpp-ocl-jit-usm,cpu,kalman,32768,iso,187,1822100,2238900
P3,sycl,dpcpp-ocl-jit-usm,cpu,kalman,32768,iso,188,1958000,2233600
P3,sycl,dpcpp-ocl-jit-usm,cpu,kalman,32768,iso,189,1817000,2223100
P3,sycl,dpcpp-ocl-jit-usm,cpu,kalman,32768,iso,190,1823500,2401100
P3,sycl,dpcpp-ocl-jit-usm,cpu,kalman,32768,iso,191,1833300,2241400
P3,sycl,dpcpp-ocl-jit-usm,cpu,kalman,32768,iso,192,1817300,2233200
P3,sycl,dpcpp-ocl-jit-usm,cpu,kalman,32768,iso,193,1944400,2397400
P3,sycl,dpcpp-ocl-jit-usm,cpu,kalman,32768,iso,194,1821300,2270800
P3,sycl,dpcpp-ocl-jit-usm,cpu,kalman,32768,iso,195,1817800,2388500
P3,sycl,dpcpp-ocl-jit-usm,cpu,kalman,32768,iso,196,1839600,2224500
P3,sycl,dpcpp-ocl-jit-usm,cpu,kalman,32768,iso,197,1816500,2229600
P3,sycl,dpcpp-ocl-jit-usm,cpu,kalman,32768,iso,198,1947700,2240100
P3,sycl,dpcpp-ocl-jit-usm,cpu,kalman,32768,iso,199,1822200,2215200
P3,sycl,dpcpp-ocl-jit-usm,cpu,kalman,32768,iso,200,1815500,2530600
P3,sycl,dpcpp-ocl-jit-usm,cpu,kalman,32768,iso,201,1821000,2269000
P3,sycl,dpcpp-ocl-jit-usm,cpu,kalman,32768,iso,202,1949500,2459300
P3,sycl,dpcpp-ocl-jit-usm,cpu,kalman,32768,iso,203,1815900,2255500
P3,sycl,dpcpp-ocl-jit-usm,cpu,kalman,32768,iso,204,1829100,2235200
P3,sycl,dpcpp-ocl-jit-usm,cpu,kalman,32768,iso,205,1942900,2318000
P3,sycl,dpcpp-ocl-jit-usm,cpu,kalman,32768,iso,206,1832300,2293700
P3,sycl,dpcpp-ocl-jit-usm,cpu,kalman,32768,iso,207,1816600,2420700
P3,sycl,dpcpp-ocl-jit-usm,cpu,kalman,32768,iso,208,1947100,2309300
P3,sycl,dpcpp-ocl-jit-usm,cpu,kalman,32768,iso,209,1824500,2531200
P3,sycl,dpcpp-ocl-jit-usm,cpu,kalman,32768,iso,210,1836700,2327500
P3,sycl,dpcpp-ocl-jit-usm,cpu,kalman,32768,iso,211,1818500,2363100
P3,sycl,dpcpp-ocl-jit-usm,cpu,kalman,32768,iso,212,1970400,2363900
P3,sycl,dpcpp-ocl-jit-usm,cpu,kalman,32768,iso,213,1835600,2371100
P3,sycl,dpcpp-ocl-jit-usm,cpu,kalman,32768,iso,214,1818100,2556200
P3,sycl,dpcpp-ocl-jit-usm,cpu,kalman,32768,iso,215,1841500,2612200
P3,sycl,dpcpp-ocl-jit-usm,cpu,kalman,32768,iso,216,1820900,2569300
P3,sycl,dpcpp-ocl-jit-usm,cpu,kalman,32768,iso,217,1824200,2367500
P3,sycl,dpcpp-ocl-jit-usm,cpu,kalman,32768,iso,218,1811900,2344500
P3,sycl,dpcpp-ocl-jit-usm,cpu,kalman,32768,iso,219,1956800,2394600
P3,sycl,dpcpp-ocl-jit-usm,cpu,kalman,32768,iso,220,1816300,2343500
P3,sycl,dpcpp-ocl-jit-usm,cpu,kalman,32768,iso,221,1811800,2435800
P3,sycl,dpcpp-ocl-jit-usm,cpu,kalman,32768,iso,222,1816100,2239400
P3,sycl,dpcpp-ocl-jit-usm,cpu,kalman,32768,iso,223,1813900,2221500
P3,sycl,dpcpp-ocl-jit-usm,cpu,kalman,32768,iso,224,1985200,2409100
P3,sycl,dpcpp-ocl-jit-usm,cpu,kalman,32768,iso,225,1818800,2224100
P3,sycl,dpcpp-ocl-jit-usm,cpu,kalman,32768,iso,226,1810600,2380400
P3,sycl,dpcpp-ocl-jit-usm,cpu,kalman,32768,iso,227,1834000,2229100
P3,sycl,dpcpp-ocl-jit-usm,cpu,kalman,32768,iso,228,1814800,2351200
P3,sycl,dpcpp-ocl-jit-usm,cpu,kalman,32768,iso,229,1814700,2200100
P3,sycl,dpcpp-ocl-jit-usm,cpu,kalman,32768,iso,230,1817200,2211500
P3,sycl,dpcpp-ocl-jit-usm,cpu,kalman,32768,iso,231,1943100,2402100
P3,sycl,dpcpp-ocl-jit-usm,cpu,kalman,32768,iso,232,1817200,2244500
P3,sycl,dpcpp-ocl-jit-usm,cpu,kalman,32768,iso,233,1816900,2383400
P3,sycl,dpcpp-ocl-jit-usm,cpu,kalman,32768,iso,234,1833500,2230000
P3,sycl,dpcpp-ocl-jit-usm,cpu,kalman,32768,iso,235,1815400,2242800
P3,sycl,dpcpp-ocl-jit-usm,cpu,kalman,32768,iso,236,2138200,2238800
P3,sycl,dpcpp-ocl-jit-usm,cpu,kalman,32768,iso,237,1815200,2240700
P3,sycl,dpcpp-ocl-jit-usm,cpu,kalman,32768,iso,238,1813700,2356000
P3,sycl,dpcpp-ocl-jit-usm,cpu,kalman,32768,iso,239,1827200,2210600
P3,sycl,dpcpp-ocl-jit-usm,cpu,kalman,32768,iso,240,1816400,2210800
P3,sycl,dpcpp-ocl-jit-usm,cpu,kalman,32768,iso,241,1957200,2430300
P3,sycl,dpcpp-ocl-jit-usm,cpu,kalman,32768,iso,242,1812200,2254400
P3,sycl,dpcpp-ocl-jit-usm,cpu,kalman,32768,iso,243,1964700,2241600
P3,sycl,dpcpp-ocl-jit-usm,cpu,kalman,32768,iso,244,1832100,2237700
P3,sycl,dpcpp-ocl-jit-usm,cpu,kalman,32768,iso,245,1827100,2364700
P3,sycl,dpcpp-ocl-jit-usm,cpu,kalman,32768,iso,246,1813700,2219300
P3,sycl,dpcpp-ocl-jit-usm,cpu,kalman,32768,iso,247,1816800,2222700
P3,sycl,dpcpp-ocl-jit-usm,cpu,kalman,32768,iso,248,1947800,2395800
P3,sycl,dpcpp-ocl-jit-usm,cpu,kalman,32768,iso,249,1822400,2230600
P3,sycl,dpcpp-ocl-jit-usm,cpu,kalman,32768,iso,250,1819100,2388200
P3,sycl,dpcpp-ocl-jit-usm,cpu,kalman,32768,iso,251,1815000,2223600
P3,sycl,dpcpp-ocl-jit-usm,cpu,kalman,32768,iso,252,1829900,2235800
P3,sycl,dpcpp-ocl-jit-usm,cpu,kalman,32768,iso,253,1951500,2228800
P3,sycl,dpcpp-ocl-jit-usm,cpu,kalman,32768,iso,254,1817200,2221100
P3,sycl,dpcpp-ocl-jit-usm,cpu,kalman,32768,iso,255,1819600,2501000
P3,sycl,dpcpp-ocl-jit-usm,cpu,kalman,32768,iso,256,1861600,2261900
P3,sycl,dpcpp-ocl-jit-usm,cpu,kalman,32768,iso,257,1811800,2383800
P3,sycl,dpcpp-ocl-jit-usm,cpu,kalman,32768,iso,258,1817800,2232400
P3,sycl,dpcpp-ocl-jit-usm,cpu,kalman,32768,iso,259,1811900,2239000
P3,sycl,dpcpp-ocl-jit-usm,cpu,kalman,32768,iso,260,1963500,2233300
P3,sycl,dpcpp-ocl-jit-usm,cpu,kalman,32768,iso,261,1820800,2220700
P3,sycl,dpcpp-ocl-jit-usm,cpu,kalman,32768,iso,262,1823300,2397300
P3,sycl,dpcpp-ocl-jit-usm,cpu,kalman,32768,iso,263,1834800,2240200
P3,sycl,dpcpp-ocl-jit-usm,cpu,kalman,32768,iso,264,1811600,2226100
P3,sycl,dpcpp-ocl-jit-usm,cpu,kalman,32768,iso,265,1956700,2427100
P3,sycl,dpcpp-ocl-jit-usm,cpu,kalman,32768,iso,266,1818200,2271800
P3,sycl,dpcpp-ocl-jit-usm,cpu,kalman,32768,iso,267,1813800,2406800
P3,sycl,dpcpp-ocl-jit-usm,cpu,kalman,32768,iso,268,1837300,2241200
P3,sycl,dpcpp-ocl-jit-usm,cpu,kalman,32768,iso,269,1811900,2226100
P3,sycl,dpcpp-ocl-jit-usm,cpu,kalman,32768,iso,270,1954600,2255900
P3,sycl,dpcpp-ocl-jit-usm,cpu,kalman,32768,iso,271,1812100,2223400
P3,sycl,dpcpp-ocl-jit-usm,cpu,kalman,32768,iso,272,1952500,2457300
P3,sycl,dpcpp-ocl-jit-usm,cpu,kalman,32768,iso,273,1830300,2309500
P3,sycl,dpcpp-ocl-jit-usm,cpu,kalman,32768,iso,274,1826600,2464400
P3,sycl,dpcpp-ocl-jit-usm,cpu,kalman,32768,iso,275,1943100,2314300
P3,sycl,dpcpp-ocl-jit-usm,cpu,kalman,32768,iso,276,1834200,2281600
P3,sycl,dpcpp-ocl-jit-usm,cpu,kalman,32768,iso,277,1955900,2297600
P3,sycl,dpcpp-ocl-jit-usm,cpu,kalman,32768,iso,278,1819400,2260400
P3,sycl,dpcpp-ocl-jit-usm,cpu,kalman,32768,iso,279,1817800,2392300
P3,sycl,dpcpp-ocl-jit-usm,cpu,kalman,32768,iso,280,1814700,2268900
P3,sycl,dpcpp-ocl-jit-usm,cpu,kalman,32768,iso,281,1822000,2380000
P3,sycl,dpcpp-ocl-jit-usm,cpu,kalman,32768,iso,282,1824400,2237000
P3,sycl,dpcpp-ocl-jit-usm,cpu,kalman,32768,iso,283,1813600,2224300
P3,sycl,dpcpp-ocl-jit-usm,cpu,kalman,32768,iso,284,1952200,2453100
P3,sycl,dpcpp-ocl-jit-usm,cpu,kalman,32768,iso,285,1818100,2274800
P3,sycl,dpcpp-ocl-jit-usm,cpu,kalman,32768,iso,286,1822300,2396400
P3,sycl,dpcpp-ocl-jit-usm,cpu,kalman,32768,iso,287,1814400,2326000
P3,sycl,dpcpp-ocl-jit-usm,cpu,kalman,32768,iso,288,1815000,2241200
P3,sycl,dpcpp-ocl-jit-usm,cpu,kalman,32768,iso,289,1952500,2234600
P3,sycl,dpcpp-ocl-jit-usm,cpu,kalman,32768,iso,290,1815600,2221500
P3,sycl,dpcpp-ocl-jit-usm,cpu,kalman,32768,iso,291,1812900,2502000
P3,sycl,dpcpp-ocl-jit-usm,cpu,kalman,32768,iso,292,1834300,2261100
P3,sycl,dpcpp-ocl-jit-usm,cpu,kalman,32768,iso,293,1815700,2233200
P3,sycl,dpcpp-ocl-jit-usm,cpu,kalman,32768,iso,294,1964200,2241700
P3,sycl,dpcpp-ocl-jit-usm,cpu,kalman,32768,iso,295,1813400,2259700
P3,sycl,dpcpp-ocl-jit-usm,cpu,kalman,32768,iso,296,1958700,2232300
P3,sycl,dpcpp-ocl-jit-usm,cpu,kalman,32768,iso,297,1818300,2216100
P3,sycl,dpcpp-ocl-jit-usm,cpu,kalman,32768,iso,298,1819000,2343000
P3,sycl,dpcpp-ocl-jit-usm,cpu,kalman,32768,iso,299,1812700,2225000
P3,sycl,dpcpp-ocl-jit-usm,cpu,kalman,32768,iso,300,1817400,2222100
P3,sycl,dpcpp-ocl-jit-usm,cpu,kalman,32768,iso,301,1948100,2383200
P3,sycl,dpcpp-ocl-jit-usm,cpu,kalman,32768,iso,302,1816000,2237700
P3,sycl,dpcpp-ocl-jit-usm,cpu,kalman,32768,iso,303,1822500,2375600
P3,sycl,dpcpp-ocl-jit-usm,cpu,kalman,32768,iso,304,1815800,2312000
P3,sycl,dpcpp-ocl-jit-usm,cpu,kalman,32768,iso,305,1817100,2216000
P3,sycl,dpcpp-ocl-jit-usm,cpu,kalman,32768,iso,306,1955900,2274900
P3,sycl,dpcpp-ocl-jit-usm,cpu,kalman,32768,iso,307,1811500,2226500
P3,sycl,dpcpp-ocl-jit-usm,cpu,kalman,32768,iso,308,1814500,2412900
P3,sycl,dpcpp-ocl-jit-usm,cpu,kalman,32768,iso,309,1956700,2269100
P3,sycl,dpcpp-ocl-jit-usm,cpu,kalman,32768,iso,310,1831600,2408400
P3,sycl,dpcpp-ocl-jit-usm,cpu,kalman,32768,iso,311,1824800,2223900
P3,sycl,dpcpp-ocl-jit-usm,cpu,kalman,32768,iso,312,1812600,2213800
P3,sycl,dpcpp-ocl-jit-usm,cpu,kalman,32768,iso,313,1949300,2236400
P3,sycl,dpcpp-ocl-jit-usm,cpu,kalman,32768,iso,314,1818400,2221400
P3,sycl,dpcpp-ocl-jit-usm,cpu,kalman,32768,iso,315,1814400,2376700
P3,sycl,dpcpp-ocl-jit-usm,cpu,kalman,32768,iso,316,1924500,2250300
P3,sycl,dpcpp-ocl-jit-usm,cpu,kalman,32768,iso,317,1836200,2225500
P3,sycl,dpcpp-ocl-jit-usm,cpu,kalman,32768,iso,318,1966000,2247600
P3,sycl,dpcpp-ocl-jit-usm,cpu,kalman,32768,iso,319,1814700,2217600
P3,sycl,dpcpp-ocl-jit-usm,cpu,kalman,32768,iso,320,1819300,2351000
P3,sycl,dpcpp-ocl-jit-usm,cpu,kalman,32768,iso,321,1824600,2212900
P3,sycl,dpcpp-ocl-jit-usm,cpu,kalman,32768,iso,322,1816100,2205100
P3,sycl,dpcpp-ocl-jit-usm,cpu,kalman,32768,iso,323,1953400,2218100
P3,sycl,dpcpp-ocl-jit-usm,cpu,kalman,32768,iso,324,1966200,2263000
P3,sycl,dpcpp-ocl-jit-usm,cpu,kalman,32768,iso,325,1818100,2576100
P3,sycl,dpcpp-ocl-jit-usm,cpu,kalman,32768,iso,326,1823900,2286800
P3,sycl,dpcpp-ocl-jit-usm,cpu,kalman,32768,iso,327,1812300,2405900
P3,sycl,dpcpp-ocl-jit-usm,cpu,kalman,32768,iso,328,1839000,2244200
P3,sycl,dpcpp-ocl-jit-usm,cpu,kalman,32768,iso,329,1812400,2231800
P3,sycl,dpcpp-ocl-jit-usm,cpu,kalman,32768,iso,330,1948100,2235700
P3,sycl,dpcpp-ocl-jit-usm,cpu,kalman,32768,iso,331,1817300,2228600
P3,sycl,dpcpp-ocl-jit-usm,cpu,kalman,32768,iso,332,1830400,2377400
P3,sycl,dpcpp-ocl-jit-usm,cpu,kalman,32768,iso,333,1937100,2264500
P3,sycl,dpcpp-ocl-jit-usm,cpu,kalman,32768,iso,334,1814800,2231700
P3,sycl,dpcpp-ocl-jit-usm,cpu,kalman,32768,iso,335,1958000,2275200
P3,sycl,dpcpp-ocl-jit-usm,cpu,kalman,32768,iso,336,1812600,2307300
P3,sycl,dpcpp-ocl-jit-usm,cpu,kalman,32768,iso,337,1812500,2350500
P3,sycl,dpcpp-ocl-jit-usm,cpu,kalman,32768,iso,338,1821800,2212500
P3,sycl,dpcpp-ocl-jit-usm,cpu,kalman,32768,iso,339,1816900,2358400
P3,sycl,dpcpp-ocl-jit-usm,cpu,kalman,32768,iso,340,1940500,2320200
P3,sycl,dpcpp-ocl-jit-usm,cpu,kalman,32768,iso,341,1815300,2274100
P3,sycl,dpcpp-ocl-jit-usm,cpu,kalman,32768,iso,342,1966900,2265900
P3,sycl,dpcpp-ocl-jit-usm,cpu,kalman,32768,iso,343,1819400,2230400
P3,sycl,dpcpp-ocl-jit-usm,cpu,kalman,32768,iso,344,1812000,2369200
P3,sycl,dpcpp-ocl-jit-usm,cpu,kalman,32768,iso,345,1823800,2222500
P3,sycl,dpcpp-ocl-jit-usm,cpu,kalman,32768,iso,346,1823800,2212800
P3,sycl,dpcpp-ocl-jit-usm,cpu,kalman,32768,iso,347,1949100,2228400
P3,sycl,dpcpp-ocl-jit-usm,cpu,kalman,32768,iso,348,1812700,2206800
P3,sycl,dpcpp-ocl-jit-usm,cpu,kalman,32768,iso,349,1811200,2547200
P3,sycl,dpcpp-ocl-jit-usm,cpu,kalman,32768,iso,350,1836700,2249600
P3,sycl,dpcpp-ocl-jit-usm,cpu,kalman,32768,iso,351,1812500,2224100
P3,sycl,dpcpp-ocl-jit-usm,cpu,kalman,32768,iso,352,1961800,2232600
P3,sycl,dpcpp-ocl-jit-usm,cpu,kalman,32768,iso,353,1818100,2223400
P3,sycl,dpcpp-ocl-jit-usm,cpu,kalman,32768,iso,354,1813800,2366900
P3,sycl,dpcpp-ocl-jit-usm,cpu,kalman,32768,iso,355,1811600,2212700
P3,sycl,dpcpp-ocl-jit-usm,cpu,kalman,32768,iso,356,1813700,2359900
P3,sycl,dpcpp-ocl-jit-usm,cpu,kalman,32768,iso,357,1940000,2268900
P3,sycl,dpcpp-ocl-jit-usm,cpu,kalman,32768,iso,358,1812400,2227000
P3,sycl,dpcpp-ocl-jit-usm,cpu,kalman,32768,iso,359,1958700,2246400
P3,sycl,dpcpp-ocl-jit-usm,cpu,kalman,32768,iso,360,1811700,2228600
P3,sycl,dpcpp-ocl-jit-usm,cpu,kalman,32768,iso,361,1826100,2357300
P3,sycl,dpcpp-ocl-jit-usm,cpu,kalman,32768,iso,362,1812000,2215700
P3,sycl,dpcpp-ocl-jit-usm,cpu,kalman,32768,iso,363,1811000,2233400
P3,sycl,dpcpp-ocl-jit-usm,cpu,kalman,32768,iso,364,1956600,2448700
P3,sycl,dpcpp-ocl-jit-usm,cpu,kalman,32768,iso,365,1814500,2276600
P3,sycl,dpcpp-ocl-jit-usm,cpu,kalman,32768,iso,366,1817000,2399000
P3,sycl,dpcpp-ocl-jit-usm,cpu,kalman,32768,iso,367,1820100,2244300
P3,sycl,dpcpp-ocl-jit-usm,cpu,kalman,32768,iso,368,1823200,2370600
P3,sycl,dpcpp-ocl-jit-usm,cpu,kalman,32768,iso,369,1818600,2228800
P3,sycl,dpcpp-ocl-jit-usm,cpu,kalman,32768,iso,370,1812100,2219300
P3,sycl,dpcpp-ocl-jit-usm,cpu,kalman,32768,iso,371,1954900,2241900
P3,sycl,dpcpp-ocl-jit-usm,cpu,kalman,32768,iso,372,1817100,2218200
P3,sycl,dpcpp-ocl-jit-usm,cpu,kalman,32768,iso,373,1820200,2387300
P3,sycl,dpcpp-ocl-jit-usm,cpu,kalman,32768,iso,374,1928100,2248700
P3,sycl,dpcpp-ocl-jit-usm,cpu,kalman,32768,iso,375,1813800,2255100
P3,sycl,dpcpp-ocl-jit-usm,cpu,kalman,32768,iso,376,1959800,2231900
P3,sycl,dpcpp-ocl-jit-usm,cpu,kalman,32768,iso,377,1813000,2223500
P3,sycl,dpcpp-ocl-jit-usm,cpu,kalman,32768,iso,378,1823300,2352500
P3,sycl,dpcpp-ocl-jit-usm,cpu,kalman,32768,iso,379,1824500,2216600
P3,sycl,dpcpp-ocl-jit-usm,cpu,kalman,32768,iso,380,1812400,2210300
P3,sycl,dpcpp-ocl-jit-usm,cpu,kalman,32768,iso,381,1949000,2388000
P3,sycl,dpcpp-ocl-jit-usm,cpu,kalman,32768,iso,382,1823800,2261200
P3,sycl,dpcpp-ocl-jit-usm,cpu,kalman,32768,iso,383,1819100,2371600
P3,sycl,dpcpp-ocl-jit-usm,cpu,kalman,32768,iso,384,1818000,2214600
P3,sycl,dpcpp-ocl-jit-usm,cpu,kalman,32768,iso,385,1816900,2364900
P3,sycl,dpcpp-ocl-jit-usm,cpu,kalman,32768,iso,386,1821900,2246900
P3,sycl,dpcpp-ocl-jit-usm,cpu,kalman,32768,iso,387,1814100,2212600
P3,sycl,dpcpp-ocl-jit-usm,cpu,kalman,32768,iso,388,1943800,2378800
P3,sycl,dpcpp-ocl-jit-usm,cpu,kalman,32768,iso,389,1817500,2243300
P3,sycl,dpcpp-ocl-jit-usm,cpu,kalman,32768,iso,390,1843900,2433600
P3,sycl,dpcpp-ocl-jit-usm,cpu,kalman,32768,iso,391,1812800,2250000
P3,sycl,dpcpp-ocl-jit-usm,cpu,kalman,32768,iso,392,1820000,2222900
P3,sycl,dpcpp-ocl-jit-usm,cpu,kalman,32768,iso,393,1950000,2249300
P3,sycl,dpcpp-ocl-jit-usm,cpu,kalman,32768,iso,394,1818900,2220500
P3,sycl,dpcpp-ocl-jit-usm,cpu,kalman,32768,iso,395,1812300,2355500
P3,sycl,dpcpp-ocl-jit-usm,cpu,kalman,32768,iso,396,1824400,2212100
P3,sycl,dpcpp-ocl-jit-usm,cpu,kalman,32768,iso,397,1823100,2219700
P3,sycl,dpcpp-ocl-jit-usm,cpu,kalman,32768,iso,398,2067400,2280000
P3,sycl,dpcpp-ocl-jit-usm,cpu,kalman,32768,iso,399,1814000,2234000
P3,sycl,dpcpp-ocl-jit-usm,cpu,kalman,32768,iso,400,1816800,2388100
P3,sycl,dpcpp-ocl-jit-usm,cpu,kalman,32768,iso,401,1831800,2219400
P3,sycl,dpcpp-ocl-jit-usm,cpu,kalman,32768,iso,402,1816500,2355300
P3,sycl,dpcpp-ocl-jit-usm,cpu,kalman,32768,iso,403,1815400,2212400
P3,sycl,dpcpp-ocl-jit-usm,cpu,kalman,32768,iso,404,1816200,2221400
P3,sycl,dpcpp-ocl-jit-usm,cpu,kalman,32768,iso,405,1942800,2376400
P3,sycl,dpcpp-ocl-jit-usm,cpu,kalman,32768,iso,406,1821100,2236000
P3,sycl,dpcpp-ocl-jit-usm,cpu,kalman,32768,iso,407,1816800,2383800
P3,sycl,dpcpp-ocl-jit-usm,cpu,kalman,32768,iso,408,1828500,2299500
P3,sycl,dpcpp-ocl-jit-usm,cpu,kalman,32768,iso,409,1820100,2213100
P3,sycl,dpcpp-ocl-jit-usm,cpu,kalman,32768,iso,410,1945000,2221200
P3,sycl,dpcpp-ocl-jit-usm,cpu,kalman,32768,iso,411,1818000,2210400
P3,sycl,dpcpp-ocl-jit-usm,cpu,kalman,32768,iso,412,1839800,2576500
P3,sycl,dpcpp-ocl-jit-usm,cpu,kalman,32768,iso,413,1825300,2294900
P3,sycl,dpcpp-ocl-jit-usm,cpu,kalman,32768,iso,414,1827200,2433800
P3,sycl,dpcpp-ocl-jit-usm,cpu,kalman,32768,iso,415,1833500,2263900
P3,sycl,dpcpp-ocl-jit-usm,cpu,kalman,32768,iso,416,1815200,2923400
P3,sycl,dpcpp-ocl-jit-usm,cpu,kalman,32768,iso,417,1902400,2319500
P3,sycl,dpcpp-ocl-jit-usm,cpu,kalman,32768,iso,418,1815500,2318600
P3,sycl,dpcpp-ocl-jit-usm,cpu,kalman,32768,iso,419,1812400,2294400
P3,sycl,dpcpp-ocl-jit-usm,cpu,kalman,32768,iso,420,1813600,2258500
P3,sycl,dpcpp-ocl-jit-usm,cpu,kalman,32768,iso,421,1823700,2263600
P3,sycl,dpcpp-ocl-jit-usm,cpu,kalman,32768,iso,422,1848600,2465800
P3,sycl,dpcpp-ocl-jit-usm,cpu,kalman,32768,iso,423,1848400,2274600
P3,sycl,dpcpp-ocl-jit-usm,cpu,kalman,32768,iso,424,1812500,2438700
P3,sycl,dpcpp-ocl-jit-usm,cpu,kalman,32768,iso,425,1889700,2255000
P3,sycl,dpcpp-ocl-jit-usm,cpu,kalman,32768,iso,426,1833900,2370600
P3,sycl,dpcpp-ocl-jit-usm,cpu,kalman,32768,iso,427,1814600,2236500
P3,sycl,dpcpp-ocl-jit-usm,cpu,kalman,32768,iso,428,1820800,2224700
P3,sycl,dpcpp-ocl-jit-usm,cpu,kalman,32768,iso,429,1943600,2410200
P3,sycl,dpcpp-ocl-jit-usm,cpu,kalman,32768,iso,430,1815300,2225000
P3,sycl,dpcpp-ocl-jit-usm,cpu,kalman,32768,iso,431,1821500,2382400
P3,sycl,dpcpp-ocl-jit-usm,cpu,kalman,32768,iso,432,1818500,2218600
P3,sycl,dpcpp-ocl-jit-usm,cpu,kalman,32768,iso,433,1811300,2235500
P3,sycl,dpcpp-ocl-jit-usm,cpu,kalman,32768,iso,434,1950000,2228300
P3,sycl,dpcpp-ocl-jit-usm,cpu,kalman,32768,iso,435,1824800,2213100
P3,sycl,dpcpp-ocl-jit-usm,cpu,kalman,32768,iso,436,1811700,2495000
P3,sycl,dpcpp-ocl-jit-usm,cpu,kalman,32768,iso,437,1839600,2245300
P3,sycl,dpcpp-ocl-jit-usm,cpu,kalman,32768,iso,438,1817800,2423300
P3,sycl,dpcpp-ocl-jit-usm,cpu,kalman,32768,iso,439,1826100,2251200
P3,sycl,dpcpp-ocl-jit-usm,cpu,kalman,32768,iso,440,1812700,2246600
P3,sycl,dpcpp-ocl-jit-usm,cpu,kalman,32768,iso,441,1946200,2240600
P3,sycl,dpcpp-ocl-jit-usm,cpu,kalman,32768,iso,442,1811600,2229400
P3,sycl,dpcpp-ocl-jit-usm,cpu,kalman,32768,iso,443,1820300,2361000
P3,sycl,dpcpp-ocl-jit-usm,cpu,kalman,32768,iso,444,1824300,2210900
P3,sycl,dpcpp-ocl-jit-usm,cpu,kalman,32768,iso,445,1841500,2277400
P3,sycl,dpcpp-ocl-jit-usm,cpu,kalman,32768,iso,446,1952800,2473000
P3,sycl,dpcpp-ocl-jit-usm,cpu,kalman,32768,iso,447,1824700,2285800
P3,sycl,dpcpp-ocl-jit-usm,cpu,kalman,32768,iso,448,1814300,2408900
P3,sycl,dpcpp-ocl-jit-usm,cpu,kalman,32768,iso,449,1821800,2250100
P3,sycl,dpcpp-ocl-jit-usm,cpu,kalman,32768,iso,450,1815900,2235100
P3,sycl,dpcpp-ocl-jit-usm,cpu,kalman,32768,iso,451,1949400,2278800
P3,sycl,dpcpp-ocl-jit-usm,cpu,kalman,32768,iso,452,1813200,2220300
P3,sycl,dpcpp-ocl-jit-usm,cpu,kalman,32768,iso,453,1818700,2531900
P3,sycl,dpcpp-ocl-jit-usm,cpu,kalman,32768,iso,454,1832600,2354900
P3,sycl,dpcpp-ocl-jit-usm,cpu,kalman,32768,iso,455,1829800,2472700
P3,sycl,dpcpp-ocl-jit-usm,cpu,kalman,32768,iso,456,1832200,2505900
P3,sycl,dpcpp-ocl-jit-usm,cpu,kalman,32768,iso,457,1825000,2321700
P3,sycl,dpcpp-ocl-jit-usm,cpu,kalman,32768,iso,458,1964900,2332200
P3,sycl,dpcpp-ocl-jit-usm,cpu,kalman,32768,iso,459,1812200,2293500
P3,sycl,dpcpp-ocl-jit-usm,cpu,kalman,32768,iso,460,1816400,2516500
P3,sycl,dpcpp-ocl-jit-usm,cpu,kalman,32768,iso,461,1825100,2254600
P3,sycl,dpcpp-ocl-jit-usm,cpu,kalman,32768,iso,462,1828800,2379100
P3,sycl,dpcpp-ocl-jit-usm,cpu,kalman,32768,iso,463,1812400,2203200
P3,sycl,dpcpp-ocl-jit-usm,cpu,kalman,32768,iso,464,1814200,2204900
P3,sycl,dpcpp-ocl-jit-usm,cpu,kalman,32768,iso,465,1956600,2252200
P3,sycl,dpcpp-ocl-jit-usm,cpu,kalman,32768,iso,466,1811600,2206900
P3,sycl,dpcpp-ocl-jit-usm,cpu,kalman,32768,iso,467,1811800,2334800
P3,sycl,dpcpp-ocl-jit-usm,cpu,kalman,32768,iso,468,1815700,2202800
P3,sycl,dpcpp-ocl-jit-usm,cpu,kalman,32768,iso,469,1816200,2218800
P3,sycl,dpcpp-ocl-jit-usm,cpu,kalman,32768,iso,470,1976200,2404500
P3,sycl,dpcpp-ocl-jit-usm,cpu,kalman,32768,iso,471,1818200,2215700
P3,sycl,dpcpp-ocl-jit-usm,cpu,kalman,32768,iso,472,1813200,2360900
P3,sycl,dpcpp-ocl-jit-usm,cpu,kalman,32768,iso,473,1836700,2206500
P3,sycl,dpcpp-ocl-jit-usm,cpu,kalman,32768,iso,474,1815100,2201700
P3,sycl,dpcpp-ocl-jit-usm,cpu,kalman,32768,iso,475,1941300,2210800
P3,sycl,dpcpp-ocl-jit-usm,cpu,kalman,32768,iso,476,1814700,2226100
P3,sycl,dpcpp-ocl-jit-usm,cpu,kalman,32768,iso,477,1811500,2501300
P3,sycl,dpcpp-ocl-jit-usm,cpu,kalman,32768,iso,478,1929000,2288300
P3,sycl,dpcpp-ocl-jit-usm,cpu,kalman,32768,iso,479,1818800,2410300
P3,sycl,dpcpp-ocl-jit-usm,cpu,kalman,32768,iso,480,1827200,2216000
P3,sycl,dpcpp-ocl-jit-usm,cpu,kalman,32768,iso,481,1822800,2204700
P3,sycl,dpcpp-ocl-jit-usm,cpu,kalman,32768,iso,482,1947200,2218600
P3,sycl,dpcpp-ocl-jit-usm,cpu,kalman,32768,iso,483,1821100,2198700
P3,sycl,dpcpp-ocl-jit-usm,cpu,kalman,32768,iso,484,1833400,2384800
P3,sycl,dpcpp-ocl-jit-usm,cpu,kalman,32768,iso,485,1930100,2251400
P3,sycl,dpcpp-ocl-jit-usm,cpu,kalman,32768,iso,486,1818600,2222900
P3,sycl,dpcpp-ocl-jit-usm,cpu,kalman,32768,iso,487,1958800,2244300
P3,sycl,dpcpp-ocl-jit-usm,cpu,kalman,32768,iso,488,1813800,2199700
P3,sycl,dpcpp-ocl-jit-usm,cpu,kalman,32768,iso,489,1813900,2357700
P3,sycl,dpcpp-ocl-jit-usm,cpu,kalman,32768,iso,490,1814900,2200200
P3,sycl,dpcpp-ocl-jit-usm,cpu,kalman,32768,iso,491,1839400,2233000
P3,sycl,dpcpp-ocl-jit-usm,cpu,kalman,32768,iso,492,1948200,2213200
P3,sycl,dpcpp-ocl-jit-usm,cpu,kalman,32768,iso,493,1817700,2205800
P3,sycl,dpcpp-ocl-jit-usm,cpu,kalman,32768,iso,494,1814800,2502300
P3,sycl,dpcpp-ocl-jit-usm,cpu,kalman,32768,iso,495,1838000,2255600
P3,sycl,dpcpp-ocl-jit-usm,cpu,kalman,32768,iso,496,1815000,2399900
P3,sycl,dpcpp-ocl-jit-usm,cpu,kalman,32768,iso,497,1817700,2238500
P3,sycl,dpcpp-ocl-jit-usm,cpu,kalman,32768,iso,498,1812100,2238700
P3,sycl,dpcpp-ocl-jit-usm,cpu,kalman,32768,iso,499,1949500,2241400
P3,sycl,dpcpp-ocl-jitprecise-usm,cpu,kalman,32768,iso,0,1693700,2293800
P3,sycl,dpcpp-ocl-jitprecise-usm,cpu,kalman,32768,iso,1,1665000,2310400
P3,sycl,dpcpp-ocl-jitprecise-usm,cpu,kalman,32768,iso,2,1689500,2072600
P3,sycl,dpcpp-ocl-jitprecise-usm,cpu,kalman,32768,iso,3,1655300,2032200
P3,sycl,dpcpp-ocl-jitprecise-usm,cpu,kalman,32768,iso,4,1790100,2067200
P3,sycl,dpcpp-ocl-jitprecise-usm,cpu,kalman,32768,iso,5,1655200,2074700
P3,sycl,dpcpp-ocl-jitprecise-usm,cpu,kalman,32768,iso,6,1695500,2379600
P3,sycl,dpcpp-ocl-jitprecise-usm,cpu,kalman,32768,iso,7,1693900,2268300
P3,sycl,dpcpp-ocl-jitprecise-usm,cpu,kalman,32768,iso,8,1682100,2196300
P3,sycl,dpcpp-ocl-jitprecise-usm,cpu,kalman,32768,iso,9,1673200,2649300
P3,sycl,dpcpp-ocl-jitprecise-usm,cpu,kalman,32768,iso,10,1756800,2391500
P3,sycl,dpcpp-ocl-jitprecise-usm,cpu,kalman,32768,iso,11,1673800,2426600
P3,sycl,dpcpp-ocl-jitprecise-usm,cpu,kalman,32768,iso,12,1677800,2225400
P3,sycl,dpcpp-ocl-jitprecise-usm,cpu,kalman,32768,iso,13,1674500,2206900
P3,sycl,dpcpp-ocl-jitprecise-usm,cpu,kalman,32768,iso,14,1816900,2204500
P3,sycl,dpcpp-ocl-jitprecise-usm,cpu,kalman,32768,iso,15,1710400,2115900
P3,sycl,dpcpp-ocl-jitprecise-usm,cpu,kalman,32768,iso,16,1708800,2301400
P3,sycl,dpcpp-ocl-jitprecise-usm,cpu,kalman,32768,iso,17,1889200,2282900
P3,sycl,dpcpp-ocl-jitprecise-usm,cpu,kalman,32768,iso,18,1727500,2135400
P3,sycl,dpcpp-ocl-jitprecise-usm,cpu,kalman,32768,iso,19,1880900,2125200
P3,sycl,dpcpp-ocl-jitprecise-usm,cpu,kalman,32768,iso,20,1721400,2104400
P3,sycl,dpcpp-ocl-jitprecise-usm,cpu,kalman,32768,iso,21,1746800,2265300
P3,sycl,dpcpp-ocl-jitprecise-usm,cpu,kalman,32768,iso,22,1729700,2117700
P3,sycl,dpcpp-ocl-jitprecise-usm,cpu,kalman,32768,iso,23,1714300,2117600
P3,sycl,dpcpp-ocl-jitprecise-usm,cpu,kalman,32768,iso,24,1716100,2496700
P3,sycl,dpcpp-ocl-jitprecise-usm,cpu,kalman,32768,iso,25,1689400,2185400
P3,sycl,dpcpp-ocl-jitprecise-usm,cpu,kalman,32768,iso,26,1681600,2082400
P3,sycl,dpcpp-ocl-jitprecise-usm,cpu,kalman,32768,iso,27,1834800,2095600
P3,sycl,dpcpp-ocl-jitprecise-usm,cpu,kalman,32768,iso,28,1717400,2119300
P3,sycl,dpcpp-ocl-jitprecise-usm,cpu,kalman,32768,iso,29,1727200,2253200
P3,sycl,dpcpp-ocl-jitprecise-usm,cpu,kalman,32768,iso,30,1718700,2113100
P3,sycl,dpcpp-ocl-jitprecise-usm,cpu,kalman,32768,iso,31,1721200,2145100
P3,sycl,dpcpp-ocl-jitprecise-usm,cpu,kalman,32768,iso,32,1869600,2129000
P3,sycl,dpcpp-ocl-jitprecise-usm,cpu,kalman,32768,iso,33,1859000,2140300
P3,sycl,dpcpp-ocl-jitprecise-usm,cpu,kalman,32768,iso,34,1728200,2301100
P3,sycl,dpcpp-ocl-jitprecise-usm,cpu,kalman,32768,iso,35,1854300,2230900
P3,sycl,dpcpp-ocl-jitprecise-usm,cpu,kalman,32768,iso,36,1732300,2157000
P3,sycl,dpcpp-ocl-jitprecise-usm,cpu,kalman,32768,iso,37,1889000,2147900
P3,sycl,dpcpp-ocl-jitprecise-usm,cpu,kalman,32768,iso,38,1729200,2129400
P3,sycl,dpcpp-ocl-jitprecise-usm,cpu,kalman,32768,iso,39,1719500,2267800
P3,sycl,dpcpp-ocl-jitprecise-usm,cpu,kalman,32768,iso,40,1737100,2157800
P3,sycl,dpcpp-ocl-jitprecise-usm,cpu,kalman,32768,iso,41,1693900,2120600
P3,sycl,dpcpp-ocl-jitprecise-usm,cpu,kalman,32768,iso,42,1833200,2411500
P3,sycl,dpcpp-ocl-jitprecise-usm,cpu,kalman,32768,iso,43,1722700,2167300
P3,sycl,dpcpp-ocl-jitprecise-usm,cpu,kalman,32768,iso,44,1688700,2339000
P3,sycl,dpcpp-ocl-jitprecise-usm,cpu,kalman,32768,iso,45,1686300,2148200
P3,sycl,dpcpp-ocl-jitprecise-usm,cpu,kalman,32768,iso,46,1677200,2147200
P3,sycl,dpcpp-ocl-jitprecise-usm,cpu,kalman,32768,iso,47,1827700,2241800
P3,sycl,dpcpp-ocl-jitprecise-usm,cpu,kalman,32768,iso,48,1676500,2156100
P3,sycl,dpcpp-ocl-jitprecise-usm,cpu,kalman,32768,iso,49,1679400,2303900
P3,sycl,dpcpp-ocl-jitprecise-usm,cpu,kalman,32768,iso,50,1824600,2330700
P3,sycl,dpcpp-ocl-jitprecise-usm,cpu,kalman,32768,iso,51,1680200,2166600
P3,sycl,dpcpp-ocl-jitprecise-usm,cpu,kalman,32768,iso,52,1829200,2164100
P3,sycl,dpcpp-ocl-jitprecise-usm,cpu,kalman,32768,iso,53,1671900,2120400
P3,sycl,dpcpp-ocl-jitprecise-usm,cpu,kalman,32768,iso,54,1670300,2262100
P3,sycl,dpcpp-ocl-jitprecise-usm,cpu,kalman,32768,iso,55,1707500,2110900
P3,sycl,dpcpp-ocl-jitprecise-usm,cpu,kalman,32768,iso,56,1669100,2094400
P3,sycl,dpcpp-ocl-jitprecise-usm,cpu,kalman,32768,iso,57,1675300,2236300
P3,sycl,dpcpp-ocl-jitprecise-usm,cpu,kalman,32768,iso,58,1673100,2132700
P3,sycl,dpcpp-ocl-jitprecise-usm,cpu,kalman,32768,iso,59,1703000,2084000
P3,sycl,dpcpp-ocl-jitprecise-usm,cpu,kalman,32768,iso,60,1846900,2310100
P3,sycl,dpcpp-ocl-jitprecise-usm,cpu,kalman,32768,iso,61,1715200,2137300
P3,sycl,dpcpp-ocl-jitprecise-usm,cpu,kalman,32768,iso,62,1677000,2269900
P3,sycl,dpcpp-ocl-jitprecise-usm,cpu,kalman,32768,iso,63,1709700,2095300
P3,sycl,dpcpp-ocl-jitprecise-usm,cpu,kalman,32768,iso,64,1670200,2088600
P3,sycl,dpcpp-ocl-jitprecise-usm,cpu,kalman,32768,iso,65,1812700,2082400
P3,sycl,dpcpp-ocl-jitprecise-usm,cpu,kalman,32768,iso,66,1671200,2068900
P3,sycl,dpcpp-ocl-jitprecise-usm,cpu,kalman,32768,iso,67,1688200,2246100
P3,sycl,dpcpp-ocl-jitprecise-usm,cpu,kalman,32768,iso,68,1801700,2165400
P3,sycl,dpcpp-ocl-jitprecise-usm,cpu,kalman,32768,iso,69,1690600,2092200
P3,sycl,dpcpp-ocl-jitprecise-usm,cpu,kalman,32768,iso,70,1671700,2252300
P3,sycl,dpcpp-ocl-jitprecise-usm,cpu,kalman,32768,iso,71,1690900,2073700
P3,sycl,dpcpp-ocl-jitprecise-usm,cpu,kalman,32768,iso,72,1670400,2089700
P3,sycl,dpcpp-ocl-jitprecise-usm,cpu,kalman,32768,iso,73,1819100,2117400
P3,sycl,dpcpp-ocl-jitprecise-usm,cpu,kalman,32768,iso,74,1671800,2076800
P3,sycl,dpcpp-ocl-jitprecise-usm,cpu,kalman,32768,iso,75,1693900,2249800
P3,sycl,dpcpp-ocl-jitprecise-usm,cpu,kalman,32768,iso,76,1810300,2168000
P3,sycl,dpcpp-ocl-jitprecise-usm,cpu,kalman,32768,iso,77,1696000,2089800
P3,sycl,dpcpp-ocl-jitprecise-usm,cpu,kalman,32768,iso,78,1824000,2112000
P3,sycl,dpcpp-ocl-jitprecise-usm,cpu,kalman,32768,iso,79,1671600,2073200
P3,sycl,dpcpp-ocl-jitprecise-usm,cpu,kalman,32768,iso,80,1668200,2211700
P3,sycl,dpcpp-ocl-jitprecise-usm,cpu,kalman,32768,iso,81,1678100,2069800
P3,sycl,dpcpp-ocl-jitprecise-usm,cpu,kalman,32768,iso,82,1670900,2073200
P3,sycl,dpcpp-ocl-jitprecise-usm,cpu,kalman,32768,iso,83,1694200,2217600
P3,sycl,dpcpp-ocl-jitprecise-usm,cpu,kalman,32768,iso,84,1707700,2156900
P3,sycl,dpcpp-ocl-jitprecise-usm,cpu,kalman,32768,iso,85,1679100,2056200
P3,sycl,dpcpp-ocl-jitprecise-usm,cpu,kalman,32768,iso,86,1942000,2181300
P3,sycl,dpcpp-ocl-jitprecise-usm,cpu,kalman,32768,iso,87,1704500,2102100
P3,sycl,dpcpp-ocl-jitprecise-usm,cpu,kalman,32768,iso,88,1671200,2227000
P3,sycl,dpcpp-ocl-jitprecise-usm,cpu,kalman,32768,iso,89,1681600,2056500
P3,sycl,dpcpp-ocl-jitprecise-usm,cpu,kalman,32768,iso,90,1654900,2062700
P3,sycl,dpcpp-ocl-jitprecise-usm,cpu,kalman,32768,iso,91,1795600,2081700
P3,sycl,dpcpp-ocl-jitprecise-usm,cpu,kalman,32768,iso,92,1655100,2031400
P3,sycl,dpcpp-ocl-jitprecise-usm,cpu,kalman,32768,iso,93,1662900,2030400
P3,sycl,dpcpp-ocl-jitprecise-usm,cpu,kalman,32768,iso,94,1940000,2172900
P3,sycl,dpcpp-ocl-jitprecise-usm,cpu,kalman,32768,iso,95,1659800,2064100
P3,sycl,dpcpp-ocl-jitprecise-usm,cpu,kalman,32768,iso,96,1652300,2225100
P3,sycl,dpcpp-ocl-jitprecise-usm,cpu,kalman,32768,iso,97,1674800,2063800
P3,sycl,dpcpp-ocl-jitprecise-usm,cpu,kalman,32768,iso,98,1674900,2040600
P3,sycl,dpcpp-ocl-jitprecise-usm,cpu,kalman,32768,iso,99,1797100,2066300
P3,sycl,dpcpp-ocl-jitprecise-usm,cpu,kalman,32768,iso,100,1652900,2033500
P3,sycl,dpcpp-ocl-jitprecise-usm,cpu,kalman,32768,iso,101,1658900,2266100
P3,sycl,dpcpp-ocl-jitprecise-usm,cpu,kalman,32768,iso,102,1816800,2124700
P3,sycl,dpcpp-ocl-jitprecise-usm,cpu,kalman,32768,iso,103,1652600,2066300
P3,sycl,dpcpp-ocl-jitprecise-usm,cpu,kalman,32768,iso,104,1656600,2258700
P3,sycl,dpcpp-ocl-jitprecise-usm,cpu,kalman,32768,iso,105,1659400,2071600
P3,sycl,dpcpp-ocl-jitprecise-usm,cpu,kalman,32768,iso,106,1698800,2053900
P3,sycl,dpcpp-ocl-jitprecise-usm,cpu,kalman,32768,iso,107,1807400,2063000
P3,sycl,dpcpp-ocl-jitprecise-usm,cpu,kalman,32768,iso,108,1687500,2059800
P3,sycl,dpcpp-ocl-jitprecise-usm,cpu,kalman,32768,iso,109,1650300,2195700
P3,sycl,dpcpp-ocl-jitprecise-usm,cpu,kalman,32768,iso,110,1684100,2087800
P3,sycl,dpcpp-ocl-jitprecise-usm,cpu,kalman,32768,iso,111,1658900,2033500
P3,sycl,dpcpp-ocl-jitprecise-usm,cpu,kalman,32768,iso,112,1795200,2280700
P3,sycl,dpcpp-ocl-jitprecise-usm,cpu,kalman,32768,iso,113,1703800,2100800
P3,sycl,dpcpp-ocl-jitprecise-usm,cpu,kalman,32768,iso,114,1683500,2232700
P3,sycl,dpcpp-ocl-jitprecise-usm,cpu,kalman,32768,iso,115,1677400,2055600
P3,sycl,dpcpp-ocl-jitprecise-usm,cpu,kalman,32768,iso,116,1653900,2039000
P3,sycl,dpcpp-ocl-jitprecise-usm,cpu,kalman,32768,iso,117,1654900,2208100
P3,sycl,dpcpp-ocl-jitprecise-usm,cpu,kalman,32768,iso,118,1691800,2040000
P3,sycl,dpcpp-ocl-jitprecise-usm,cpu,kalman,32768,iso,119,1654800,2032700
P3,sycl,dpcpp-ocl-jitprecise-usm,cpu,kalman,32768,iso,120,1801800,2245300
P3,sycl,dpcpp-ocl-jitprecise-usm,cpu,kalman,32768,iso,121,1697100,2100700
P3,sycl,dpcpp-ocl-jitprecise-usm,cpu,kalman,32768,iso,122,1689700,2218300
P3,sycl,dpcpp-ocl-jitprecise-usm,cpu,kalman,32768,iso,123,1672900,2047900
P3,sycl,dpcpp-ocl-jitprecise-usm,cpu,kalman,32768,iso,124,1655700,2041400
P3,sycl,dpcpp-ocl-jitprecise-usm,cpu,kalman,32768,iso,125,1654600,2213300
P3,sycl,dpcpp-ocl-jitprecise-usm,cpu,kalman,32768,iso,126,1689400,2046300
P3,sycl,dpcpp-ocl-jitprecise-usm,cpu,kalman,32768,iso,127,1661200,2034300
P3,sycl,dpcpp-ocl-jitprecise-usm,cpu,kalman,32768,iso,128,1809700,2313300
P3,sycl,dpcpp-ocl-jitprecise-usm,cpu,kalman,32768,iso,129,1668000,2066400
P3,sycl,dpcpp-ocl-jitprecise-usm,cpu,kalman,32768,iso,130,1687800,2241800
P3,sycl,dpcpp-ocl-jitprecise-usm,cpu,kalman,32768,iso,131,1669800,2052500
P3,sycl,dpcpp-ocl-jitprecise-usm,cpu,kalman,32768,iso,132,1659600,2043700
P3,sycl,dpcpp-ocl-jitprecise-usm,cpu,kalman,32768,iso,133,1801000,2084700
P3,sycl,dpcpp-ocl-jitprecise-usm,cpu,kalman,32768,iso,134,1668800,2047100
P3,sycl,dpcpp-ocl-jitprecise-usm,cpu,kalman,32768,iso,135,1652600,2186100
P3,sycl,dpcpp-ocl-jitprecise-usm,cpu,kalman,32768,iso,136,1683100,2089800
P3,sycl,dpcpp-ocl-jitprecise-usm,cpu,kalman,32768,iso,137,1656100,2055300
P3,sycl,dpcpp-ocl-jitprecise-usm,cpu,kalman,32768,iso,138,1684900,2410300
P3,sycl,dpcpp-ocl-jitprecise-usm,cpu,kalman,32768,iso,139,1678800,2162100
P3,sycl,dpcpp-ocl-jitprecise-usm,cpu,kalman,32768,iso,140,1657400,2071800
P3,sycl,dpcpp-ocl-jitprecise-usm,cpu,kalman,32768,iso,141,1815400,2141500
P3,sycl,dpcpp-ocl-jitprecise-usm,cpu,kalman,32768,iso,142,1683000,2071100
P3,sycl,dpcpp-ocl-jitprecise-usm,cpu,kalman,32768,iso,143,1651900,2208600
P3,sycl,dpcpp-ocl-jitprecise-usm,cpu,kalman,32768,iso,144,1671600,2053400
P3,sycl,dpcpp-ocl-jitprecise-usm,cpu,kalman,32768,iso,145,1653700,2074800
P3,sycl,dpcpp-ocl-jitprecise-usm,cpu,kalman,32768,iso,146,1655500,2390200
P3,sycl,dpcpp-ocl-jitprecise-usm,cpu,kalman,32768,iso,147,1708300,2097000
P3,sycl,dpcpp-ocl-jitprecise-usm,cpu,kalman,32768,iso,148,1651600,2057300
P3,sycl,dpcpp-ocl-jitprecise-usm,cpu,kalman,32768,iso,149,1824600,2096200
P3,sycl,dpcpp-ocl-jitprecise-usm,cpu,kalman,32768,iso,150,1668400,2082800
P3,sycl,dpcpp-ocl-jitprecise-usm,cpu,kalman,32768,iso,151,1652900,2213500
P3,sycl,dpcpp-ocl-jitprecise-usm,cpu,kalman,32768,iso,152,1664000,2069800
P3,sycl,dpcpp-ocl-jitprecise-usm,cpu,kalman,32768,iso,153,1650600,2070700
P3,sycl,dpcpp-ocl-jitprecise-usm,cpu,kalman,32768,iso,154,1799400,2255000
P3,sycl,dpcpp-ocl-jitprecise-usm,cpu,kalman,32768,iso,155,1696900,2084300
P3,sycl,dpcpp-ocl-jitprecise-usm,cpu,kalman,32768,iso,156,1653700,2215100
P3,sycl,dpcpp-ocl-jitprecise-usm,cpu,kalman,32768,iso,157,1693200,2055100
P3,sycl,dpcpp-ocl-jitprecise-usm,cpu,kalman,32768,iso,158,1662700,2067000
P3,sycl,dpcpp-ocl-jitprecise-usm,cpu,kalman,32768,iso,159,1666900,2207200
P3,sycl,dpcpp-ocl-jitprecise-usm,cpu,kalman,32768,iso,160,1659600,2053000
P3,sycl,dpcpp-ocl-jitprecise-usm,cpu,kalman,32768,iso,161,1676300,2044300
P3,sycl,dpcpp-ocl-jitprecise-usm,cpu,kalman,32768,iso,162,1810700,2089700
P3,sycl,dpcpp-ocl-jitprecise-usm,cpu,kalman,32768,iso,163,1763400,2057100
P3,sycl,dpcpp-ocl-jitprecise-usm,cpu,kalman,32768,iso,164,1655700,2222800
P3,sycl,dpcpp-ocl-jitprecise-usm,cpu,kalman,32768,iso,165,1819600,2148900
P3,sycl,dpcpp-ocl-jitprecise-usm,cpu,kalman,32768,iso,166,1680400,2072300
P3,sycl,dpcpp-ocl-jitprecise-usm,cpu,kalman,32768,iso,167,1829500,2076900
P3,sycl,dpcpp-ocl-jitprecise-usm,cpu,kalman,32768,iso,168,1653800,2045800
P3,sycl,dpcpp-ocl-jitprecise-usm,cpu,kalman,32768,iso,169,1669200,2182700
P3,sycl,dpcpp-ocl-jitprecise-usm,cpu,kalman,32768,iso,170,1685700,2044200
P3,sycl,dpcpp-ocl-jitprecise-usm,cpu,kalman,32768,iso,171,1659600,2035000
P3,sycl,dpcpp-ocl-jitprecise-usm,cpu,kalman,32768,iso,172,1650800,2345200
P3,sycl,dpcpp-ocl-jitprecise-usm,cpu,kalman,32768,iso,173,1737300,2181200
P3,sycl,dpcpp-ocl-jitprecise-usm,cpu,kalman,32768,iso,174,1653000,2077300
P3,sycl,dpcpp-ocl-jitprecise-usm,cpu,kalman,32768,iso,175,1880400,2654500
P3,sycl,dpcpp-ocl-jitprecise-usm,cpu,kalman,32768,iso,176,1672300,2164000
P3,sycl,dpcpp-ocl-jitprecise-usm,cpu,kalman,32768,iso,177,1679700,2355600
P3,sycl,dpcpp-ocl-jitprecise-usm,cpu,kalman,32768,iso,178,1662500,2126200
P3,sycl,dpcpp-ocl-jitprecise-usm,cpu,kalman,32768,iso,179,1682700,2091100
P3,sycl,dpcpp-ocl-jitprecise-usm,cpu,kalman,32768,iso,180,1736700,2300300
P3,sycl,dpcpp-ocl-jitprecise-usm,cpu,kalman,32768,iso,181,1678600,2100300
P3,sycl,dpcpp-ocl-jitprecise-usm,cpu,kalman,32768,iso,182,1662600,2292300
P3,sycl,dpcpp-ocl-jitprecise-usm,cpu,kalman,32768,iso,183,1694300,2096600
P3,sycl,dpcpp-ocl-jitprecise-usm,cpu,kalman,32768,iso,184,1652200,2090100
P3,sycl,dpcpp-ocl-jitprecise-usm,cpu,kalman,32768,iso,185,1798400,2093000
P3,sycl,dpcpp-ocl-jitprecise-usm,cpu,kalman,32768,iso,186,1691200,2072900
P3,sycl,dpcpp-ocl-jitprecise-usm,cpu,kalman,32768,iso,187,1692400,2073400
P3,sycl,dpcpp-ocl-jitprecise-usm,cpu,kalman,32768,iso,188,1860600,2149900
P3,sycl,dpcpp-ocl-jitprecise-usm,cpu,kalman,32768,iso,189,1669900,2058200
P3,sycl,dpcpp-ocl-jitprecise-usm,cpu,kalman,32768,iso,190,1652000,2260900
P3,sycl,dpcpp-ocl-jitprecise-usm,cpu,kalman,32768,iso,191,1826700,2180600
P3,sycl,dpcpp-ocl-jitprecise-usm,cpu,kalman,32768,iso,192,1682900,2093500
P3,sycl,dpcpp-ocl-jitprecise-usm,cpu,kalman,32768,iso,193,1828000,2104700
P3,sycl,dpcpp-ocl-jitprecise-usm,cpu,kalman,32768,iso,194,1655500,2072100
P3,sycl,dpcpp-ocl-jitprecise-usm,cpu,kalman,32768,iso,195,1668300,2223700
P3,sycl,dpcpp-ocl-jitprecise-usm,cpu,kalman,32768,iso,196,1693900,2058000
P3,sycl,dpcpp-ocl-jitprecise-usm,cpu,kalman,32768,iso,197,1656300,2050800
P3,sycl,dpcpp-ocl-jitprecise-usm,cpu,kalman,32768,iso,198,1793400,2341400
P3,sycl,dpcpp-ocl-jitprecise-usm,cpu,kalman,32768,iso,199,1733000,2206100
P3,sycl,dpcpp-ocl-jitprecise-usm,cpu,kalman,32768,iso,200,1670400,2318500
P3,sycl,dpcpp-ocl-jitprecise-usm,cpu,kalman,32768,iso,201,1811500,2258100
P3,sycl,dpcpp-ocl-jitprecise-usm,cpu,kalman,32768,iso,202,1670000,2139400
P3,sycl,dpcpp-ocl-jitprecise-usm,cpu,kalman,32768,iso,203,1827700,2183600
P3,sycl,dpcpp-ocl-jitprecise-usm,cpu,kalman,32768,iso,204,1660600,2104100
P3,sycl,dpcpp-ocl-jitprecise-usm,cpu,kalman,32768,iso,205,1653600,2090200
P3,sycl,dpcpp-ocl-jitprecise-usm,cpu,kalman,32768,iso,206,1811500,2101300
P3,sycl,dpcpp-ocl-jitprecise-usm,cpu,kalman,32768,iso,207,1668300,2105200
P3,sycl,dpcpp-ocl-jitprecise-usm,cpu,kalman,32768,iso,208,1655200,2228200
P3,sycl,dpcpp-ocl-jitprecise-usm,cpu,kalman,32768,iso,209,1668200,2132400
P3,sycl,dpcpp-ocl-jitprecise-usm,cpu,kalman,32768,iso,210,1658600,2054600
P3,sycl,dpcpp-ocl-jitprecise-usm,cpu,kalman,32768,iso,211,1809600,2297800
P3,sycl,dpcpp-ocl-jitprecise-usm,cpu,kalman,32768,iso,212,1719400,2164400
P3,sycl,dpcpp-ocl-jitprecise-usm,cpu,kalman,32768,iso,213,1654100,2286300
P3,sycl,dpcpp-ocl-jitprecise-usm,cpu,kalman,32768,iso,214,1704600,2465500
P3,sycl,dpcpp-ocl-jitprecise-usm,cpu,kalman,32768,iso,215,1714100,2184600
P3,sycl,dpcpp-ocl-jitprecise-usm,cpu,kalman,32768,iso,216,1830600,2172100
P3,sycl,dpcpp-ocl-jitprecise-usm,cpu,kalman,32768,iso,217,1670500,2141500
P3,sycl,dpcpp-ocl-jitprecise-usm,cpu,kalman,32768,iso,218,1669200,2283900
P3,sycl,dpcpp-ocl-jitprecise-usm,cpu,kalman,32768,iso,219,1832500,2261900
P3,sycl,dpcpp-ocl-jitprecise-usm,cpu,kalman,32768,iso,220,1686500,2177500
P3,sycl,dpcpp-ocl-jitprecise-usm,cpu,kalman,32768,iso,221,1839300,2211200
P3,sycl,dpcpp-ocl-jitprecise-usm,cpu,kalman,32768,iso,222,1675600,2162100
P3,sycl,dpcpp-ocl-jitprecise-usm,cpu,kalman,32768,iso,223,1691500,2329800
P3,sycl,dpcpp-ocl-jitprecise-usm,cpu,kalman,32768,iso,224,1678700,2143200
P3,sycl,dpcpp-ocl-jitprecise-usm,cpu,kalman,32768,iso,225,1672100,2182200
P3,sycl,dpcpp-ocl-jitprecise-usm,cpu,kalman,32768,iso,226,1817300,2134100
P3,sycl,dpcpp-ocl-jitprecise-usm,cpu,kalman,32768,iso,227,1673200,2160100
P3,sycl,dpcpp-ocl-jitprecise-usm,cpu,kalman,32768,iso,228,1652400,2074400
P3,sycl,dpcpp-ocl-jitprecise-usm,cpu,kalman,32768,iso,229,1947800,2178700
P3,sycl,dpcpp-ocl-jitprecise-usm,cpu,kalman,32768,iso,230,1693900,2127500
P3,sycl,dpcpp-ocl-jitprecise-usm,cpu,kalman,32768,iso,231,1673200,2256500
P3,sycl,dpcpp-ocl-jitprecise-usm,cpu,kalman,32768,iso,232,1665100,2072300
P3,sycl,dpcpp-ocl-jitprecise-usm,cpu,kalman,32768,iso,233,1652200,2058500
P3,sycl,dpcpp-ocl-jitprecise-usm,cpu,kalman,32768,iso,234,1798800,2084100
P3,sycl,dpcpp-ocl-jitprecise-usm,cpu,kalman,32768,iso,235,1669800,2055200
P3,sycl,dpcpp-ocl-jitprecise-usm,cpu,kalman,32768,iso,236,1653500,2208900
P3,sycl,dpcpp-ocl-jitprecise-usm,cpu,kalman,32768,iso,237,1835400,2158200
P3,sycl,dpcpp-ocl-jitprecise-usm,cpu,kalman,32768,iso,238,1664400,2083800
P3,sycl,dpcpp-ocl-jitprecise-usm,cpu,kalman,32768,iso,239,1828800,2084300
P3,sycl,dpcpp-ocl-jitprecise-usm,cpu,kalman,32768,iso,240,1652000,2067100
P3,sycl,dpcpp-ocl-jitprecise-usm,cpu,kalman,32768,iso,241,1652600,2043300
P3,sycl,dpcpp-ocl-jitprecise-usm,cpu,kalman,32768,iso,242,1806100,2082400
P3,sycl,dpcpp-ocl-jitprecise-usm,cpu,kalman,32768,iso,243,1680000,2153000
P3,sycl,dpcpp-ocl-jitprecise-usm,cpu,kalman,32768,iso,244,1710900,2407700
P3,sycl,dpcpp-ocl-jitprecise-usm,cpu,kalman,32768,iso,245,1684100,2110900
P3,sycl,dpcpp-ocl-jitprecise-usm,cpu,kalman,32768,iso,246,1660100,2106600
P3,sycl,dpcpp-ocl-jitprecise-usm,cpu,kalman,32768,iso,247,1829500,2093600
P3,sycl,dpcpp-ocl-jitprecise-usm,cpu,kalman,32768,iso,248,1657700,2058800
P3,sycl,dpcpp-ocl-jitprecise-usm,cpu,kalman,32768,iso,249,1651400,2202900
P3,sycl,dpcpp-ocl-jitprecise-usm,cpu,kalman,32768,iso,250,1674400,2120600
P3,sycl,dpcpp-ocl-jitprecise-usm,cpu,kalman,32768,iso,251,1676400,2059700
P3,sycl,dpcpp-ocl-jitprecise-usm,cpu,kalman,32768,iso,252,1652500,2201600
P3,sycl,dpcpp-ocl-jitprecise-usm,cpu,kalman,32768,iso,253,1684600,2083700
P3,sycl,dpcpp-ocl-jitprecise-usm,cpu,kalman,32768,iso,254,1669500,2034700
P3,sycl,dpcpp-ocl-jitprecise-usm,cpu,kalman,32768,iso,255,1805500,2258200
P3,sycl,dpcpp-ocl-jitprecise-usm,cpu,kalman,32768,iso,256,1691200,2082500
P3,sycl,dpcpp-ocl-jitprecise-usm,cpu,kalman,32768,iso,257,1653100,2223400
P3,sycl,dpcpp-ocl-jitprecise-usm,cpu,kalman,32768,iso,258,1690200,2052800
P3,sycl,dpcpp-ocl-jitprecise-usm,cpu,kalman,32768,iso,259,1682500,2071800
P3,sycl,dpcpp-ocl-jitprecise-usm,cpu,kalman,32768,iso,260,1794400,2076100
P3,sycl,dpcpp-ocl-jitprecise-usm,cpu,kalman,32768,iso,261,1651900,2038900
P3,sycl,dpcpp-ocl-jitprecise-usm,cpu,kalman,32768,iso,262,1672600,2038300
P3,sycl,dpcpp-ocl-jitprecise-usm,cpu,kalman,32768,iso,263,1932000,2203100
P3,sycl,dpcpp-ocl-jitprecise-usm,cpu,kalman,32768,iso,264,1672000,2086400
P3,sycl,dpcpp-ocl-jitprecise-usm,cpu,kalman,32768,iso,265,1652100,2240800
P3,sycl,dpcpp-ocl-jitprecise-usm,cpu,kalman,32768,iso,266,1682400,2059000
P3,sycl,dpcpp-ocl-jitprecise-usm,cpu,kalman,32768,iso,267,1664400,2113500
P3,sycl,dpcpp-ocl-jitprecise-usm,cpu,kalman,32768,iso,268,1812200,2068700
P3,sycl,dpcpp-ocl-jitprecise-usm,cpu,kalman,32768,iso,269,1654200,2044100
P3,sycl,dpcpp-ocl-jitprecise-usm,cpu,kalman,32768,iso,270,1662300,2208300
P3,sycl,dpcpp-ocl-jitprecise-usm,cpu,kalman,32768,iso,271,1812500,2189600
P3,sycl,dpcpp-ocl-jitprecise-usm,cpu,kalman,32768,iso,272,1659900,2076900
P3,sycl,dpcpp-ocl-jitprecise-usm,cpu,kalman,32768,iso,273,1812300,2149500
P3,sycl,dpcpp-ocl-jitprecise-usm,cpu,kalman,32768,iso,274,1656700,2064200
P3,sycl,dpcpp-ocl-jitprecise-usm,cpu,kalman,32768,iso,275,1676900,2067200
P3,sycl,dpcpp-ocl-jitprecise-usm,cpu,kalman,32768,iso,276,1807600,2070000
P3,sycl,dpcpp-ocl-jitprecise-usm,cpu,kalman,32768,iso,277,1654000,2050200
P3,sycl,dpcpp-ocl-jitprecise-usm,cpu,kalman,32768,iso,278,1652400,2194500
P3,sycl,dpcpp-ocl-jitprecise-usm,cpu,kalman,32768,iso,279,1668600,2116200
P3,sycl,dpcpp-ocl-jitprecise-usm,cpu,kalman,32768,iso,280,1666300,2052100
P3,sycl,dpcpp-ocl-jitprecise-usm,cpu,kalman,32768,iso,281,1803100,2295100
P3,sycl,dpcpp-ocl-jitprecise-usm,cpu,kalman,32768,iso,282,1698200,2083900
P3,sycl,dpcpp-ocl-jitprecise-usm,cpu,kalman,32768,iso,283,1651900,2270100
P3,sycl,dpcpp-ocl-jitprecise-usm,cpu,kalman,32768,iso,284,1664100,2061100
P3,sycl,dpcpp-ocl-jitprecise-usm,cpu,kalman,32768,iso,285,1651600,2066000
P3,sycl,dpcpp-ocl-jitprecise-usm,cpu,kalman,32768,iso,286,1655000,2206200
P3,sycl,dpcpp-ocl-jitprecise-usm,cpu,kalman,32768,iso,287,1662400,2061900
P3,sycl,dpcpp-ocl-jitprecise-usm,cpu,kalman,32768,iso,288,1661100,2035800
P3,sycl,dpcpp-ocl-jitprecise-usm,cpu,kalman,32768,iso,289,1803500,2267100
P3,sycl,dpcpp-ocl-jitprecise-usm,cpu,kalman,32768,iso,290,1728300,2110800
P3,sycl,dpcpp-ocl-jitprecise-usm,cpu,kalman,32768,iso,291,1659200,2315700
P3,sycl,dpcpp-ocl-jitprecise-usm,cpu,kalman,32768,iso,292,1674100,2055200
P3,sycl,dpcpp-ocl-jitprecise-usm,cpu,kalman,32768,iso,293,1656100,2064500
P3,sycl,dpcpp-ocl-jitprecise-usm,cpu,kalman,32768,iso,294,1793500,2072900
P3,sycl,dpcpp-ocl-jitprecise-usm,cpu,kalman,32768,iso,295,1653800,2034900
P3,sycl,dpcpp-ocl-jitprecise-usm,cpu,kalman,32768,iso,296,1669200,2041300
P3,sycl,dpcpp-ocl-jitprecise-usm,cpu,kalman,32768,iso,297,1931800,2192400
P3,sycl,dpcpp-ocl-jitprecise-usm,cpu,kalman,32768,iso,298,1660000,2075400
P3,sycl,dpcpp-ocl-jitprecise-usm,cpu,kalman,32768,iso,299,1652600,2225300
P3,sycl,dpcpp-ocl-jitprecise-usm,cpu,kalman,32768,iso,300,1688700,2060400
P3,sycl,dpcpp-ocl-jitprecise-usm,cpu,kalman,32768,iso,301,1673300,2046300
P3,sycl,dpcpp-ocl-jitprecise-usm,cpu,kalman,32768,iso,302,1801100,2067400
P3,sycl,dpcpp-ocl-jitprecise-usm,cpu,kalman,32768,iso,303,1653800,2036200
P3,sycl,dpcpp-ocl-jitprecise-usm,cpu,kalman,32768,iso,304,1670400,2240500
P3,sycl,dpcpp-ocl-jitprecise-usm,cpu,kalman,32768,iso,305,1694200,2103400
P3,sycl,dpcpp-ocl-jitprecise-usm,cpu,kalman,32768,iso,306,1660600,2065300
P3,sycl,dpcpp-ocl-jitprecise-usm,cpu,kalman,32768,iso,307,1651800,2415400
P3,sycl,dpcpp-ocl-jitprecise-usm,cpu,kalman,32768,iso,308,1691800,2172600
P3,sycl,dpcpp-ocl-jitprecise-usm,cpu,kalman,32768,iso,309,1695100,2076600
P3,sycl,dpcpp-ocl-jitprecise-usm,cpu,kalman,32768,iso,310,1826900,2086200
P3,sycl,dpcpp-ocl-jitprecise-usm,cpu,kalman,32768,iso,311,1745000,2065800
P3,sycl,dpcpp-ocl-jitprecise-usm,cpu,kalman,32768,iso,312,1689500,2219400
P3,sycl,dpcpp-ocl-jitprecise-usm,cpu,kalman,32768,iso,313,1690000,2055400
P3,sycl,dpcpp-ocl-jitprecise-usm,cpu,kalman,32768,iso,314,1652400,2043500
P3,sycl,dpcpp-ocl-jitprecise-usm,cpu,kalman,32768,iso,315,1797200,2253500
P3,sycl,dpcpp-ocl-jitprecise-usm,cpu,kalman,32768,iso,316,1717900,2115200
P3,sycl,dpcpp-ocl-jitprecise-usm,cpu,kalman,32768,iso,317,1674200,2232700
P3,sycl,dpcpp-ocl-jitprecise-usm,cpu,kalman,32768,iso,318,1672300,2065100
P3,sycl,dpcpp-ocl-jitprecise-usm,cpu,kalman,32768,iso,319,1667400,2040800
P3,sycl,dpcpp-ocl-jitprecise-usm,cpu,kalman,32768,iso,320,1657400,2222800
P3,sycl,dpcpp-ocl-jitprecise-usm,cpu,kalman,32768,iso,321,1671000,2042600
P3,sycl,dpcpp-ocl-jitprecise-usm,cpu,kalman,32768,iso,322,1650000,2031200
P3,sycl,dpcpp-ocl-jitprecise-usm,cpu,kalman,32768,iso,323,1806400,2242000
P3,sycl,dpcpp-ocl-jitprecise-usm,cpu,kalman,32768,iso,324,1695100,2110600
P3,sycl,dpcpp-ocl-jitprecise-usm,cpu,kalman,32768,iso,325,1654600,2220900
P3,sycl,dpcpp-ocl-jitprecise-usm,cpu,kalman,32768,iso,326,1668900,2043700
P3,sycl,dpcpp-ocl-jitprecise-usm,cpu,kalman,32768,iso,327,1653800,2038000
P3,sycl,dpcpp-ocl-jitprecise-usm,cpu,kalman,32768,iso,328,1794700,2109600
P3,sycl,dpcpp-ocl-jitprecise-usm,cpu,kalman,32768,iso,329,1673400,2051500
P3,sycl,dpcpp-ocl-jitprecise-usm,cpu,kalman,32768,iso,330,1653000,2039500
P3,sycl,dpcpp-ocl-jitprecise-usm,cpu,kalman,32768,iso,331,1807200,2077700
P3,sycl,dpcpp-ocl-jitprecise-usm,cpu,kalman,32768,iso,332,1687500,2075700
P3,sycl,dpcpp-ocl-jitprecise-usm,cpu,kalman,32768,iso,333,1671800,2232700
P3,sycl,dpcpp-ocl-jitprecise-usm,cpu,kalman,32768,iso,334,1803200,2149100
P3,sycl,dpcpp-ocl-jitprecise-usm,cpu,kalman,32768,iso,335,1660800,2063100
P3,sycl,dpcpp-ocl-jitprecise-usm,cpu,kalman,32768,iso,336,1815300,2134000
P3,sycl,dpcpp-ocl-jitprecise-usm,cpu,kalman,32768,iso,337,1660900,2061900
P3,sycl,dpcpp-ocl-jitprecise-usm,cpu,kalman,32768,iso,338,1652900,2200800
P3,sycl,dpcpp-ocl-jitprecise-usm,cpu,kalman,32768,iso,339,1675700,2046300
P3,sycl,dpcpp-ocl-jitprecise-usm,cpu,kalman,32768,iso,340,1654000,2058400
P3,sycl,dpcpp-ocl-jitprecise-usm,cpu,kalman,32768,iso,341,1651800,2365100
P3,sycl,dpcpp-ocl-jitprecise-usm,cpu,kalman,32768,iso,342,1676200,2147300
P3,sycl,dpcpp-ocl-jitprecise-usm,cpu,kalman,32768,iso,343,1661900,2058500
P3,sycl,dpcpp-ocl-jitprecise-usm,cpu,kalman,32768,iso,344,1819400,2110600
P3,sycl,dpcpp-ocl-jitprecise-usm,cpu,kalman,32768,iso,345,1676000,2146200
P3,sycl,dpcpp-ocl-jitprecise-usm,cpu,kalman,32768,iso,346,1654900,2197000
P3,sycl,dpcpp-ocl-jitprecise-usm,cpu,kalman,32768,iso,347,1666500,2046500
P3,sycl,dpcpp-ocl-jitprecise-usm,cpu,kalman,32768,iso,348,1651600,2063800
P3,sycl,dpcpp-ocl-jitprecise-usm,cpu,kalman,32768,iso,349,1812000,2260700
P3,sycl,dpcpp-ocl-jitprecise-usm,cpu,kalman,32768,iso,350,1679300,2062400
P3,sycl,dpcpp-ocl-jitprecise-usm,cpu,kalman,32768,iso,351,1656400,2210700
P3,sycl,dpcpp-ocl-jitprecise-usm,cpu,kalman,32768,iso,352,1688000,2075900
P3,sycl,dpcpp-ocl-jitprecise-usm,cpu,kalman,32768,iso,353,1703100,2077600
P3,sycl,dpcpp-ocl-jitprecise-usm,cpu,kalman,32768,iso,354,1673000,2198800
P3,sycl,dpcpp-ocl-jitprecise-usm,cpu,kalman,32768,iso,355,1665100,2078200
P3,sycl,dpcpp-ocl-jitprecise-usm,cpu,kalman,32768,iso,356,1657800,2050800
P3,sycl,dpcpp-ocl-jitprecise-usm,cpu,kalman,32768,iso,357,1817500,2068200
P3,sycl,dpcpp-ocl-jitprecise-usm,cpu,kalman,32768,iso,358,1687100,2063300
P3,sycl,dpcpp-ocl-jitprecise-usm,cpu,kalman,32768,iso,359,1654000,2208600
P3,sycl,dpcpp-ocl-jitprecise-usm,cpu,kalman,32768,iso,360,1830700,2159600
P3,sycl,dpcpp-ocl-jitprecise-usm,cpu,kalman,32768,iso,361,1671700,2082900
P3,sycl,dpcpp-ocl-jitprecise-usm,cpu,kalman,32768,iso,362,1803900,2147900
P3,sycl,dpcpp-ocl-jitprecise-usm,cpu,kalman,32768,iso,363,1657500,2074300
P3,sycl,dpcpp-ocl-jitprecise-usm,cpu,kalman,32768,iso,364,1673900,2060200
P3,sycl,dpcpp-ocl-jitprecise-usm,cpu,kalman,32768,iso,365,1818300,2091900
P3,sycl,dpcpp-ocl-jitprecise-usm,cpu,kalman,32768,iso,366,1652200,2051800
P3,sycl,dpcpp-ocl-jitprecise-usm,cpu,kalman,32768,iso,367,1656300,2253200
P3,sycl,dpcpp-ocl-jitprecise-usm,cpu,kalman,32768,iso,368,1816400,2169000
P3,sycl,dpcpp-ocl-jitprecise-usm,cpu,kalman,32768,iso,369,1662300,2077800
P3,sycl,dpcpp-ocl-jitprecise-usm,cpu,kalman,32768,iso,370,1817500,2102400
P3,sycl,dpcpp-ocl-jitprecise-usm,cpu,kalman,32768,iso,371,1653600,2056600
P3,sycl,dpcpp-ocl-jitprecise-usm,cpu,kalman,32768,iso,372,1674400,2217400
P3,sycl,dpcpp-ocl-jitprecise-usm,cpu,kalman,32768,iso,373,1676100,2068700
P3,sycl,dpcpp-ocl-jitprecise-usm,cpu,kalman,32768,iso,374,1654300,2042900
P3,sycl,dpcpp-ocl-jitprecise-usm,cpu,kalman,32768,iso,375,1652000,2440300
P3,sycl,dpcpp-ocl-jitprecise-usm,cpu,kalman,32768,iso,376,1706600,2140000
P3,sycl,dpcpp-ocl-jitprecise-usm,cpu,kalman,32768,iso,377,1653800,2085100
P3,sycl,dpcpp-ocl-jitprecise-usm,cpu,kalman,32768,iso,378,1824000,2076800
P3,sycl,dpcpp-ocl-jitprecise-usm,cpu,kalman,32768,iso,379,1653800,2068000
P3,sycl,dpcpp-ocl-jitprecise-usm,cpu,kalman,32768,iso,380,1654400,2198400
P3,sycl,dpcpp-ocl-jitprecise-usm,cpu,kalman,32768,iso,381,1668400,2070800
P3,sycl,dpcpp-ocl-jitprecise-usm,cpu,kalman,32768,iso,382,1668300,2033600
P3,sycl,dpcpp-ocl-jitprecise-usm,cpu,kalman,32768,iso,383,1796400,2083900
P3,sycl,dpcpp-ocl-jitprecise-usm,cpu,kalman,32768,iso,384,1699100,2054700
P3,sycl,dpcpp-ocl-jitprecise-usm,cpu,kalman,32768,iso,385,1651300,2031200
P3,sycl,dpcpp-ocl-jitprecise-usm,cpu,kalman,32768,iso,386,1963700,2210100
P3,sycl,dpcpp-ocl-jitprecise-usm,cpu,kalman,32768,iso,387,1689000,2152600
P3,sycl,dpcpp-ocl-jitprecise-usm,cpu,kalman,32768,iso,388,1657600,2259400
P3,sycl,dpcpp-ocl-jitprecise-usm,cpu,kalman,32768,iso,389,1663200,2091300
P3,sycl,dpcpp-ocl-jitprecise-usm,cpu,kalman,32768,iso,390,1670600,2060600
P3,sycl,dpcpp-ocl-jitprecise-usm,cpu,kalman,32768,iso,391,1800200,2096200
P3,sycl,dpcpp-ocl-jitprecise-usm,cpu,kalman,32768,iso,392,1652800,2052000
P3,sycl,dpcpp-ocl-jitprecise-usm,cpu,kalman,32768,iso,393,1653700,2224100
P3,sycl,dpcpp-ocl-jitprecise-usm,cpu,kalman,32768,iso,394,1793600,2139800
P3,sycl,dpcpp-ocl-jitprecise-usm,cpu,kalman,32768,iso,395,1661300,2077100
P3,sycl,dpcpp-ocl-jitprecise-usm,cpu,kalman,32768,iso,396,1812200,2082200
P3,sycl,dpcpp-ocl-jitprecise-usm,cpu,kalman,32768,iso,397,1656300,2043400
P3,sycl,dpcpp-ocl-jitprecise-usm,cpu,kalman,32768,iso,398,1654300,2040700
P3,sycl,dpcpp-ocl-jitprecise-usm,cpu,kalman,32768,iso,399,1807400,2070600
P3,sycl,dpcpp-ocl-jitprecise-usm,cpu,kalman,32768,iso,400,1652300,2036200
P3,sycl,dpcpp-ocl-jitprecise-usm,cpu,kalman,32768,iso,401,1652700,2214300
P3,sycl,dpcpp-ocl-jitprecise-usm,cpu,kalman,32768,iso,402,1795000,2136400
P3,sycl,dpcpp-ocl-jitprecise-usm,cpu,kalman,32768,iso,403,1664600,2066000
P3,sycl,dpcpp-ocl-jitprecise-usm,cpu,kalman,32768,iso,404,1812200,2075100
P3,sycl,dpcpp-ocl-jitprecise-usm,cpu,kalman,32768,iso,405,1653100,2041600
P3,sycl,dpcpp-ocl-jitprecise-usm,cpu,kalman,32768,iso,406,1654400,2199400
P3,sycl,dpcpp-ocl-jitprecise-usm,cpu,kalman,32768,iso,407,1667700,2050500
P3,sycl,dpcpp-ocl-jitprecise-usm,cpu,kalman,32768,iso,408,1652200,2028700
P3,sycl,dpcpp-ocl-jitprecise-usm,cpu,kalman,32768,iso,409,1650000,2191200
P3,sycl,dpcpp-ocl-jitprecise-usm,cpu,kalman,32768,iso,410,1663800,2100800
P3,sycl,dpcpp-ocl-jitprecise-usm,cpu,kalman,32768,iso,411,1684100,2033400
P3,sycl,dpcpp-ocl-jitprecise-usm,cpu,kalman,32768,iso,412,1801000,2248500
P3,sycl,dpcpp-ocl-jitprecise-usm,cpu,kalman,32768,iso,413,1699400,2080600
P3,sycl,dpcpp-ocl-jitprecise-usm,cpu,kalman,32768,iso,414,1651600,2267800
P3,sycl,dpcpp-ocl-jitprecise-usm,cpu,kalman,32768,iso,415,1700300,2091300
P3,sycl,dpcpp-ocl-jitprecise-usm,cpu,kalman,32768,iso,416,1655500,2062600
P3,sycl,dpcpp-ocl-jitprecise-usm,cpu,kalman,32768,iso,417,1654700,2243000
P3,sycl,dpcpp-ocl-jitprecise-usm,cpu,kalman,32768,iso,418,1656300,2054200
P3,sycl,dpcpp-ocl-jitprecise-usm,cpu,kalman,32768,iso,419,1686200,2051500
P3,sycl,dpcpp-ocl-jitprecise-usm,cpu,kalman,32768,iso,420,1926700,2136000
P3,sycl,dpcpp-ocl-jitprecise-usm,cpu,kalman,32768,iso,421,1696700,2092500
P3,sycl,dpcpp-ocl-jitprecise-usm,cpu,kalman,32768,iso,422,1655600,2324700
P3,sycl,dpcpp-ocl-jitprecise-usm,cpu,kalman,32768,iso,423,1688200,2055400
P3,sycl,dpcpp-ocl-jitprecise-usm,cpu,kalman,32768,iso,424,1653900,2043600
P3,sycl,dpcpp-ocl-jitprecise-usm,cpu,kalman,32768,iso,425,1798200,2068600
P3,sycl,dpcpp-ocl-jitprecise-usm,cpu,kalman,32768,iso,426,1653900,2035100
P3,sycl,dpcpp-ocl-jitprecise-usm,cpu,kalman,32768,iso,427,1661300,2207900
P3,sycl,dpcpp-ocl-jitprecise-usm,cpu,kalman,32768,iso,428,1808800,2180000
P3,sycl,dpcpp-ocl-jitprecise-usm,cpu,kalman,32768,iso,429,1658700,2066600
P3,sycl,dpcpp-ocl-jitprecise-usm,cpu,kalman,32768,iso,430,1654900,2232500
P3,sycl,dpcpp-ocl-jitprecise-usm,cpu,kalman,32768,iso,431,1672400,2049300
P3,sycl,dpcpp-ocl-jitprecise-usm,cpu,kalman,32768,iso,432,1652100,2041900
P3,sycl,dpcpp-ocl-jitprecise-usm,cpu,kalman,32768,iso,433,1801700,2061500
P3,sycl,dpcpp-ocl-jitprecise-usm,cpu,kalman,32768,iso,434,1653500,2034900
P3,sycl,dpcpp-ocl-jitprecise-usm,cpu,kalman,32768,iso,435,1675800,2200700
P3,sycl,dpcpp-ocl-jitprecise-usm,cpu,kalman,32768,iso,436,1671300,2078900
P3,sycl,dpcpp-ocl-jitprecise-usm,cpu,kalman,32768,iso,437,1656500,2034000
P3,sycl,dpcpp-ocl-jitprecise-usm,cpu,kalman,32768,iso,438,1651200,2386600
P3,sycl,dpcpp-ocl-jitprecise-usm,cpu,kalman,32768,iso,439,1674400,2171000
P3,sycl,dpcpp-ocl-jitprecise-usm,cpu,kalman,32768,iso,440,2284700,2121900
P3,sycl,dpcpp-ocl-jitprecise-usm,cpu,kalman,32768,iso,441,1667300,2112900
P3,sycl,dpcpp-ocl-jitprecise-usm,cpu,kalman,32768,iso,442,1680100,2104000
P3,sycl,dpcpp-ocl-jitprecise-usm,cpu,kalman,32768,iso,443,1662200,2257900
P3,sycl,dpcpp-ocl-jitprecise-usm,cpu,kalman,32768,iso,444,1675300,2119500
P3,sycl,dpcpp-ocl-jitprecise-usm,cpu,kalman,32768,iso,445,1673300,2109200
P3,sycl,dpcpp-ocl-jitprecise-usm,cpu,kalman,32768,iso,446,1716700,2302200
P3,sycl,dpcpp-ocl-jitprecise-usm,cpu,kalman,32768,iso,447,1721900,2139400
P3,sycl,dpcpp-ocl-jitprecise-usm,cpu,kalman,32768,iso,448,1670200,2215000
P3,sycl,dpcpp-ocl-jitprecise-usm,cpu,kalman,32768,iso,449,1672100,2103800
P3,sycl,dpcpp-ocl-jitprecise-usm,cpu,kalman,32768,iso,450,1669800,2118500
P3,sycl,dpcpp-ocl-jitprecise-usm,cpu,kalman,32768,iso,451,1805900,2094400
P3,sycl,dpcpp-ocl-jitprecise-usm,cpu,kalman,32768,iso,452,1706100,2101800
P3,sycl,dpcpp-ocl-jitprecise-usm,cpu,kalman,32768,iso,453,1662100,2216800
P3,sycl,dpcpp-ocl-jitprecise-usm,cpu,kalman,32768,iso,454,1822400,2191100
P3,sycl,dpcpp-ocl-jitprecise-usm,cpu,kalman,32768,iso,455,1686100,2099800
P3,sycl,dpcpp-ocl-jitprecise-usm,cpu,kalman,32768,iso,456,1654400,2271200
P3,sycl,dpcpp-ocl-jitprecise-usm,cpu,kalman,32768,iso,457,1662400,2058700
P3,sycl,dpcpp-ocl-jitprecise-usm,cpu,kalman,32768,iso,458,1674000,2049400
P3,sycl,dpcpp-ocl-jitprecise-usm,cpu,kalman,32768,iso,459,1805800,2078300
P3,sycl,dpcpp-ocl-jitprecise-usm,cpu,kalman,32768,iso,460,1660700,2038600
P3,sycl,dpcpp-ocl-jitprecise-usm,cpu,kalman,32768,iso,461,1653600,2192700
P3,sycl,dpcpp-ocl-jitprecise-usm,cpu,kalman,32768,iso,462,1699000,2087800
P3,sycl,dpcpp-ocl-jitprecise-usm,cpu,kalman,32768,iso,463,1659500,2047200
P3,sycl,dpcpp-ocl-jitprecise-usm,cpu,kalman,32768,iso,464,1812800,2285600
P3,sycl,dpcpp-ocl-jitprecise-usm,cpu,kalman,32768,iso,465,1702200,2096200
P3,sycl,dpcpp-ocl-jitprecise-usm,cpu,kalman,32768,iso,466,1676000,2246900
P3,sycl,dpcpp-ocl-jitprecise-usm,cpu,kalman,32768,iso,467,1673600,2079500
P3,sycl,dpcpp-ocl-jitprecise-usm,cpu,kalman,32768,iso,468,1654300,2049900
P3,sycl,dpcpp-ocl-jitprecise-usm,cpu,kalman,32768,iso,469,1653300,2226700
P3,sycl,dpcpp-ocl-jitprecise-usm,cpu,kalman,32768,iso,470,1668700,2053500
P3,sycl,dpcpp-ocl-jitprecise-usm,cpu,kalman,32768,iso,471,1655000,2100500
P3,sycl,dpcpp-ocl-jitprecise-usm,cpu,kalman,32768,iso,472,1822700,2351700
P3,sycl,dpcpp-ocl-jitprecise-usm,cpu,kalman,32768,iso,473,1665100,2202100
P3,sycl,dpcpp-ocl-jitprecise-usm,cpu,kalman,32768,iso,474,1653600,2338500
P3,sycl,dpcpp-ocl-jitprecise-usm,cpu,kalman,32768,iso,475,1692500,2412000
P3,sycl,dpcpp-ocl-jitprecise-usm,cpu,kalman,32768,iso,476,1683300,2180000
P3,sycl,dpcpp-ocl-jitprecise-usm,cpu,kalman,32768,iso,477,1832700,2195800
P3,sycl,dpcpp-ocl-jitprecise-usm,cpu,kalman,32768,iso,478,1675900,2131000
P3,sycl,dpcpp-ocl-jitprecise-usm,cpu,kalman,32768,iso,479,1659300,2289500
P3,sycl,dpcpp-ocl-jitprecise-usm,cpu,kalman,32768,iso,480,1798800,2196400
P3,sycl,dpcpp-ocl-jitprecise-usm,cpu,kalman,32768,iso,481,1664000,2127200
P3,sycl,dpcpp-ocl-jitprecise-usm,cpu,kalman,32768,iso,482,1813200,2114400
P3,sycl,dpcpp-ocl-jitprecise-usm,cpu,kalman,32768,iso,483,1652700,2091000
P3,sycl,dpcpp-ocl-jitprecise-usm,cpu,kalman,32768,iso,484,1663400,2237700
P3,sycl,dpcpp-ocl-jitprecise-usm,cpu,kalman,32768,iso,485,1691400,2075500
P3,sycl,dpcpp-ocl-jitprecise-usm,cpu,kalman,32768,iso,486,1651300,2061500
P3,sycl,dpcpp-ocl-jitprecise-usm,cpu,kalman,32768,iso,487,1658200,2213700
P3,sycl,dpcpp-ocl-jitprecise-usm,cpu,kalman,32768,iso,488,1679300,2099000
P3,sycl,dpcpp-ocl-jitprecise-usm,cpu,kalman,32768,iso,489,1675800,2249400
P3,sycl,dpcpp-ocl-jitprecise-usm,cpu,kalman,32768,iso,490,1951700,2154200
P3,sycl,dpcpp-ocl-jitprecise-usm,cpu,kalman,32768,iso,491,1690100,2123600
P3,sycl,dpcpp-ocl-jitprecise-usm,cpu,kalman,32768,iso,492,1669300,2255900
P3,sycl,dpcpp-ocl-jitprecise-usm,cpu,kalman,32768,iso,493,1690100,2070000
P3,sycl,dpcpp-ocl-jitprecise-usm,cpu,kalman,32768,iso,494,1653400,2057300
P3,sycl,dpcpp-ocl-jitprecise-usm,cpu,kalman,32768,iso,495,1793900,2092000
P3,sycl,dpcpp-ocl-jitprecise-usm,cpu,kalman,32768,iso,496,1676500,2065300
P3,sycl,dpcpp-ocl-jitprecise-usm,cpu,kalman,32768,iso,497,1670500,2195900
P3,sycl,dpcpp-ocl-jitprecise-usm,cpu,kalman,32768,iso,498,1804300,2123100
P3,sycl,dpcpp-ocl-jitprecise-usm,cpu,kalman,32768,iso,499,1690600,2089300
